date,asset_id,available,available_from,available_until,reason_unavailable
2023-01-01,BA349,NO,,,In Use Elsewhere
2023-01-01,DY138,YES,00:00,23:59,
2023-01-01,DY194,YES,00:00,23:59,
2023-01-01,DY216,YES,00:00,23:59,
2023-01-01,DY328,YES,00:00,23:59,
2023-01-01,OH077,YES,00:00,23:59,
2023-01-01,OH080,YES,00:00,23:59,
2023-01-01,OH333,YES,00:00,23:59,
2023-01-01,OH366,YES,00:00,23:59,
2023-01-01,RA031,YES,00:00,23:59,
2023-01-01,RA048,YES,00:00,23:59,
2023-01-01,RA116,YES,00:00,23:59,
2023-01-01,RA241,YES,00:00,23:59,
2023-01-01,RA360,YES,00:00,23:59,
2023-01-01,RA375,YES,00:00,23:59,
2023-01-01,TA063,YES,00:00,23:59,
2023-01-01,TA218,YES,00:00,23:59,
2023-01-01,TA361,YES,00:00,23:59,
2023-01-01,TO038,YES,00:00,23:59,
2023-01-01,TO101,YES,00:00,23:59,
2023-01-01,TO175,YES,00:00,23:59,
2023-01-01,TO228,YES,00:00,23:59,
2023-01-02,BA094,NO,,,In Use Elsewhere
2023-01-02,DY017,YES,00:00,23:59,
2023-01-02,DY070,YES,00:00,23:59,
2023-01-02,DY232,YES,00:00,23:59,
2023-01-02,OH026,YES,00:00,23:59,
2023-01-02,OH189,YES,00:00,23:59,
2023-01-02,OH382,YES,00:00,23:59,
2023-01-02,RA051,YES,00:00,23:59,
2023-01-02,RA085,YES,00:00,23:59,
2023-01-02,RA206,YES,00:00,23:59,
2023-01-02,RA231,YES,00:00,23:59,
2023-01-02,RA307,NO,,,In Use Elsewhere
2023-01-02,TA034,YES,00:00,23:59,
2023-01-02,TA065,YES,00:00,23:59,
2023-01-02,TA075,NO,,,Breakdown
2023-01-02,TA154,YES,00:00,23:59,
2023-01-02,TA211,YES,00:00,23:59,
2023-01-02,TA227,YES,00:00,23:59,
2023-01-02,TA285,YES,00:00,23:59,
2023-01-02,TA302,YES,00:00,23:59,
2023-01-02,TO041,YES,00:00,23:59,
2023-01-02,TO272,YES,00:00,23:59,
2023-01-02,TO284,YES,00:00,23:59,
2023-01-04,BA022,YES,00:00,23:59,
2023-01-04,BA266,YES,00:00,23:59,
2023-01-04,BA358,YES,00:00,23:59,
2023-01-04,DY124,NO,,,In Use Elsewhere
2023-01-04,DY327,YES,00:00,23:59,
2023-01-04,DY389,YES,00:00,23:59,
2023-01-04,OH046,YES,00:00,23:59,
2023-01-04,OH092,YES,00:00,23:59,
2023-01-04,OH312,YES,00:00,23:59,
2023-01-04,OH368,YES,00:00,23:59,
2023-01-04,RA085,YES,00:00,23:59,
2023-01-04,RA252,YES,00:00,23:59,
2023-01-04,RA363,YES,00:00,23:59,
2023-01-04,RA378,YES,00:00,23:59,
2023-01-04,RA387,YES,00:00,23:59,
2023-01-04,TA074,NO,,,Breakdown
2023-01-04,TA089,YES,00:00,23:59,
2023-01-04,TA107,YES,00:00,23:59,
2023-01-04,TA171,YES,00:00,23:59,
2023-01-04,TA199,YES,00:00,23:59,
2023-01-04,TA283,YES,00:00,23:59,
2023-01-04,TA394,YES,00:00,23:59,
2023-01-04,TO038,NO,,,Breakdown
2023-01-04,TO112,YES,00:00,23:59,
2023-01-04,TO123,YES,00:00,23:59,
2023-01-05,BA153,YES,00:00,23:59,
2023-01-05,BA293,YES,00:00,23:59,
2023-01-05,BA383,NO,,,Breakdown
2023-01-05,BA386,YES,00:00,23:59,
2023-01-05,DY219,YES,00:00,23:59,
2023-01-05,DY321,YES,00:00,23:59,
2023-01-05,DY389,YES,00:00,23:59,
2023-01-05,OH082,YES,00:00,23:59,
2023-01-05,OH191,YES,00:00,23:59,
2023-01-05,OH245,YES,00:00,23:59,
2023-01-05,OH382,YES,00:00,23:59,
2023-01-05,OH395,YES,00:00,23:59,
2023-01-05,RA136,NO,,,Breakdown
2023-01-05,RA240,YES,00:00,23:59,
2023-01-05,RA286,YES,00:00,23:59,
2023-01-05,TA049,YES,00:00,23:59,
2023-01-05,TA054,YES,00:00,23:59,
2023-01-05,TA074,YES,00:00,23:59,
2023-01-05,TA108,NO,,,In Use Elsewhere
2023-01-05,TA396,YES,00:00,23:59,
2023-01-05,TO166,YES,00:00,23:59,
2023-01-05,TO179,YES,00:00,23:59,
2023-01-05,TO258,YES,00:00,23:59,
2023-01-05,TO267,YES,00:00,23:59,
2023-01-06,BA079,YES,00:00,23:59,
2023-01-06,BA095,YES,00:00,23:59,
2023-01-06,BA297,YES,00:00,23:59,
2023-01-06,BA304,YES,00:00,23:59,
2023-01-06,BA342,YES,00:00,23:59,
2023-01-06,DY070,YES,00:00,23:59,
2023-01-06,DY161,NO,,,Scheduled Maintenance
2023-01-06,DY169,NO,,,In Use Elsewhere
2023-01-06,DY224,YES,00:00,23:59,
2023-01-06,DY232,NO,,,In Use Elsewhere
2023-01-06,DY380,YES,00:00,23:59,
2023-01-06,OH019,NO,,,Scheduled Maintenance
2023-01-06,OH088,YES,00:00,23:59,
2023-01-06,OH270,YES,00:00,23:59,
2023-01-06,OH296,YES,00:00,23:59,
2023-01-06,OH352,YES,00:00,23:59,
2023-01-06,OH357,NO,,,Breakdown
2023-01-06,OH365,NO,,,In Use Elsewhere
2023-01-06,RA206,YES,00:00,23:59,
2023-01-06,RA278,YES,00:00,23:59,
2023-01-06,RA303,NO,,,In Use Elsewhere
2023-01-06,RA363,NO,,,Breakdown
2023-01-06,TA075,YES,00:00,23:59,
2023-01-06,TA089,YES,00:00,23:59,
2023-01-06,TA131,NO,,,Breakdown
2023-01-06,TA212,YES,00:00,23:59,
2023-01-06,TO041,YES,00:00,23:59,
2023-01-06,TO149,YES,00:00,23:59,
2023-01-06,TO256,NO,,,Scheduled Maintenance
2023-01-06,TO284,NO,,,Breakdown
2023-01-06,TO288,YES,00:00,23:59,
2023-01-09,BA058,YES,00:00,23:59,
2023-01-09,BA188,YES,00:00,23:59,
2023-01-09,BA242,YES,00:00,23:59,
2023-01-09,BA293,YES,00:00,23:59,
2023-01-09,BA332,YES,00:00,23:59,
2023-01-09,BA344,YES,00:00,23:59,
2023-01-09,DY004,YES,00:00,23:59,
2023-01-09,DY055,YES,00:00,23:59,
2023-01-09,DY309,YES,00:00,23:59,
2023-01-09,DY331,YES,00:00,23:59,
2023-01-09,OH082,YES,00:00,23:59,
2023-01-09,OH270,YES,00:00,23:59,
2023-01-09,RA035,YES,00:00,23:59,
2023-01-09,RA391,YES,00:00,23:59,
2023-01-09,TA107,YES,00:00,23:59,
2023-01-09,TA140,YES,00:00,23:59,
2023-01-09,TA222,YES,00:00,23:59,
2023-01-09,TA283,YES,00:00,23:59,
2023-01-09,TO336,YES,00:00,23:59,
2023-01-09,TO364,YES,00:00,23:59,
2023-01-10,DY014,YES,00:00,23:59,
2023-01-10,DY090,NO,,,Scheduled Maintenance
2023-01-10,DY369,YES,00:00,23:59,
2023-01-10,DY389,YES,00:00,23:59,
2023-01-10,OH026,YES,00:00,23:59,
2023-01-10,OH197,YES,00:00,23:59,
2023-01-10,RA035,NO,,,In Use Elsewhere
2023-01-10,RA037,YES,00:00,23:59,
2023-01-10,RA308,YES,00:00,23:59,
2023-01-10,TA027,YES,00:00,23:59,
2023-01-10,TA098,YES,00:00,23:59,
2023-01-10,TA205,YES,00:00,23:59,
2023-01-10,TA341,YES,00:00,23:59,
2023-01-10,TA394,YES,00:00,23:59,
2023-01-10,TO020,YES,00:00,23:59,
2023-01-10,TO109,YES,00:00,23:59,
2023-01-10,TO146,YES,00:00,23:59,
2023-01-10,TO287,YES,00:00,23:59,
2023-01-10,TO316,NO,,,Breakdown
2023-01-10,TO330,YES,00:00,23:59,
2023-01-11,BA230,YES,00:00,23:59,
2023-01-11,BA314,NO,,,Breakdown
2023-01-11,BA383,YES,00:00,23:59,
2023-01-11,BA393,YES,00:00,23:59,
2023-01-11,DY060,YES,00:00,23:59,
2023-01-11,DY105,YES,00:00,23:59,
2023-01-11,DY196,YES,00:00,23:59,
2023-01-11,DY380,YES,00:00,23:59,
2023-01-11,DY398,YES,00:00,23:59,
2023-01-11,OH311,YES,00:00,23:59,
2023-01-11,RA051,YES,00:00,23:59,
2023-01-11,RA081,YES,00:00,23:59,
2023-01-11,RA085,YES,00:00,23:59,
2023-01-11,RA339,YES,00:00,23:59,
2023-01-11,TA078,YES,00:00,23:59,
2023-01-11,TA118,YES,00:00,23:59,
2023-01-11,TA165,YES,00:00,23:59,
2023-01-11,TA199,YES,00:00,23:59,
2023-01-11,TA280,YES,00:00,23:59,
2023-01-11,TA283,YES,00:00,23:59,
2023-01-11,TA292,YES,00:00,23:59,
2023-01-11,TA302,YES,00:00,23:59,
2023-01-11,TO129,NO,,,Breakdown
2023-01-11,TO193,YES,00:00,23:59,
2023-01-11,TO287,YES,00:00,23:59,
2023-01-13,BA016,YES,00:00,23:59,
2023-01-13,BA064,YES,00:00,23:59,
2023-01-13,BA110,YES,00:00,23:59,
2023-01-13,DY012,YES,00:00,23:59,
2023-01-13,DY141,NO,,,Scheduled Maintenance
2023-01-13,DY184,NO,,,Breakdown
2023-01-13,DY356,YES,00:00,23:59,
2023-01-13,OH025,YES,00:00,23:59,
2023-01-13,OH026,YES,00:00,23:59,
2023-01-13,OH046,YES,00:00,23:59,
2023-01-13,OH134,NO,,,Breakdown
2023-01-13,OH160,YES,00:00,23:59,
2023-01-13,OH301,YES,00:00,23:59,
2023-01-13,OH352,YES,00:00,23:59,
2023-01-13,RA024,YES,00:00,23:59,
2023-01-13,RA136,NO,,,Breakdown
2023-01-13,RA163,YES,00:00,23:59,
2023-01-13,RA320,NO,,,Breakdown
2023-01-13,RA367,YES,00:00,23:59,
2023-01-13,RA391,YES,00:00,23:59,
2023-01-13,TA211,YES,00:00,23:59,
2023-01-13,TA282,NO,,,Breakdown
2023-01-13,TO166,YES,00:00,23:59,
2023-01-13,TO335,NO,,,In Use Elsewhere
2023-01-14,BA042,NO,,,Scheduled Maintenance
2023-01-14,BA186,YES,00:00,23:59,
2023-01-14,BA293,YES,00:00,23:59,
2023-01-14,DY143,YES,00:00,23:59,
2023-01-14,DY178,YES,00:00,23:59,
2023-01-14,DY262,YES,00:00,23:59,
2023-01-14,DY371,YES,00:00,23:59,
2023-01-14,OH023,YES,00:00,23:59,
2023-01-14,OH059,YES,00:00,23:59,
2023-01-14,OH213,YES,00:00,23:59,
2023-01-14,OH368,YES,00:00,23:59,
2023-01-14,OH382,YES,00:00,23:59,
2023-01-14,OH384,NO,,,In Use Elsewhere
2023-01-14,RA273,YES,00:00,23:59,
2023-01-14,RA367,NO,,,In Use Elsewhere
2023-01-14,TA108,NO,,,Scheduled Maintenance
2023-01-14,TA220,NO,,,Scheduled Maintenance
2023-01-14,TA226,YES,00:00,23:59,
2023-01-14,TA227,YES,00:00,23:59,
2023-01-14,TA283,YES,00:00,23:59,
2023-01-14,TA285,YES,00:00,23:59,
2023-01-14,TO106,NO,,,In Use Elsewhere
2023-01-14,TO272,YES,00:00,23:59,
2023-01-15,BA117,YES,00:00,23:59,
2023-01-15,BA126,YES,00:00,23:59,
2023-01-15,BA249,NO,,,Breakdown
2023-01-15,BA393,YES,00:00,23:59,
2023-01-15,DY070,NO,,,In Use Elsewhere
2023-01-15,DY124,YES,00:00,23:59,
2023-01-15,DY219,YES,00:00,23:59,
2023-01-15,DY309,YES,00:00,23:59,
2023-01-15,DY327,YES,00:00,23:59,
2023-01-15,OH046,YES,00:00,23:59,
2023-01-15,OH384,YES,00:00,23:59,
2023-01-15,RA276,YES,00:00,23:59,
2023-01-15,RA329,YES,00:00,23:59,
2023-01-15,RA337,YES,00:00,23:59,
2023-01-15,RA370,YES,00:00,23:59,
2023-01-15,TA005,YES,00:00,23:59,
2023-01-15,TA063,YES,00:00,23:59,
2023-01-15,TA068,YES,00:00,23:59,
2023-01-15,TA120,YES,00:00,23:59,
2023-01-15,TA165,YES,00:00,23:59,
2023-01-15,TA325,NO,,,In Use Elsewhere
2023-01-15,TO100,YES,00:00,23:59,
2023-01-17,BA355,YES,00:00,23:59,
2023-01-17,DY012,YES,00:00,23:59,
2023-01-17,DY070,YES,00:00,23:59,
2023-01-17,DY371,YES,00:00,23:59,
2023-01-17,OH221,YES,00:00,23:59,
2023-01-17,OH239,YES,00:00,23:59,
2023-01-17,RA031,YES,00:00,23:59,
2023-01-17,RA039,NO,,,Breakdown
2023-01-17,RA062,YES,00:00,23:59,
2023-01-17,RA200,YES,00:00,23:59,
2023-01-17,RA268,YES,00:00,23:59,
2023-01-17,RA354,YES,00:00,23:59,
2023-01-17,TA107,YES,00:00,23:59,
2023-01-17,TA120,NO,,,Scheduled Maintenance
2023-01-17,TA325,YES,00:00,23:59,
2023-01-17,TO149,YES,00:00,23:59,
2023-01-17,TO317,YES,00:00,23:59,
2023-01-17,TO364,YES,00:00,23:59,
2023-01-18,BA058,YES,00:00,23:59,
2023-01-18,BA127,YES,00:00,23:59,
2023-01-18,BA274,YES,00:00,23:59,
2023-01-18,BA304,YES,00:00,23:59,
2023-01-18,DY004,YES,00:00,23:59,
2023-01-18,DY012,YES,00:00,23:59,
2023-01-18,DY167,YES,00:00,23:59,
2023-01-18,DY194,YES,00:00,23:59,
2023-01-18,DY236,YES,00:00,23:59,
2023-01-18,DY328,YES,00:00,23:59,
2023-01-18,OH183,YES,00:00,23:59,
2023-01-18,OH195,YES,00:00,23:59,
2023-01-18,OH197,YES,00:00,23:59,
2023-01-18,OH221,YES,00:00,23:59,
2023-01-18,OH343,YES,00:00,23:59,
2023-01-18,RA119,YES,00:00,23:59,
2023-01-18,RA204,YES,00:00,23:59,
2023-01-18,RA238,YES,00:00,23:59,
2023-01-18,RA278,YES,00:00,23:59,
2023-01-18,RA290,YES,00:00,23:59,
2023-01-18,RA367,YES,00:00,23:59,
2023-01-18,RA373,YES,00:00,23:59,
2023-01-18,RA375,YES,00:00,23:59,
2023-01-18,TA036,YES,00:00,23:59,
2023-01-18,TA074,NO,,,Scheduled Maintenance
2023-01-18,TA150,YES,00:00,23:59,
2023-01-18,TO009,YES,00:00,23:59,
2023-01-18,TO175,YES,00:00,23:59,
2023-01-18,TO202,YES,00:00,23:59,
2023-01-18,TO257,YES,00:00,23:59,
2023-01-18,TO272,NO,,,Breakdown
2023-01-19,BA016,YES,00:00,23:59,
2023-01-19,BA377,YES,00:00,23:59,
2023-01-19,DY248,YES,00:00,23:59,
2023-01-19,OH025,YES,00:00,23:59,
2023-01-19,OH052,YES,00:00,23:59,
2023-01-19,OH195,YES,00:00,23:59,
2023-01-19,OH333,YES,00:00,23:59,
2023-01-19,OH359,YES,00:00,23:59,
2023-01-19,OH365,YES,00:00,23:59,
2023-01-19,TA003,YES,00:00,23:59,
2023-01-19,TA049,YES,00:00,23:59,
2023-01-19,TO056,YES,00:00,23:59,
2023-01-19,TO256,YES,00:00,23:59,
2023-01-19,TO272,YES,00:00,23:59,
2023-01-19,TO284,YES,00:00,23:59,
2023-01-20,BA249,NO,,,Breakdown
2023-01-20,BA259,YES,00:00,23:59,
2023-01-20,BA266,NO,,,Scheduled Maintenance
2023-01-20,BA300,YES,00:00,23:59,
2023-01-20,BA358,YES,00:00,23:59,
2023-01-20,DY371,YES,00:00,23:59,
2023-01-20,DY379,YES,00:00,23:59,
2023-01-20,OH189,YES,00:00,23:59,
2023-01-20,OH333,NO,,,Scheduled Maintenance
2023-01-20,OH357,YES,00:00,23:59,
2023-01-20,RA053,YES,00:00,23:59,
2023-01-20,RA308,YES,00:00,23:59,
2023-01-20,RA334,YES,00:00,23:59,
2023-01-20,RA354,YES,00:00,23:59,
2023-01-20,RA391,YES,00:00,23:59,
2023-01-20,TA118,YES,00:00,23:59,
2023-01-20,TA220,YES,00:00,23:59,
2023-01-20,TA289,YES,00:00,23:59,
2023-01-20,TO009,YES,00:00,23:59,
2023-01-20,TO243,YES,00:00,23:59,
2023-01-20,TO256,YES,00:00,23:59,
2023-01-20,TO287,YES,00:00,23:59,
2023-01-22,DY017,YES,00:00,23:59,
2023-01-22,DY379,YES,00:00,23:59,
2023-01-22,OH059,YES,00:00,23:59,
2023-01-22,OH207,YES,00:00,23:59,
2023-01-22,OH221,YES,00:00,23:59,
2023-01-22,OH270,YES,00:00,23:59,
2023-01-22,OH384,YES,00:00,23:59,
2023-01-22,RA156,YES,00:00,23:59,
2023-01-22,RA277,NO,,,Breakdown
2023-01-22,TA063,YES,00:00,23:59,
2023-01-22,TA075,YES,00:00,23:59,
2023-01-22,TA282,YES,00:00,23:59,
2023-01-22,TA396,YES,00:00,23:59,
2023-01-22,TO030,YES,00:00,23:59,
2023-01-22,TO032,YES,00:00,23:59,
2023-01-22,TO350,YES,00:00,23:59,
2023-01-24,BA159,YES,00:00,23:59,
2023-01-24,BA208,YES,00:00,23:59,
2023-01-24,BA358,YES,00:00,23:59,
2023-01-24,DY161,YES,00:00,23:59,
2023-01-24,DY178,YES,00:00,23:59,
2023-01-24,DY244,YES,00:00,23:59,
2023-01-24,OH093,YES,00:00,23:59,
2023-01-24,OH213,YES,00:00,23:59,
2023-01-24,OH239,YES,00:00,23:59,
2023-01-24,OH347,YES,00:00,23:59,
2023-01-24,OH365,YES,00:00,23:59,
2023-01-24,RA011,YES,00:00,23:59,
2023-01-24,RA376,YES,00:00,23:59,
2023-01-24,TA089,YES,00:00,23:59,
2023-01-24,TO350,NO,,,In Use Elsewhere
2023-01-25,BA102,YES,00:00,23:59,
2023-01-25,BA151,YES,00:00,23:59,
2023-01-25,BA249,YES,00:00,23:59,
2023-01-25,BA383,YES,00:00,23:59,
2023-01-25,DY096,YES,00:00,23:59,
2023-01-25,DY152,YES,00:00,23:59,
2023-01-25,DY279,YES,00:00,23:59,
2023-01-25,DY319,YES,00:00,23:59,
2023-01-25,DY353,YES,00:00,23:59,
2023-01-25,DY389,YES,00:00,23:59,
2023-01-25,OH052,YES,00:00,23:59,
2023-01-25,OH092,YES,00:00,23:59,
2023-01-25,OH160,YES,00:00,23:59,
2023-01-25,OH213,YES,00:00,23:59,
2023-01-25,OH296,YES,00:00,23:59,
2023-01-25,OH313,YES,00:00,23:59,
2023-01-25,OH359,YES,00:00,23:59,
2023-01-25,OH382,YES,00:00,23:59,
2023-01-25,RA031,YES,00:00,23:59,
2023-01-25,RA073,YES,00:00,23:59,
2023-01-25,RA114,YES,00:00,23:59,
2023-01-25,RA156,NO,,,Scheduled Maintenance
2023-01-25,RA168,YES,00:00,23:59,
2023-01-25,RA295,YES,00:00,23:59,
2023-01-25,RA320,YES,00:00,23:59,
2023-01-25,RA334,YES,00:00,23:59,
2023-01-25,TA049,YES,00:00,23:59,
2023-01-25,TA227,YES,00:00,23:59,
2023-01-25,TO033,YES,00:00,23:59,
2023-01-25,TO047,YES,00:00,23:59,
2023-01-25,TO100,NO,,,In Use Elsewhere
2023-01-25,TO129,YES,00:00,23:59,
2023-01-26,BA066,YES,00:00,23:59,
2023-01-26,BA299,YES,00:00,23:59,
2023-01-26,DY045,YES,00:00,23:59,
2023-01-26,DY115,YES,00:00,23:59,
2023-01-26,OH025,YES,00:00,23:59,
2023-01-26,OH213,YES,00:00,23:59,
2023-01-26,OH253,YES,00:00,23:59,
2023-01-26,OH368,NO,,,Breakdown
2023-01-26,RA164,YES,00:00,23:59,
2023-01-26,RA261,YES,00:00,23:59,
2023-01-26,RA397,YES,00:00,23:59,
2023-01-26,TA065,YES,00:00,23:59,
2023-01-26,TA098,YES,00:00,23:59,
2023-01-26,TA285,YES,00:00,23:59,
2023-01-28,BA113,NO,,,Breakdown
2023-01-28,BA153,YES,00:00,23:59,
2023-01-28,BA259,YES,00:00,23:59,
2023-01-28,BA314,YES,00:00,23:59,
2023-01-28,DY124,YES,00:00,23:59,
2023-01-28,DY248,YES,00:00,23:59,
2023-01-28,OH023,NO,,,Scheduled Maintenance
2023-01-28,OH347,YES,00:00,23:59,
2023-01-28,RA037,YES,00:00,23:59,
2023-01-28,RA087,YES,00:00,23:59,
2023-01-28,RA231,YES,00:00,23:59,
2023-01-28,RA339,YES,00:00,23:59,
2023-01-28,TA003,NO,,,In Use Elsewhere
2023-01-28,TA049,NO,,,In Use Elsewhere
2023-01-28,TA068,NO,,,In Use Elsewhere
2023-01-28,TA233,YES,00:00,23:59,
2023-01-28,TA280,YES,00:00,23:59,
2023-01-28,TO002,YES,00:00,23:59,
2023-01-28,TO021,YES,00:00,23:59,
2023-01-28,TO179,NO,,,Breakdown
2023-01-28,TO350,YES,00:00,23:59,
2023-01-29,BA293,YES,00:00,23:59,
2023-01-29,BA323,YES,00:00,23:59,
2023-01-29,BA332,NO,,,Breakdown
2023-01-29,DY096,YES,00:00,23:59,
2023-01-29,DY105,YES,00:00,23:59,
2023-01-29,DY121,YES,00:00,23:59,
2023-01-29,DY244,YES,00:00,23:59,
2023-01-29,DY345,YES,00:00,23:59,
2023-01-29,OH007,YES,00:00,23:59,
2023-01-29,OH026,YES,00:00,23:59,
2023-01-29,OH082,YES,00:00,23:59,
2023-01-29,OH245,YES,00:00,23:59,
2023-01-29,OH333,NO,,,In Use Elsewhere
2023-01-29,RA031,YES,00:00,23:59,
2023-01-29,RA231,NO,,,Breakdown
2023-01-29,RA261,YES,00:00,23:59,
2023-01-29,RA388,YES,00:00,23:59,
2023-01-29,TA275,YES,00:00,23:59,
2023-01-29,TA292,YES,00:00,23:59,
2023-01-29,TO028,YES,00:00,23:59,
2023-01-29,TO287,YES,00:00,23:59,
2023-01-29,TO316,YES,00:00,23:59,
2023-01-30,BA151,NO,,,Scheduled Maintenance
2023-01-30,BA203,NO,,,Breakdown
2023-01-30,BA266,YES,00:00,23:59,
2023-01-30,DY017,YES,00:00,23:59,
2023-01-30,DY138,YES,00:00,23:59,
2023-01-30,DY184,YES,00:00,23:59,
2023-01-30,DY281,YES,00:00,23:59,
2023-01-30,DY331,YES,00:00,23:59,
2023-01-30,DY353,YES,00:00,23:59,
2023-01-30,OH059,YES,00:00,23:59,
2023-01-30,OH093,YES,00:00,23:59,
2023-01-30,OH160,YES,00:00,23:59,
2023-01-30,OH207,YES,00:00,23:59,
2023-01-30,OH352,NO,,,Breakdown
2023-01-30,RA164,YES,00:00,23:59,
2023-01-30,RA168,YES,00:00,23:59,
2023-01-30,RA378,YES,00:00,23:59,
2023-01-30,TA054,YES,00:00,23:59,
2023-01-30,TA148,YES,00:00,23:59,
2023-01-30,TA222,YES,00:00,23:59,
2023-01-30,TO032,YES,00:00,23:59,
2023-01-30,TO033,YES,00:00,23:59,
2023-01-30,TO123,YES,00:00,23:59,
2023-01-30,TO258,YES,00:00,23:59,
2023-01-30,TO317,YES,00:00,23:59,
2023-01-30,TO335,YES,00:00,23:59,
2023-01-31,BA113,YES,00:00,23:59,
2023-01-31,BA144,YES,00:00,23:59,
2023-01-31,BA299,YES,00:00,23:59,
2023-01-31,BA300,YES,00:00,23:59,
2023-01-31,DY061,YES,00:00,23:59,
2023-01-31,DY379,YES,00:00,23:59,
2023-01-31,OH111,YES,00:00,23:59,
2023-01-31,OH173,YES,00:00,23:59,
2023-01-31,OH195,YES,00:00,23:59,
2023-01-31,RA085,YES,00:00,23:59,
2023-01-31,RA231,YES,00:00,23:59,
2023-01-31,RA376,YES,00:00,23:59,
2023-01-31,RA391,YES,00:00,23:59,
2023-01-31,TA310,YES,00:00,23:59,
2023-01-31,TA341,NO,,,Breakdown
2023-01-31,TO021,YES,00:00,23:59,
2023-01-31,TO056,YES,00:00,23:59,
2023-01-31,TO100,YES,00:00,23:59,
2023-01-31,TO112,YES,00:00,23:59,
2023-02-02,BA058,YES,00:00,23:59,
2023-02-02,BA066,YES,00:00,23:59,
2023-02-02,BA186,YES,00:00,23:59,
2023-02-02,BA274,NO,,,Breakdown
2023-02-02,DY157,YES,00:00,23:59,
2023-02-02,OH010,YES,00:00,23:59,
2023-02-02,OH173,YES,00:00,23:59,
2023-02-02,OH298,NO,,,Breakdown
2023-02-02,OH343,YES,00:00,23:59,
2023-02-02,OH357,YES,00:00,23:59,
2023-02-02,RA087,YES,00:00,23:59,
2023-02-02,RA286,YES,00:00,23:59,
2023-02-02,TA063,YES,00:00,23:59,
2023-02-02,TA150,NO,,,Breakdown
2023-02-02,TO038,YES,00:00,23:59,
2023-02-02,TO047,NO,,,Scheduled Maintenance
2023-02-02,TO267,YES,00:00,23:59,
2023-02-03,BA174,YES,00:00,23:59,
2023-02-03,BA274,YES,00:00,23:59,
2023-02-03,BA323,YES,00:00,23:59,
2023-02-03,DY060,YES,00:00,23:59,
2023-02-03,OH050,YES,00:00,23:59,
2023-02-03,OH086,YES,00:00,23:59,
2023-02-03,OH183,YES,00:00,23:59,
2023-02-03,OH189,YES,00:00,23:59,
2023-02-03,RA081,YES,00:00,23:59,
2023-02-03,RA164,YES,00:00,23:59,
2023-02-03,RA200,YES,00:00,23:59,
2023-02-03,RA373,YES,00:00,23:59,
2023-02-03,RA378,YES,00:00,23:59,
2023-02-03,TA068,YES,00:00,23:59,
2023-02-03,TA199,YES,00:00,23:59,
2023-02-03,TO041,YES,00:00,23:59,
2023-02-03,TO287,NO,,,Scheduled Maintenance
2023-02-05,BA170,YES,00:00,23:59,
2023-02-05,DY040,YES,00:00,23:59,
2023-02-05,DY122,YES,00:00,23:59,
2023-02-05,DY133,YES,00:00,23:59,
2023-02-05,DY161,YES,00:00,23:59,
2023-02-05,OH372,YES,00:00,23:59,
2023-02-05,RA119,YES,00:00,23:59,
2023-02-05,RA192,YES,00:00,23:59,
2023-02-05,RA273,YES,00:00,23:59,
2023-02-05,RA340,YES,00:00,23:59,
2023-02-05,TA229,YES,00:00,23:59,
2023-02-05,TA292,NO,,,Scheduled Maintenance
2023-02-05,TO100,YES,00:00,23:59,
2023-02-05,TO112,YES,00:00,23:59,
2023-02-05,TO146,YES,00:00,23:59,
2023-02-05,TO267,YES,00:00,23:59,
2023-02-06,BA208,YES,00:00,23:59,
2023-02-06,BA358,YES,00:00,23:59,
2023-02-06,BA377,YES,00:00,23:59,
2023-02-06,DY061,YES,00:00,23:59,
2023-02-06,DY181,YES,00:00,23:59,
2023-02-06,DY235,YES,00:00,23:59,
2023-02-06,DY371,YES,00:00,23:59,
2023-02-06,OH142,YES,00:00,23:59,
2023-02-06,OH158,YES,00:00,23:59,
2023-02-06,OH294,YES,00:00,23:59,
2023-02-06,OH338,YES,00:00,23:59,
2023-02-06,OH390,YES,00:00,23:59,
2023-02-06,RA155,NO,,,Breakdown
2023-02-06,RA363,YES,00:00,23:59,
2023-02-06,RA378,YES,00:00,23:59,
2023-02-06,TA120,YES,00:00,23:59,
2023-02-06,TA154,YES,00:00,23:59,
2023-02-06,TO100,NO,,,Breakdown
2023-02-06,TO112,YES,00:00,23:59,
2023-02-06,TO258,YES,00:00,23:59,
2023-02-08,BA095,YES,00:00,23:59,
2023-02-08,BA144,YES,00:00,23:59,
2023-02-08,DY014,YES,00:00,23:59,
2023-02-08,DY091,YES,00:00,23:59,
2023-02-08,DY356,YES,00:00,23:59,
2023-02-08,DY399,YES,00:00,23:59,
2023-02-08,OH076,YES,00:00,23:59,
2023-02-08,OH077,YES,00:00,23:59,
2023-02-08,OH195,YES,00:00,23:59,
2023-02-08,RA053,NO,,,In Use Elsewhere
2023-02-08,RA087,YES,00:00,23:59,
2023-02-08,RA168,YES,00:00,23:59,
2023-02-08,TA068,NO,,,Scheduled Maintenance
2023-02-08,TA212,YES,00:00,23:59,
2023-02-08,TO287,YES,00:00,23:59,
2023-02-09,BA084,YES,00:00,23:59,
2023-02-09,DY124,YES,00:00,23:59,
2023-02-09,DY178,YES,00:00,23:59,
2023-02-09,DY184,YES,00:00,23:59,
2023-02-09,DY194,YES,00:00,23:59,
2023-02-09,DY201,YES,00:00,23:59,
2023-02-09,OH080,YES,00:00,23:59,
2023-02-09,OH182,YES,00:00,23:59,
2023-02-09,OH313,YES,00:00,23:59,
2023-02-09,OH382,YES,00:00,23:59,
2023-02-09,RA168,YES,00:00,23:59,
2023-02-09,RA206,YES,00:00,23:59,
2023-02-09,RA290,YES,00:00,23:59,
2023-02-09,RA308,YES,00:00,23:59,
2023-02-09,TA147,YES,00:00,23:59,
2023-02-09,TO336,YES,00:00,23:59,
2023-02-10,BA042,YES,00:00,23:59,
2023-02-10,BA255,YES,00:00,23:59,
2023-02-10,DY018,NO,,,Breakdown
2023-02-10,DY237,NO,,,Breakdown
2023-02-10,OH083,YES,00:00,23:59,
2023-02-10,OH197,YES,00:00,23:59,
2023-02-10,OH245,YES,00:00,23:59,
2023-02-10,OH313,YES,00:00,23:59,
2023-02-10,RA290,YES,00:00,23:59,
2023-02-10,TA137,YES,00:00,23:59,
2023-02-10,TA148,YES,00:00,23:59,
2023-02-10,TA165,YES,00:00,23:59,
2023-02-10,TO033,YES,00:00,23:59,
2023-02-10,TO041,YES,00:00,23:59,
2023-02-10,TO109,YES,00:00,23:59,
2023-02-10,TO112,YES,00:00,23:59,
2023-02-10,TO123,YES,00:00,23:59,
2023-02-10,TO243,YES,00:00,23:59,
2023-02-10,TO326,NO,,,Breakdown
2023-02-12,BA117,YES,00:00,23:59,
2023-02-12,DY018,YES,00:00,23:59,
2023-02-12,DY060,YES,00:00,23:59,
2023-02-12,DY138,YES,00:00,23:59,
2023-02-12,OH173,YES,00:00,23:59,
2023-02-12,OH189,YES,00:00,23:59,
2023-02-12,OH343,YES,00:00,23:59,
2023-02-12,RA139,YES,00:00,23:59,
2023-02-12,RA303,NO,,,In Use Elsewhere
2023-02-12,TA075,YES,00:00,23:59,
2023-02-12,TA089,YES,00:00,23:59,
2023-02-12,TA310,YES,00:00,23:59,
2023-02-12,TO009,YES,00:00,23:59,
2023-02-12,TO020,YES,00:00,23:59,
2023-02-14,BA126,YES,00:00,23:59,
2023-02-14,BA274,YES,00:00,23:59,
2023-02-14,BA344,NO,,,Breakdown
2023-02-14,DY057,YES,00:00,23:59,
2023-02-14,DY143,YES,00:00,23:59,
2023-02-14,DY224,YES,00:00,23:59,
2023-02-14,OH160,YES,00:00,23:59,
2023-02-14,OH214,NO,,,Breakdown
2023-02-14,RA037,YES,00:00,23:59,
2023-02-14,RA073,YES,00:00,23:59,
2023-02-14,RA278,YES,00:00,23:59,
2023-02-14,TA199,YES,00:00,23:59,
2023-02-14,TA282,YES,00:00,23:59,
2023-02-14,TO305,YES,00:00,23:59,
2023-02-15,BA104,YES,00:00,23:59,
2023-02-15,BA332,YES,00:00,23:59,
2023-02-15,DY091,YES,00:00,23:59,
2023-02-15,DY133,NO,,,Breakdown
2023-02-15,DY262,YES,00:00,23:59,
2023-02-15,DY279,YES,00:00,23:59,
2023-02-15,DY309,YES,00:00,23:59,
2023-02-15,DY399,YES,00:00,23:59,
2023-02-15,OH059,NO,,,Scheduled Maintenance
2023-02-15,OH352,YES,00:00,23:59,
2023-02-15,OH365,YES,00:00,23:59,
2023-02-15,OH366,YES,00:00,23:59,
2023-02-15,RA081,YES,00:00,23:59,
2023-02-15,RA087,YES,00:00,23:59,
2023-02-15,RA303,YES,00:00,23:59,
2023-02-15,RA385,YES,00:00,23:59,
2023-02-15,TA005,YES,00:00,23:59,
2023-02-15,TA120,YES,00:00,23:59,
2023-02-15,TA147,YES,00:00,23:59,
2023-02-15,TA212,YES,00:00,23:59,
2023-02-15,TA225,YES,00:00,23:59,
2023-02-15,TA310,NO,,,In Use Elsewhere
2023-02-15,TO101,YES,00:00,23:59,
2023-02-15,TO149,YES,00:00,23:59,
2023-02-15,TO202,YES,00:00,23:59,
2023-02-15,TO223,YES,00:00,23:59,
2023-02-16,BA079,YES,00:00,23:59,
2023-02-16,DY018,YES,00:00,23:59,
2023-02-16,DY346,NO,,,Scheduled Maintenance
2023-02-16,DY356,YES,00:00,23:59,
2023-02-16,DY374,YES,00:00,23:59,
2023-02-16,OH007,YES,00:00,23:59,
2023-02-16,OH088,NO,,,Breakdown
2023-02-16,OH195,YES,00:00,23:59,
2023-02-16,OH221,YES,00:00,23:59,
2023-02-16,OH352,YES,00:00,23:59,
2023-02-16,RA155,YES,00:00,23:59,
2023-02-16,RA163,YES,00:00,23:59,
2023-02-16,RA240,YES,00:00,23:59,
2023-02-16,RA252,YES,00:00,23:59,
2023-02-16,RA363,YES,00:00,23:59,
2023-02-16,TA229,YES,00:00,23:59,
2023-02-16,TO030,YES,00:00,23:59,
2023-02-16,TO109,YES,00:00,23:59,
2023-02-17,BA314,YES,00:00,23:59,
2023-02-17,DY152,YES,00:00,23:59,
2023-02-17,DY181,YES,00:00,23:59,
2023-02-17,OH076,YES,00:00,23:59,
2023-02-17,OH213,YES,00:00,23:59,
2023-02-17,OH214,YES,00:00,23:59,
2023-02-17,OH311,YES,00:00,23:59,
2023-02-17,RA073,YES,00:00,23:59,
2023-02-17,RA177,NO,,,Scheduled Maintenance
2023-02-17,RA307,YES,00:00,23:59,
2023-02-17,RA308,NO,,,In Use Elsewhere
2023-02-17,TA068,YES,00:00,23:59,
2023-02-17,TA361,YES,00:00,23:59,
2023-02-17,TO044,YES,00:00,23:59,
2023-02-17,TO175,YES,00:00,23:59,
2023-02-17,TO202,YES,00:00,23:59,
2023-02-17,TO258,YES,00:00,23:59,
2023-02-17,TO305,YES,00:00,23:59,
2023-02-19,BA110,YES,00:00,23:59,
2023-02-19,BA188,NO,,,In Use Elsewhere
2023-02-19,BA304,YES,00:00,23:59,
2023-02-19,DY001,YES,00:00,23:59,
2023-02-19,DY122,YES,00:00,23:59,
2023-02-19,DY133,YES,00:00,23:59,
2023-02-19,DY141,YES,00:00,23:59,
2023-02-19,DY224,YES,00:00,23:59,
2023-02-19,DY322,YES,00:00,23:59,
2023-02-19,DY346,NO,,,Scheduled Maintenance
2023-02-19,OH015,YES,00:00,23:59,
2023-02-19,OH093,YES,00:00,23:59,
2023-02-19,OH359,YES,00:00,23:59,
2023-02-19,OH384,YES,00:00,23:59,
2023-02-19,OH395,YES,00:00,23:59,
2023-02-19,RA011,YES,00:00,23:59,
2023-02-19,RA308,NO,,,In Use Elsewhere
2023-02-19,RA376,NO,,,In Use Elsewhere
2023-02-19,TA147,YES,00:00,23:59,
2023-02-19,TA280,YES,00:00,23:59,
2023-02-19,TO009,YES,00:00,23:59,
2023-02-19,TO109,YES,00:00,23:59,
2023-02-19,TO350,YES,00:00,23:59,
2023-02-20,BA079,NO,,,In Use Elsewhere
2023-02-20,BA117,YES,00:00,23:59,
2023-02-20,BA274,YES,00:00,23:59,
2023-02-20,BA377,YES,00:00,23:59,
2023-02-20,DY152,YES,00:00,23:59,
2023-02-20,OH026,YES,00:00,23:59,
2023-02-20,OH082,YES,00:00,23:59,
2023-02-20,OH182,NO,,,In Use Elsewhere
2023-02-20,OH189,YES,00:00,23:59,
2023-02-20,OH195,NO,,,In Use Elsewhere
2023-02-20,OH296,YES,00:00,23:59,
2023-02-20,OH301,YES,00:00,23:59,
2023-02-20,OH359,NO,,,Breakdown
2023-02-20,RA008,YES,00:00,23:59,
2023-02-20,RA051,NO,,,In Use Elsewhere
2023-02-20,RA265,YES,00:00,23:59,
2023-02-20,RA295,YES,00:00,23:59,
2023-02-20,RA373,YES,00:00,23:59,
2023-02-20,TO032,YES,00:00,23:59,
2023-02-20,TO129,YES,00:00,23:59,
2023-02-21,BA094,NO,,,Scheduled Maintenance
2023-02-21,BA110,YES,00:00,23:59,
2023-02-21,BA128,YES,00:00,23:59,
2023-02-21,DY045,NO,,,Breakdown
2023-02-21,DY070,YES,00:00,23:59,
2023-02-21,DY181,YES,00:00,23:59,
2023-02-21,DY235,YES,00:00,23:59,
2023-02-21,DY244,YES,00:00,23:59,
2023-02-21,DY248,YES,00:00,23:59,
2023-02-21,DY380,YES,00:00,23:59,
2023-02-21,OH071,YES,00:00,23:59,
2023-02-21,OH077,YES,00:00,23:59,
2023-02-21,OH082,YES,00:00,23:59,
2023-02-21,OH214,YES,00:00,23:59,
2023-02-21,RA164,YES,00:00,23:59,
2023-02-21,RA268,YES,00:00,23:59,
2023-02-21,TA027,YES,00:00,23:59,
2023-02-21,TA099,NO,,,In Use Elsewhere
2023-02-21,TA137,YES,00:00,23:59,
2023-02-21,TA361,NO,,,Scheduled Maintenance
2023-02-21,TO030,YES,00:00,23:59,
2023-02-21,TO033,YES,00:00,23:59,
2023-02-21,TO336,YES,00:00,23:59,
2023-02-22,BA113,NO,,,In Use Elsewhere
2023-02-22,DY115,YES,00:00,23:59,
2023-02-22,DY141,NO,,,Breakdown
2023-02-22,DY217,YES,00:00,23:59,
2023-02-22,DY281,YES,00:00,23:59,
2023-02-22,OH313,YES,00:00,23:59,
2023-02-22,OH365,YES,00:00,23:59,
2023-02-22,RA290,NO,,,Scheduled Maintenance
2023-02-22,TA147,YES,00:00,23:59,
2023-02-22,TA269,YES,00:00,23:59,
2023-02-22,TA283,YES,00:00,23:59,
2023-02-22,TA285,YES,00:00,23:59,
2023-02-22,TO009,YES,00:00,23:59,
2023-02-22,TO106,YES,00:00,23:59,
2023-02-22,TO166,NO,,,Scheduled Maintenance
2023-02-22,TO305,YES,00:00,23:59,
2023-02-22,TO351,YES,00:00,23:59,
2023-02-23,BA174,YES,00:00,23:59,
2023-02-23,BA323,YES,00:00,23:59,
2023-02-23,DY328,YES,00:00,23:59,
2023-02-23,DY374,YES,00:00,23:59,
2023-02-23,DY380,YES,00:00,23:59,
2023-02-23,OH006,YES,00:00,23:59,
2023-02-23,OH362,YES,00:00,23:59,
2023-02-23,RA013,YES,00:00,23:59,
2023-02-23,RA177,YES,00:00,23:59,
2023-02-23,RA210,YES,00:00,23:59,
2023-02-23,RA308,YES,00:00,23:59,
2023-02-23,TA118,YES,00:00,23:59,
2023-02-23,TA222,NO,,,Scheduled Maintenance
2023-02-23,TO109,YES,00:00,23:59,
2023-02-24,BA079,YES,00:00,23:59,
2023-02-24,BA128,NO,,,Breakdown
2023-02-24,BA314,YES,00:00,23:59,
2023-02-24,BA358,YES,00:00,23:59,
2023-02-24,DY017,YES,00:00,23:59,
2023-02-24,DY180,YES,00:00,23:59,
2023-02-24,DY244,YES,00:00,23:59,
2023-02-24,DY279,YES,00:00,23:59,
2023-02-24,DY331,YES,00:00,23:59,
2023-02-24,DY379,YES,00:00,23:59,
2023-02-24,OH352,YES,00:00,23:59,
2023-02-24,OH362,YES,00:00,23:59,
2023-02-24,RA278,YES,00:00,23:59,
2023-02-24,TA036,YES,00:00,23:59,
2023-02-24,TA205,YES,00:00,23:59,
2023-02-24,TA227,YES,00:00,23:59,
2023-02-24,TA280,YES,00:00,23:59,
2023-02-24,TA292,YES,00:00,23:59,
2023-02-24,TO106,YES,00:00,23:59,
2023-02-25,BA058,NO,,,In Use Elsewhere
2023-02-25,BA293,YES,00:00,23:59,
2023-02-25,DY055,YES,00:00,23:59,
2023-02-25,DY217,YES,00:00,23:59,
2023-02-25,OH088,NO,,,In Use Elsewhere
2023-02-25,OH207,YES,00:00,23:59,
2023-02-25,OH362,YES,00:00,23:59,
2023-02-25,RA024,YES,00:00,23:59,
2023-02-25,RA240,YES,00:00,23:59,
2023-02-25,RA252,YES,00:00,23:59,
2023-02-25,TA005,YES,00:00,23:59,
2023-02-25,TA212,YES,00:00,23:59,
2023-02-25,TA215,YES,00:00,23:59,
2023-02-25,TA264,YES,00:00,23:59,
2023-02-26,BA110,YES,00:00,23:59,
2023-02-26,BA159,YES,00:00,23:59,
2023-02-26,BA249,YES,00:00,23:59,
2023-02-26,BA348,YES,00:00,23:59,
2023-02-26,DY004,YES,00:00,23:59,
2023-02-26,DY040,YES,00:00,23:59,
2023-02-26,DY091,YES,00:00,23:59,
2023-02-26,DY121,YES,00:00,23:59,
2023-02-26,DY141,YES,00:00,23:59,
2023-02-26,DY152,YES,00:00,23:59,
2023-02-26,DY194,NO,,,Breakdown
2023-02-26,DY196,YES,00:00,23:59,
2023-02-26,DY331,NO,,,Breakdown
2023-02-26,OH006,YES,00:00,23:59,
2023-02-26,OH076,YES,00:00,23:59,
2023-02-26,OH239,YES,00:00,23:59,
2023-02-26,OH253,YES,00:00,23:59,
2023-02-26,RA008,YES,00:00,23:59,
2023-02-26,RA048,YES,00:00,23:59,
2023-02-26,RA168,YES,00:00,23:59,
2023-02-26,RA172,NO,,,In Use Elsewhere
2023-02-26,RA200,YES,00:00,23:59,
2023-02-26,RA240,YES,00:00,23:59,
2023-02-26,RA241,YES,00:00,23:59,
2023-02-26,RA363,YES,00:00,23:59,
2023-02-26,RA367,YES,00:00,23:59,
2023-02-26,RA375,YES,00:00,23:59,
2023-02-26,RA376,YES,00:00,23:59,
2023-02-26,TA205,YES,00:00,23:59,
2023-02-26,TO149,YES,00:00,23:59,
2023-02-26,TO175,YES,00:00,23:59,
2023-02-26,TO335,YES,00:00,23:59,
2023-02-28,BA110,YES,00:00,23:59,
2023-02-28,BA126,YES,00:00,23:59,
2023-02-28,BA208,YES,00:00,23:59,
2023-02-28,BA255,YES,00:00,23:59,
2023-02-28,BA297,YES,00:00,23:59,
2023-02-28,OH006,YES,00:00,23:59,
2023-02-28,OH103,YES,00:00,23:59,
2023-02-28,OH189,YES,00:00,23:59,
2023-02-28,OH298,YES,00:00,23:59,
2023-02-28,OH352,YES,00:00,23:59,
2023-02-28,RA303,YES,00:00,23:59,
2023-02-28,RA360,YES,00:00,23:59,
2023-02-28,RA370,NO,,,In Use Elsewhere
2023-02-28,TA027,YES,00:00,23:59,
2023-02-28,TA074,YES,00:00,23:59,
2023-02-28,TA212,YES,00:00,23:59,
2023-02-28,TA215,NO,,,Scheduled Maintenance
2023-02-28,TA220,NO,,,Breakdown
2023-03-03,BA042,YES,00:00,23:59,
2023-03-03,BA064,YES,00:00,23:59,
2023-03-03,BA128,YES,00:00,23:59,
2023-03-03,BA208,YES,00:00,23:59,
2023-03-03,BA247,YES,00:00,23:59,
2023-03-03,BA255,YES,00:00,23:59,
2023-03-03,DY122,YES,00:00,23:59,
2023-03-03,DY178,YES,00:00,23:59,
2023-03-03,DY181,YES,00:00,23:59,
2023-03-03,DY194,YES,00:00,23:59,
2023-03-03,DY379,YES,00:00,23:59,
2023-03-03,OH092,NO,,,Scheduled Maintenance
2023-03-03,OH173,YES,00:00,23:59,
2023-03-03,OH213,NO,,,In Use Elsewhere
2023-03-03,OH221,YES,00:00,23:59,
2023-03-03,OH271,YES,00:00,23:59,
2023-03-03,RA192,YES,00:00,23:59,
2023-03-03,RA206,YES,00:00,23:59,
2023-03-03,RA273,YES,00:00,23:59,
2023-03-03,RA278,YES,00:00,23:59,
2023-03-03,RA329,YES,00:00,23:59,
2023-03-03,TA005,YES,00:00,23:59,
2023-03-03,TA089,YES,00:00,23:59,
2023-03-03,TA165,NO,,,Breakdown
2023-03-03,TA264,NO,,,In Use Elsewhere
2023-03-03,TO109,YES,00:00,23:59,
2023-03-05,BA230,YES,00:00,23:59,
2023-03-05,BA242,YES,00:00,23:59,
2023-03-05,BA348,YES,00:00,23:59,
2023-03-05,DY040,YES,00:00,23:59,
2023-03-05,DY135,YES,00:00,23:59,
2023-03-05,DY232,YES,00:00,23:59,
2023-03-05,DY322,YES,00:00,23:59,
2023-03-05,DY328,YES,00:00,23:59,
2023-03-05,DY380,YES,00:00,23:59,
2023-03-05,OH006,YES,00:00,23:59,
2023-03-05,OH015,YES,00:00,23:59,
2023-03-05,OH023,NO,,,In Use Elsewhere
2023-03-05,OH158,NO,,,In Use Elsewhere
2023-03-05,RA206,YES,00:00,23:59,
2023-03-05,RA307,YES,00:00,23:59,
2023-03-05,RA378,YES,00:00,23:59,
2023-03-05,TA075,NO,,,Scheduled Maintenance
2023-03-05,TA137,YES,00:00,23:59,
2023-03-05,TA220,NO,,,Scheduled Maintenance
2023-03-06,BA095,NO,,,Breakdown
2023-03-06,BA185,YES,00:00,23:59,
2023-03-06,BA203,YES,00:00,23:59,
2023-03-06,DY004,NO,,,In Use Elsewhere
2023-03-06,DY096,YES,00:00,23:59,
2023-03-06,DY248,YES,00:00,23:59,
2023-03-06,OH092,YES,00:00,23:59,
2023-03-06,OH298,YES,00:00,23:59,
2023-03-06,OH312,NO,,,In Use Elsewhere
2023-03-06,OH318,YES,00:00,23:59,
2023-03-06,OH366,YES,00:00,23:59,
2023-03-06,OH395,YES,00:00,23:59,
2023-03-06,RA013,YES,00:00,23:59,
2023-03-06,RA210,YES,00:00,23:59,
2023-03-06,RA261,YES,00:00,23:59,
2023-03-06,TA078,YES,00:00,23:59,
2023-03-06,TA199,YES,00:00,23:59,
2023-03-06,TO009,YES,00:00,23:59,
2023-03-06,TO041,YES,00:00,23:59,
2023-03-06,TO101,YES,00:00,23:59,
2023-03-06,TO179,YES,00:00,23:59,
2023-03-06,TO202,YES,00:00,23:59,
2023-03-06,TO250,YES,00:00,23:59,
2023-03-06,TO364,YES,00:00,23:59,
2023-03-07,BA097,YES,00:00,23:59,
2023-03-07,BA185,YES,00:00,23:59,
2023-03-07,BA263,YES,00:00,23:59,
2023-03-07,DY121,YES,00:00,23:59,
2023-03-07,DY143,YES,00:00,23:59,
2023-03-07,DY321,YES,00:00,23:59,
2023-03-07,DY322,YES,00:00,23:59,
2023-03-07,OH134,YES,00:00,23:59,
2023-03-07,OH176,YES,00:00,23:59,
2023-03-07,OH191,YES,00:00,23:59,
2023-03-07,RA265,NO,,,Breakdown
2023-03-07,TA282,YES,00:00,23:59,
2023-03-07,TA283,YES,00:00,23:59,
2023-03-07,TO030,YES,00:00,23:59,
2023-03-07,TO044,YES,00:00,23:59,
2023-03-09,BA069,YES,00:00,23:59,
2023-03-09,BA293,YES,00:00,23:59,
2023-03-09,DY161,YES,00:00,23:59,
2023-03-09,DY331,YES,00:00,23:59,
2023-03-09,OH007,YES,00:00,23:59,
2023-03-09,OH052,YES,00:00,23:59,
2023-03-09,OH077,YES,00:00,23:59,
2023-03-09,OH093,YES,00:00,23:59,
2023-03-09,OH312,YES,00:00,23:59,
2023-03-09,RA043,YES,00:00,23:59,
2023-03-09,RA162,NO,,,In Use Elsewhere
2023-03-09,RA238,YES,00:00,23:59,
2023-03-09,RA370,YES,00:00,23:59,
2023-03-09,TA148,NO,,,In Use Elsewhere
2023-03-09,TO109,YES,00:00,23:59,
2023-03-09,TO326,YES,00:00,23:59,
2023-03-10,BA344,YES,00:00,23:59,
2023-03-10,BA377,YES,00:00,23:59,
2023-03-10,DY014,YES,00:00,23:59,
2023-03-10,DY090,YES,00:00,23:59,
2023-03-10,DY251,YES,00:00,23:59,
2023-03-10,DY309,YES,00:00,23:59,
2023-03-10,OH142,YES,00:00,23:59,
2023-03-10,OH365,NO,,,In Use Elsewhere
2023-03-10,RA081,YES,00:00,23:59,
2023-03-10,RA114,YES,00:00,23:59,
2023-03-10,RA156,YES,00:00,23:59,
2023-03-10,RA168,YES,00:00,23:59,
2023-03-10,TA054,NO,,,In Use Elsewhere
2023-03-10,TA212,YES,00:00,23:59,
2023-03-10,TA220,YES,00:00,23:59,
2023-03-10,TA310,YES,00:00,23:59,
2023-03-10,TO112,YES,00:00,23:59,
2023-03-10,TO250,YES,00:00,23:59,
2023-03-11,BA097,YES,00:00,23:59,
2023-03-11,BA188,YES,00:00,23:59,
2023-03-11,BA230,YES,00:00,23:59,
2023-03-11,BA349,YES,00:00,23:59,
2023-03-11,DY004,YES,00:00,23:59,
2023-03-11,DY055,YES,00:00,23:59,
2023-03-11,DY124,YES,00:00,23:59,
2023-03-11,DY157,YES,00:00,23:59,
2023-03-11,OH007,YES,00:00,23:59,
2023-03-11,OH125,YES,00:00,23:59,
2023-03-11,OH197,YES,00:00,23:59,
2023-03-11,OH390,YES,00:00,23:59,
2023-03-11,RA156,YES,00:00,23:59,
2023-03-11,RA162,YES,00:00,23:59,
2023-03-11,RA363,YES,00:00,23:59,
2023-03-11,TA089,YES,00:00,23:59,
2023-03-11,TO228,YES,00:00,23:59,
2023-03-11,TO257,YES,00:00,23:59,
2023-03-12,BA117,YES,00:00,23:59,
2023-03-12,BA144,YES,00:00,23:59,
2023-03-12,DY067,YES,00:00,23:59,
2023-03-12,DY180,YES,00:00,23:59,
2023-03-12,DY194,NO,,,Scheduled Maintenance
2023-03-12,DY244,YES,00:00,23:59,
2023-03-12,DY251,YES,00:00,23:59,
2023-03-12,DY353,YES,00:00,23:59,
2023-03-12,OH059,YES,00:00,23:59,
2023-03-12,OH214,YES,00:00,23:59,
2023-03-12,OH294,YES,00:00,23:59,
2023-03-12,OH301,NO,,,Breakdown
2023-03-12,OH318,YES,00:00,23:59,
2023-03-12,RA155,YES,00:00,23:59,
2023-03-12,RA273,YES,00:00,23:59,
2023-03-12,RA277,YES,00:00,23:59,
2023-03-12,TA075,YES,00:00,23:59,
2023-03-12,TA140,YES,00:00,23:59,
2023-03-12,TA212,YES,00:00,23:59,
2023-03-12,TO032,YES,00:00,23:59,
2023-03-12,TO044,YES,00:00,23:59,
2023-03-12,TO317,YES,00:00,23:59,
2023-03-12,TO335,YES,00:00,23:59,
2023-03-13,BA095,YES,00:00,23:59,
2023-03-13,BA393,NO,,,Breakdown
2023-03-13,DY161,YES,00:00,23:59,
2023-03-13,DY178,YES,00:00,23:59,
2023-03-13,DY262,YES,00:00,23:59,
2023-03-13,DY279,NO,,,In Use Elsewhere
2023-03-13,DY321,YES,00:00,23:59,
2023-03-13,OH025,YES,00:00,23:59,
2023-03-13,OH050,NO,,,In Use Elsewhere
2023-03-13,OH221,NO,,,Scheduled Maintenance
2023-03-13,RA031,NO,,,In Use Elsewhere
2023-03-13,TA118,NO,,,In Use Elsewhere
2023-03-13,TA205,YES,00:00,23:59,
2023-03-13,TA291,YES,00:00,23:59,
2023-03-13,TA310,YES,00:00,23:59,
2023-03-13,TO193,YES,00:00,23:59,
2023-03-13,TO257,YES,00:00,23:59,
2023-03-13,TO287,YES,00:00,23:59,
2023-03-13,TO330,YES,00:00,23:59,
2023-03-14,BA209,YES,00:00,23:59,
2023-03-14,BA242,YES,00:00,23:59,
2023-03-14,BA377,YES,00:00,23:59,
2023-03-14,DY184,YES,00:00,23:59,
2023-03-14,DY279,YES,00:00,23:59,
2023-03-14,OH026,YES,00:00,23:59,
2023-03-14,OH071,NO,,,Scheduled Maintenance
2023-03-14,OH362,YES,00:00,23:59,
2023-03-14,RA087,YES,00:00,23:59,
2023-03-14,RA337,YES,00:00,23:59,
2023-03-14,TA034,YES,00:00,23:59,
2023-03-14,TA089,YES,00:00,23:59,
2023-03-14,TA220,YES,00:00,23:59,
2023-03-14,TA361,YES,00:00,23:59,
2023-03-14,TO032,YES,00:00,23:59,
2023-03-14,TO166,YES,00:00,23:59,
2023-03-15,BA064,NO,,,Breakdown
2023-03-15,BA066,YES,00:00,23:59,
2023-03-15,BA094,YES,00:00,23:59,
2023-03-15,BA117,YES,00:00,23:59,
2023-03-15,BA323,NO,,,Breakdown
2023-03-15,DY157,YES,00:00,23:59,
2023-03-15,DY196,YES,00:00,23:59,
2023-03-15,OH245,NO,,,Breakdown
2023-03-15,RA011,YES,00:00,23:59,
2023-03-15,RA037,YES,00:00,23:59,
2023-03-15,RA039,YES,00:00,23:59,
2023-03-15,RA051,YES,00:00,23:59,
2023-03-15,RA155,YES,00:00,23:59,
2023-03-15,RA162,YES,00:00,23:59,
2023-03-15,RA334,NO,,,Breakdown
2023-03-15,TA034,YES,00:00,23:59,
2023-03-15,TA150,YES,00:00,23:59,
2023-03-15,TA292,YES,00:00,23:59,
2023-03-15,TA361,YES,00:00,23:59,
2023-03-15,TO044,NO,,,Breakdown
2023-03-15,TO258,YES,00:00,23:59,
2023-03-17,BA064,YES,00:00,23:59,
2023-03-17,BA128,YES,00:00,23:59,
2023-03-17,BA249,YES,00:00,23:59,
2023-03-17,BA300,YES,00:00,23:59,
2023-03-17,BA355,YES,00:00,23:59,
2023-03-17,DY012,YES,00:00,23:59,
2023-03-17,DY061,YES,00:00,23:59,
2023-03-17,DY345,NO,,,Breakdown
2023-03-17,DY399,YES,00:00,23:59,
2023-03-17,OH103,YES,00:00,23:59,
2023-03-17,OH357,YES,00:00,23:59,
2023-03-17,RA261,YES,00:00,23:59,
2023-03-17,RA265,YES,00:00,23:59,
2023-03-17,RA306,YES,00:00,23:59,
2023-03-17,TA049,YES,00:00,23:59,
2023-03-17,TA150,YES,00:00,23:59,
2023-03-17,TO112,YES,00:00,23:59,
2023-03-17,TO179,YES,00:00,23:59,
2023-03-17,TO330,YES,00:00,23:59,
2023-03-18,BA066,NO,,,Breakdown
2023-03-18,BA230,YES,00:00,23:59,
2023-03-18,BA274,YES,00:00,23:59,
2023-03-18,DY132,YES,00:00,23:59,
2023-03-18,OH059,YES,00:00,23:59,
2023-03-18,OH301,YES,00:00,23:59,
2023-03-18,RA011,YES,00:00,23:59,
2023-03-18,RA039,YES,00:00,23:59,
2023-03-18,RA085,YES,00:00,23:59,
2023-03-18,RA116,NO,,,Scheduled Maintenance
2023-03-18,RA163,YES,00:00,23:59,
2023-03-18,RA168,NO,,,Scheduled Maintenance
2023-03-18,RA252,YES,00:00,23:59,
2023-03-18,RA303,YES,00:00,23:59,
2023-03-18,RA337,YES,00:00,23:59,
2023-03-18,TO106,YES,00:00,23:59,
2023-03-18,TO258,NO,,,Breakdown
2023-03-18,TO288,YES,00:00,23:59,
2023-03-18,TO336,YES,00:00,23:59,
2023-03-19,BA242,YES,00:00,23:59,
2023-03-19,BA324,YES,00:00,23:59,
2023-03-19,BA342,YES,00:00,23:59,
2023-03-19,DY091,YES,00:00,23:59,
2023-03-19,DY124,YES,00:00,23:59,
2023-03-19,DY237,YES,00:00,23:59,
2023-03-19,DY244,YES,00:00,23:59,
2023-03-19,DY309,YES,00:00,23:59,
2023-03-19,OH173,YES,00:00,23:59,
2023-03-19,OH333,YES,00:00,23:59,
2023-03-19,OH352,YES,00:00,23:59,
2023-03-19,OH362,YES,00:00,23:59,
2023-03-19,RA073,NO,,,In Use Elsewhere
2023-03-19,RA136,YES,00:00,23:59,
2023-03-19,RA192,YES,00:00,23:59,
2023-03-19,RA234,YES,00:00,23:59,
2023-03-19,RA373,YES,00:00,23:59,
2023-03-19,TA027,NO,,,Breakdown
2023-03-19,TA065,YES,00:00,23:59,
2023-03-19,TA396,YES,00:00,23:59,
2023-03-19,TO350,YES,00:00,23:59,
2023-03-21,BA022,YES,00:00,23:59,
2023-03-21,BA249,YES,00:00,23:59,
2023-03-21,BA377,YES,00:00,23:59,
2023-03-21,DY115,YES,00:00,23:59,
2023-03-21,DY121,YES,00:00,23:59,
2023-03-21,DY132,YES,00:00,23:59,
2023-03-21,DY319,NO,,,Breakdown
2023-03-21,OH086,YES,00:00,23:59,
2023-03-21,OH111,YES,00:00,23:59,
2023-03-21,OH176,YES,00:00,23:59,
2023-03-21,OH189,YES,00:00,23:59,
2023-03-21,OH352,YES,00:00,23:59,
2023-03-21,RA043,YES,00:00,23:59,
2023-03-21,RA081,YES,00:00,23:59,
2023-03-21,RA087,YES,00:00,23:59,
2023-03-21,RA168,NO,,,Scheduled Maintenance
2023-03-21,RA200,NO,,,Breakdown
2023-03-21,RA265,NO,,,In Use Elsewhere
2023-03-21,RA306,YES,00:00,23:59,
2023-03-21,TA098,NO,,,Scheduled Maintenance
2023-03-21,TA199,YES,00:00,23:59,
2023-03-21,TO041,NO,,,Scheduled Maintenance
2023-03-21,TO256,YES,00:00,23:59,
2023-03-21,TO317,YES,00:00,23:59,
2023-03-24,BA095,NO,,,Breakdown
2023-03-24,BA188,YES,00:00,23:59,
2023-03-24,DY196,YES,00:00,23:59,
2023-03-24,DY236,YES,00:00,23:59,
2023-03-24,OH052,YES,00:00,23:59,
2023-03-24,OH253,YES,00:00,23:59,
2023-03-24,RA198,YES,00:00,23:59,
2023-03-24,RA277,YES,00:00,23:59,
2023-03-24,RA391,YES,00:00,23:59,
2023-03-24,TA063,YES,00:00,23:59,
2023-03-24,TA140,YES,00:00,23:59,
2023-03-24,TA165,YES,00:00,23:59,
2023-03-24,TA222,YES,00:00,23:59,
2023-03-24,TA283,YES,00:00,23:59,
2023-03-24,TA292,NO,,,In Use Elsewhere
2023-03-24,TA341,YES,00:00,23:59,
2023-03-24,TO028,YES,00:00,23:59,
2023-03-25,BA170,YES,00:00,23:59,
2023-03-25,BA242,YES,00:00,23:59,
2023-03-25,BA349,YES,00:00,23:59,
2023-03-25,DY067,NO,,,Breakdown
2023-03-25,DY327,YES,00:00,23:59,
2023-03-25,OH007,YES,00:00,23:59,
2023-03-25,OH071,YES,00:00,23:59,
2023-03-25,OH076,NO,,,Breakdown
2023-03-25,OH182,YES,00:00,23:59,
2023-03-25,OH357,YES,00:00,23:59,
2023-03-25,RA043,YES,00:00,23:59,
2023-03-25,RA085,YES,00:00,23:59,
2023-03-25,RA139,YES,00:00,23:59,
2023-03-25,RA163,NO,,,In Use Elsewhere
2023-03-25,TA063,YES,00:00,23:59,
2023-03-25,TA229,YES,00:00,23:59,
2023-03-25,TA282,YES,00:00,23:59,
2023-03-25,TO009,YES,00:00,23:59,
2023-03-25,TO101,YES,00:00,23:59,
2023-03-25,TO243,NO,,,Scheduled Maintenance
2023-03-25,TO316,YES,00:00,23:59,
2023-03-26,BA079,YES,00:00,23:59,
2023-03-26,BA151,NO,,,Breakdown
2023-03-26,BA203,YES,00:00,23:59,
2023-03-26,BA348,NO,,,Breakdown
2023-03-26,DY014,YES,00:00,23:59,
2023-03-26,DY121,NO,,,Scheduled Maintenance
2023-03-26,DY196,YES,00:00,23:59,
2023-03-26,DY219,YES,00:00,23:59,
2023-03-26,DY237,YES,00:00,23:59,
2023-03-26,DY356,YES,00:00,23:59,
2023-03-26,DY379,YES,00:00,23:59,
2023-03-26,DY392,YES,00:00,23:59,
2023-03-26,RA039,YES,00:00,23:59,
2023-03-26,RA073,NO,,,In Use Elsewhere
2023-03-26,RA337,YES,00:00,23:59,
2023-03-26,RA385,NO,,,In Use Elsewhere
2023-03-26,TA171,YES,00:00,23:59,
2023-03-26,TA226,YES,00:00,23:59,
2023-03-26,TO028,YES,00:00,23:59,
2023-03-26,TO179,YES,00:00,23:59,
2023-03-26,TO193,YES,00:00,23:59,
2023-03-26,TO243,YES,00:00,23:59,
2023-03-26,TO256,YES,00:00,23:59,
2023-03-28,BA069,YES,00:00,23:59,
2023-03-28,DY070,YES,00:00,23:59,
2023-03-28,DY178,YES,00:00,23:59,
2023-03-28,DY201,YES,00:00,23:59,
2023-03-28,DY244,YES,00:00,23:59,
2023-03-28,DY248,YES,00:00,23:59,
2023-03-28,OH046,YES,00:00,23:59,
2023-03-28,OH125,YES,00:00,23:59,
2023-03-28,OH176,YES,00:00,23:59,
2023-03-28,OH301,YES,00:00,23:59,
2023-03-28,RA172,NO,,,In Use Elsewhere
2023-03-28,RA198,YES,00:00,23:59,
2023-03-28,RA231,YES,00:00,23:59,
2023-03-28,RA375,YES,00:00,23:59,
2023-03-28,TA150,YES,00:00,23:59,
2023-03-28,TA233,YES,00:00,23:59,
2023-03-28,TA282,YES,00:00,23:59,
2023-03-28,TA283,YES,00:00,23:59,
2023-03-28,TO047,YES,00:00,23:59,
2023-03-28,TO305,YES,00:00,23:59,
2023-03-29,BA042,YES,00:00,23:59,
2023-03-29,BA064,YES,00:00,23:59,
2023-03-29,BA094,NO,,,Scheduled Maintenance
2023-03-29,BA128,NO,,,In Use Elsewhere
2023-03-29,BA209,YES,00:00,23:59,
2023-03-29,BA249,NO,,,Breakdown
2023-03-29,BA274,NO,,,Scheduled Maintenance
2023-03-29,BA349,YES,00:00,23:59,
2023-03-29,DY057,YES,00:00,23:59,
2023-03-29,DY169,NO,,,In Use Elsewhere
2023-03-29,OH019,YES,00:00,23:59,
2023-03-29,OH296,YES,00:00,23:59,
2023-03-29,OH298,NO,,,Scheduled Maintenance
2023-03-29,RA177,YES,00:00,23:59,
2023-03-29,RA340,YES,00:00,23:59,
2023-03-29,TA036,YES,00:00,23:59,
2023-03-29,TA396,YES,00:00,23:59,
2023-03-29,TO350,YES,00:00,23:59,
2023-03-31,BA079,YES,00:00,23:59,
2023-03-31,BA110,YES,00:00,23:59,
2023-03-31,DY133,YES,00:00,23:59,
2023-03-31,DY184,YES,00:00,23:59,
2023-03-31,DY279,YES,00:00,23:59,
2023-03-31,DY328,NO,,,In Use Elsewhere
2023-03-31,OH019,NO,,,In Use Elsewhere
2023-03-31,OH050,YES,00:00,23:59,
2023-03-31,OH158,YES,00:00,23:59,
2023-03-31,OH214,NO,,,Scheduled Maintenance
2023-03-31,OH294,YES,00:00,23:59,
2023-03-31,OH318,YES,00:00,23:59,
2023-03-31,OH357,YES,00:00,23:59,
2023-03-31,RA024,YES,00:00,23:59,
2023-03-31,RA039,YES,00:00,23:59,
2023-03-31,RA240,NO,,,Scheduled Maintenance
2023-03-31,RA385,YES,00:00,23:59,
2023-03-31,RA387,YES,00:00,23:59,
2023-03-31,TA285,YES,00:00,23:59,
2023-03-31,TO056,YES,00:00,23:59,
2023-03-31,TO123,YES,00:00,23:59,
2023-03-31,TO179,YES,00:00,23:59,
2023-03-31,TO267,YES,00:00,23:59,
2023-03-31,TO350,YES,00:00,23:59,
2023-04-01,BA022,YES,00:00,23:59,
2023-04-01,BA174,YES,00:00,23:59,
2023-04-01,DY216,YES,00:00,23:59,
2023-04-01,DY322,YES,00:00,23:59,
2023-04-01,OH103,YES,00:00,23:59,
2023-04-01,OH158,YES,00:00,23:59,
2023-04-01,OH207,YES,00:00,23:59,
2023-04-01,OH338,YES,00:00,23:59,
2023-04-01,RA062,YES,00:00,23:59,
2023-04-01,RA172,YES,00:00,23:59,
2023-04-01,RA204,YES,00:00,23:59,
2023-04-01,RA231,YES,00:00,23:59,
2023-04-01,RA276,YES,00:00,23:59,
2023-04-01,RA320,YES,00:00,23:59,
2023-04-01,TO109,YES,00:00,23:59,
2023-04-01,TO256,YES,00:00,23:59,
2023-04-01,TO326,YES,00:00,23:59,
2023-04-01,TO330,YES,00:00,23:59,
2023-04-01,TO351,YES,00:00,23:59,
2023-04-03,BA095,YES,00:00,23:59,
2023-04-03,BA128,YES,00:00,23:59,
2023-04-03,BA151,YES,00:00,23:59,
2023-04-03,DY060,YES,00:00,23:59,
2023-04-03,DY070,YES,00:00,23:59,
2023-04-03,DY180,YES,00:00,23:59,
2023-04-03,DY248,YES,00:00,23:59,
2023-04-03,OH052,YES,00:00,23:59,
2023-04-03,OH214,YES,00:00,23:59,
2023-04-03,RA276,YES,00:00,23:59,
2023-04-03,RA340,NO,,,In Use Elsewhere
2023-04-03,RA388,YES,00:00,23:59,
2023-04-03,TA027,YES,00:00,23:59,
2023-04-03,TA227,YES,00:00,23:59,
2023-04-03,TA275,YES,00:00,23:59,
2023-04-03,TA291,YES,00:00,23:59,
2023-04-03,TA361,NO,,,Scheduled Maintenance
2023-04-03,TO044,YES,00:00,23:59,
2023-04-04,BA094,YES,00:00,23:59,
2023-04-04,BA381,YES,00:00,23:59,
2023-04-04,DY184,YES,00:00,23:59,
2023-04-04,DY251,YES,00:00,23:59,
2023-04-04,OH025,YES,00:00,23:59,
2023-04-04,OH083,YES,00:00,23:59,
2023-04-04,OH125,YES,00:00,23:59,
2023-04-04,OH142,YES,00:00,23:59,
2023-04-04,OH343,YES,00:00,23:59,
2023-04-04,RA037,YES,00:00,23:59,
2023-04-04,RA081,YES,00:00,23:59,
2023-04-04,RA168,YES,00:00,23:59,
2023-04-04,RA376,YES,00:00,23:59,
2023-04-04,RA385,YES,00:00,23:59,
2023-04-04,TA005,YES,00:00,23:59,
2023-04-04,TA027,YES,00:00,23:59,
2023-04-04,TA140,YES,00:00,23:59,
2023-04-04,TA205,YES,00:00,23:59,
2023-04-04,TA212,YES,00:00,23:59,
2023-04-04,TA280,YES,00:00,23:59,
2023-04-04,TA283,NO,,,In Use Elsewhere
2023-04-04,TO260,YES,00:00,23:59,
2023-04-05,BA102,YES,00:00,23:59,
2023-04-05,BA170,YES,00:00,23:59,
2023-04-05,DY001,YES,00:00,23:59,
2023-04-05,DY138,NO,,,Breakdown
2023-04-05,DY196,YES,00:00,23:59,
2023-04-05,DY315,NO,,,In Use Elsewhere
2023-04-05,DY380,YES,00:00,23:59,
2023-04-05,OH007,YES,00:00,23:59,
2023-04-05,OH015,NO,,,Scheduled Maintenance
2023-04-05,OH083,NO,,,Scheduled Maintenance
2023-04-05,OH207,YES,00:00,23:59,
2023-04-05,RA031,YES,00:00,23:59,
2023-04-05,RA037,YES,00:00,23:59,
2023-04-05,RA156,NO,,,Breakdown
2023-04-05,RA241,YES,00:00,23:59,
2023-04-05,RA261,YES,00:00,23:59,
2023-04-05,RA290,YES,00:00,23:59,
2023-04-05,RA306,YES,00:00,23:59,
2023-04-05,TA089,NO,,,Scheduled Maintenance
2023-04-05,TA269,YES,00:00,23:59,
2023-04-05,TA285,YES,00:00,23:59,
2023-04-05,TO032,YES,00:00,23:59,
2023-04-05,TO228,NO,,,In Use Elsewhere
2023-04-05,TO305,NO,,,Breakdown
2023-04-05,TO364,YES,00:00,23:59,
2023-04-06,BA185,YES,00:00,23:59,
2023-04-06,BA393,YES,00:00,23:59,
2023-04-06,DY004,YES,00:00,23:59,
2023-04-06,DY217,YES,00:00,23:59,
2023-04-06,DY262,YES,00:00,23:59,
2023-04-06,DY331,YES,00:00,23:59,
2023-04-06,DY374,YES,00:00,23:59,
2023-04-06,DY380,YES,00:00,23:59,
2023-04-06,OH071,NO,,,In Use Elsewhere
2023-04-06,OH142,YES,00:00,23:59,
2023-04-06,OH239,YES,00:00,23:59,
2023-04-06,OH253,YES,00:00,23:59,
2023-04-06,OH254,YES,00:00,23:59,
2023-04-06,OH333,YES,00:00,23:59,
2023-04-06,OH366,YES,00:00,23:59,
2023-04-06,RA303,YES,00:00,23:59,
2023-04-06,TA199,YES,00:00,23:59,
2023-04-06,TA282,YES,00:00,23:59,
2023-04-06,TA325,YES,00:00,23:59,
2023-04-06,TO243,YES,00:00,23:59,
2023-04-07,BA126,YES,00:00,23:59,
2023-04-07,BA128,YES,00:00,23:59,
2023-04-07,BA344,YES,00:00,23:59,
2023-04-07,DY045,YES,00:00,23:59,
2023-04-07,DY057,YES,00:00,23:59,
2023-04-07,DY194,YES,00:00,23:59,
2023-04-07,DY224,YES,00:00,23:59,
2023-04-07,DY315,YES,00:00,23:59,
2023-04-07,OH007,YES,00:00,23:59,
2023-04-07,OH160,YES,00:00,23:59,
2023-04-07,OH347,YES,00:00,23:59,
2023-04-07,RA051,YES,00:00,23:59,
2023-04-07,RA085,YES,00:00,23:59,
2023-04-07,RA162,NO,,,In Use Elsewhere
2023-04-07,RA387,YES,00:00,23:59,
2023-04-07,TA107,YES,00:00,23:59,
2023-04-07,TA147,YES,00:00,23:59,
2023-04-07,TO149,YES,00:00,23:59,
2023-04-07,TO317,YES,00:00,23:59,
2023-04-08,BA084,YES,00:00,23:59,
2023-04-08,BA127,YES,00:00,23:59,
2023-04-08,DY061,YES,00:00,23:59,
2023-04-08,DY169,YES,00:00,23:59,
2023-04-08,OH025,YES,00:00,23:59,
2023-04-08,OH059,YES,00:00,23:59,
2023-04-08,OH158,YES,00:00,23:59,
2023-04-08,OH221,NO,,,In Use Elsewhere
2023-04-08,RA029,YES,00:00,23:59,
2023-04-08,RA303,NO,,,Breakdown
2023-04-08,RA306,YES,00:00,23:59,
2023-04-08,RA373,YES,00:00,23:59,
2023-04-08,TA034,YES,00:00,23:59,
2023-04-08,TA107,YES,00:00,23:59,
2023-04-08,TA282,YES,00:00,23:59,
2023-04-08,TA291,YES,00:00,23:59,
2023-04-08,TO020,YES,00:00,23:59,
2023-04-08,TO106,YES,00:00,23:59,
2023-04-08,TO350,NO,,,Scheduled Maintenance
2023-04-09,BA144,YES,00:00,23:59,
2023-04-09,BA263,YES,00:00,23:59,
2023-04-09,BA349,YES,00:00,23:59,
2023-04-09,DY001,YES,00:00,23:59,
2023-04-09,DY138,YES,00:00,23:59,
2023-04-09,DY216,YES,00:00,23:59,
2023-04-09,DY389,YES,00:00,23:59,
2023-04-09,OH010,YES,00:00,23:59,
2023-04-09,OH023,NO,,,In Use Elsewhere
2023-04-09,OH125,YES,00:00,23:59,
2023-04-09,OH207,YES,00:00,23:59,
2023-04-09,OH382,YES,00:00,23:59,
2023-04-09,RA029,YES,00:00,23:59,
2023-04-09,RA037,YES,00:00,23:59,
2023-04-09,RA238,NO,,,Breakdown
2023-04-09,RA286,YES,00:00,23:59,
2023-04-09,RA307,YES,00:00,23:59,
2023-04-09,TA027,YES,00:00,23:59,
2023-04-09,TA147,YES,00:00,23:59,
2023-04-09,TA226,NO,,,Scheduled Maintenance
2023-04-09,TA233,YES,00:00,23:59,
2023-04-09,TA310,YES,00:00,23:59,
2023-04-09,TO258,YES,00:00,23:59,
2023-04-10,BA259,YES,00:00,23:59,
2023-04-10,BA377,YES,00:00,23:59,
2023-04-10,DY061,NO,,,Breakdown
2023-04-10,DY124,YES,00:00,23:59,
2023-04-10,DY161,YES,00:00,23:59,
2023-04-10,DY356,YES,00:00,23:59,
2023-04-10,DY398,YES,00:00,23:59,
2023-04-10,OH076,YES,00:00,23:59,
2023-04-10,OH086,NO,,,Breakdown
2023-04-10,OH372,YES,00:00,23:59,
2023-04-10,RA163,YES,00:00,23:59,
2023-04-10,RA164,YES,00:00,23:59,
2023-04-10,RA303,YES,00:00,23:59,
2023-04-10,RA376,YES,00:00,23:59,
2023-04-10,RA378,YES,00:00,23:59,
2023-04-10,TA065,YES,00:00,23:59,
2023-04-10,TA285,YES,00:00,23:59,
2023-04-10,TO250,YES,00:00,23:59,
2023-04-10,TO256,YES,00:00,23:59,
2023-04-10,TO336,YES,00:00,23:59,
2023-04-11,BA127,NO,,,In Use Elsewhere
2023-04-11,DY017,YES,00:00,23:59,
2023-04-11,DY216,YES,00:00,23:59,
2023-04-11,OH088,YES,00:00,23:59,
2023-04-11,OH366,YES,00:00,23:59,
2023-04-11,RA008,YES,00:00,23:59,
2023-04-11,RA024,YES,00:00,23:59,
2023-04-11,RA139,YES,00:00,23:59,
2023-04-11,TA211,YES,00:00,23:59,
2023-04-11,TA222,YES,00:00,23:59,
2023-04-11,TO350,YES,00:00,23:59,
2023-04-12,BA066,NO,,,Breakdown
2023-04-12,BA104,YES,00:00,23:59,
2023-04-12,BA174,YES,00:00,23:59,
2023-04-12,BA348,YES,00:00,23:59,
2023-04-12,DY045,YES,00:00,23:59,
2023-04-12,DY157,YES,00:00,23:59,
2023-04-12,DY201,YES,00:00,23:59,
2023-04-12,DY262,YES,00:00,23:59,
2023-04-12,OH253,YES,00:00,23:59,
2023-04-12,OH298,YES,00:00,23:59,
2023-04-12,RA139,YES,00:00,23:59,
2023-04-12,RA156,YES,00:00,23:59,
2023-04-12,RA268,YES,00:00,23:59,
2023-04-12,RA278,YES,00:00,23:59,
2023-04-12,RA320,YES,00:00,23:59,
2023-04-12,RA370,YES,00:00,23:59,
2023-04-12,TA068,NO,,,Scheduled Maintenance
2023-04-12,TA078,NO,,,Breakdown
2023-04-12,TA148,NO,,,In Use Elsewhere
2023-04-12,TA150,YES,00:00,23:59,
2023-04-12,TA205,YES,00:00,23:59,
2023-04-12,TA341,YES,00:00,23:59,
2023-04-12,TO243,YES,00:00,23:59,
2023-04-12,TO257,YES,00:00,23:59,
2023-04-12,TO330,YES,00:00,23:59,
2023-04-13,BA016,YES,00:00,23:59,
2023-04-13,BA022,YES,00:00,23:59,
2023-04-13,BA127,NO,,,Scheduled Maintenance
2023-04-13,BA159,YES,00:00,23:59,
2023-04-13,BA188,NO,,,Breakdown
2023-04-13,DY143,YES,00:00,23:59,
2023-04-13,DY169,YES,00:00,23:59,
2023-04-13,DY181,YES,00:00,23:59,
2023-04-13,DY217,YES,00:00,23:59,
2023-04-13,DY262,YES,00:00,23:59,
2023-04-13,DY398,YES,00:00,23:59,
2023-04-13,OH007,YES,00:00,23:59,
2023-04-13,OH023,YES,00:00,23:59,
2023-04-13,OH071,YES,00:00,23:59,
2023-04-13,OH092,YES,00:00,23:59,
2023-04-13,OH359,YES,00:00,23:59,
2023-04-13,RA192,YES,00:00,23:59,
2023-04-13,RA303,YES,00:00,23:59,
2023-04-13,RA334,NO,,,In Use Elsewhere
2023-04-13,TA075,YES,00:00,23:59,
2023-04-13,TA280,YES,00:00,23:59,
2023-04-15,BA042,YES,00:00,23:59,
2023-04-15,BA117,YES,00:00,23:59,
2023-04-15,BA128,YES,00:00,23:59,
2023-04-15,BA255,NO,,,Scheduled Maintenance
2023-04-15,BA300,YES,00:00,23:59,
2023-04-15,BA358,YES,00:00,23:59,
2023-04-15,DY012,YES,00:00,23:59,
2023-04-15,DY096,YES,00:00,23:59,
2023-04-15,DY141,NO,,,In Use Elsewhere
2023-04-15,DY235,YES,00:00,23:59,
2023-04-15,DY315,YES,00:00,23:59,
2023-04-15,DY369,YES,00:00,23:59,
2023-04-15,OH010,YES,00:00,23:59,
2023-04-15,OH093,YES,00:00,23:59,
2023-04-15,OH207,YES,00:00,23:59,
2023-04-15,OH213,YES,00:00,23:59,
2023-04-15,OH301,NO,,,Breakdown
2023-04-15,OH382,YES,00:00,23:59,
2023-04-15,RA139,NO,,,Breakdown
2023-04-15,RA162,NO,,,In Use Elsewhere
2023-04-15,RA206,YES,00:00,23:59,
2023-04-15,RA261,YES,00:00,23:59,
2023-04-15,RA397,YES,00:00,23:59,
2023-04-15,TA005,YES,00:00,23:59,
2023-04-15,TA036,YES,00:00,23:59,
2023-04-15,TA120,YES,00:00,23:59,
2023-04-15,TA218,YES,00:00,23:59,
2023-04-15,TO056,YES,00:00,23:59,
2023-04-15,TO175,NO,,,Breakdown
2023-04-15,TO187,YES,00:00,23:59,
2023-04-15,TO193,YES,00:00,23:59,
2023-04-17,BA117,YES,00:00,23:59,
2023-04-17,BA170,YES,00:00,23:59,
2023-04-17,BA259,YES,00:00,23:59,
2023-04-17,BA297,YES,00:00,23:59,
2023-04-17,BA344,YES,00:00,23:59,
2023-04-17,BA349,YES,00:00,23:59,
2023-04-17,DY012,YES,00:00,23:59,
2023-04-17,DY091,YES,00:00,23:59,
2023-04-17,DY216,YES,00:00,23:59,
2023-04-17,DY309,YES,00:00,23:59,
2023-04-17,DY327,YES,00:00,23:59,
2023-04-17,DY346,NO,,,Breakdown
2023-04-17,DY356,YES,00:00,23:59,
2023-04-17,DY379,YES,00:00,23:59,
2023-04-17,DY389,YES,00:00,23:59,
2023-04-17,OH015,YES,00:00,23:59,
2023-04-17,OH052,YES,00:00,23:59,
2023-04-17,OH086,YES,00:00,23:59,
2023-04-17,OH214,YES,00:00,23:59,
2023-04-17,RA035,YES,00:00,23:59,
2023-04-17,RA252,NO,,,Scheduled Maintenance
2023-04-17,TA034,YES,00:00,23:59,
2023-04-17,TA107,YES,00:00,23:59,
2023-04-17,TO030,YES,00:00,23:59,
2023-04-17,TO166,YES,00:00,23:59,
2023-04-17,TO284,YES,00:00,23:59,
2023-04-18,BA344,YES,00:00,23:59,
2023-04-18,DY067,YES,00:00,23:59,
2023-04-18,DY070,NO,,,Scheduled Maintenance
2023-04-18,DY091,YES,00:00,23:59,
2023-04-18,DY181,NO,,,Scheduled Maintenance
2023-04-18,DY309,YES,00:00,23:59,
2023-04-18,OH023,NO,,,In Use Elsewhere
2023-04-18,OH088,YES,00:00,23:59,
2023-04-18,OH111,YES,00:00,23:59,
2023-04-18,OH191,YES,00:00,23:59,
2023-04-18,OH311,YES,00:00,23:59,
2023-04-18,OH390,YES,00:00,23:59,
2023-04-18,RA062,NO,,,Scheduled Maintenance
2023-04-18,RA354,YES,00:00,23:59,
2023-04-18,RA360,YES,00:00,23:59,
2023-04-18,TA063,NO,,,Breakdown
2023-04-18,TA292,YES,00:00,23:59,
2023-04-18,TA302,YES,00:00,23:59,
2023-04-18,TO250,YES,00:00,23:59,
2023-04-18,TO257,YES,00:00,23:59,
2023-04-18,TO364,YES,00:00,23:59,
2023-04-19,BA259,YES,00:00,23:59,
2023-04-19,BA300,YES,00:00,23:59,
2023-04-19,BA358,NO,,,In Use Elsewhere
2023-04-19,DY121,YES,00:00,23:59,
2023-04-19,OH372,YES,00:00,23:59,
2023-04-19,RA231,YES,00:00,23:59,
2023-04-19,RA363,YES,00:00,23:59,
2023-04-19,TA054,YES,00:00,23:59,
2023-04-19,TA074,YES,00:00,23:59,
2023-04-19,TA325,NO,,,In Use Elsewhere
2023-04-19,TO364,YES,00:00,23:59,
2023-04-21,BA042,YES,00:00,23:59,
2023-04-21,BA145,YES,00:00,23:59,
2023-04-21,BA355,YES,00:00,23:59,
2023-04-21,DY060,YES,00:00,23:59,
2023-04-21,DY143,YES,00:00,23:59,
2023-04-21,DY309,YES,00:00,23:59,
2023-04-21,OH010,YES,00:00,23:59,
2023-04-21,OH183,YES,00:00,23:59,
2023-04-21,OH207,YES,00:00,23:59,
2023-04-21,OH245,YES,00:00,23:59,
2023-04-21,OH365,YES,00:00,23:59,
2023-04-21,OH395,YES,00:00,23:59,
2023-04-21,RA029,NO,,,Breakdown
2023-04-21,RA190,NO,,,Breakdown
2023-04-21,RA238,NO,,,In Use Elsewhere
2023-04-21,RA241,YES,00:00,23:59,
2023-04-21,RA252,YES,00:00,23:59,
2023-04-21,RA273,NO,,,Breakdown
2023-04-21,RA354,YES,00:00,23:59,
2023-04-21,RA363,YES,00:00,23:59,
2023-04-21,RA388,YES,00:00,23:59,
2023-04-21,TO002,YES,00:00,23:59,
2023-04-21,TO009,YES,00:00,23:59,
2023-04-21,TO044,YES,00:00,23:59,
2023-04-21,TO056,YES,00:00,23:59,
2023-04-21,TO272,YES,00:00,23:59,
2023-04-21,TO305,YES,00:00,23:59,
2023-04-23,BA094,YES,00:00,23:59,
2023-04-23,BA242,YES,00:00,23:59,
2023-04-23,BA355,YES,00:00,23:59,
2023-04-23,DY157,YES,00:00,23:59,
2023-04-23,DY169,YES,00:00,23:59,
2023-04-23,DY353,YES,00:00,23:59,
2023-04-23,OH111,NO,,,Breakdown
2023-04-23,OH160,YES,00:00,23:59,
2023-04-23,OH189,YES,00:00,23:59,
2023-04-23,RA053,NO,,,In Use Elsewhere
2023-04-23,RA085,YES,00:00,23:59,
2023-04-23,RA162,YES,00:00,23:59,
2023-04-23,TA099,YES,00:00,23:59,
2023-04-23,TA107,YES,00:00,23:59,
2023-04-23,TA310,YES,00:00,23:59,
2023-04-23,TO020,YES,00:00,23:59,
2023-04-23,TO284,YES,00:00,23:59,
2023-04-23,TO335,YES,00:00,23:59,
2023-04-24,BA097,NO,,,In Use Elsewhere
2023-04-24,BA342,NO,,,Breakdown
2023-04-24,BA355,YES,00:00,23:59,
2023-04-24,BA386,YES,00:00,23:59,
2023-04-24,DY141,YES,00:00,23:59,
2023-04-24,DY184,YES,00:00,23:59,
2023-04-24,DY232,YES,00:00,23:59,
2023-04-24,DY246,NO,,,Scheduled Maintenance
2023-04-24,DY279,YES,00:00,23:59,
2023-04-24,DY346,YES,00:00,23:59,
2023-04-24,OH092,YES,00:00,23:59,
2023-04-24,OH245,YES,00:00,23:59,
2023-04-24,OH343,NO,,,Scheduled Maintenance
2023-04-24,OH357,YES,00:00,23:59,
2023-04-24,RA008,NO,,,In Use Elsewhere
2023-04-24,RA198,YES,00:00,23:59,
2023-04-24,RA238,NO,,,In Use Elsewhere
2023-04-24,RA290,YES,00:00,23:59,
2023-04-24,RA397,YES,00:00,23:59,
2023-04-24,TA049,YES,00:00,23:59,
2023-04-24,TA140,NO,,,In Use Elsewhere
2023-04-24,TA215,YES,00:00,23:59,
2023-04-24,TO020,YES,00:00,23:59,
2023-04-24,TO250,YES,00:00,23:59,
2023-04-25,BA069,YES,00:00,23:59,
2023-04-25,BA084,YES,00:00,23:59,
2023-04-25,BA127,YES,00:00,23:59,
2023-04-25,BA274,YES,00:00,23:59,
2023-04-25,DY012,YES,00:00,23:59,
2023-04-25,DY018,YES,00:00,23:59,
2023-04-25,DY055,YES,00:00,23:59,
2023-04-25,DY061,NO,,,In Use Elsewhere
2023-04-25,DY090,NO,,,In Use Elsewhere
2023-04-25,DY169,YES,00:00,23:59,
2023-04-25,DY219,YES,00:00,23:59,
2023-04-25,DY379,YES,00:00,23:59,
2023-04-25,OH080,YES,00:00,23:59,
2023-04-25,OH142,YES,00:00,23:59,
2023-04-25,RA155,YES,00:00,23:59,
2023-04-25,RA177,YES,00:00,23:59,
2023-04-25,TA036,YES,00:00,23:59,
2023-04-25,TO272,YES,00:00,23:59,
2023-04-26,BA016,YES,00:00,23:59,
2023-04-26,BA102,YES,00:00,23:59,
2023-04-26,BA186,YES,00:00,23:59,
2023-04-26,BA266,YES,00:00,23:59,
2023-04-26,BA342,YES,00:00,23:59,
2023-04-26,BA355,YES,00:00,23:59,
2023-04-26,DY004,YES,00:00,23:59,
2023-04-26,DY090,YES,00:00,23:59,
2023-04-26,DY201,NO,,,In Use Elsewhere
2023-04-26,DY262,YES,00:00,23:59,
2023-04-26,OH015,YES,00:00,23:59,
2023-04-26,OH359,YES,00:00,23:59,
2023-04-26,RA013,YES,00:00,23:59,
2023-04-26,RA136,NO,,,In Use Elsewhere
2023-04-26,RA339,YES,00:00,23:59,
2023-04-26,TA211,YES,00:00,23:59,
2023-04-26,TO044,YES,00:00,23:59,
2023-04-26,TO047,NO,,,In Use Elsewhere
2023-04-26,TO256,YES,00:00,23:59,
2023-04-26,TO305,NO,,,Scheduled Maintenance
2023-04-27,BA079,NO,,,Breakdown
2023-04-27,BA104,YES,00:00,23:59,
2023-04-27,BA151,YES,00:00,23:59,
2023-04-27,BA153,YES,00:00,23:59,
2023-04-27,DY012,YES,00:00,23:59,
2023-04-27,DY135,YES,00:00,23:59,
2023-04-27,DY157,YES,00:00,23:59,
2023-04-27,DY180,YES,00:00,23:59,
2023-04-27,OH103,YES,00:00,23:59,
2023-04-27,OH271,YES,00:00,23:59,
2023-04-27,OH372,YES,00:00,23:59,
2023-04-27,RA029,YES,00:00,23:59,
2023-04-27,RA177,NO,,,In Use Elsewhere
2023-04-27,RA206,YES,00:00,23:59,
2023-04-27,RA307,YES,00:00,23:59,
2023-04-27,TA150,NO,,,Breakdown
2023-04-27,TA211,YES,00:00,23:59,
2023-04-27,TA269,YES,00:00,23:59,
2023-04-28,BA042,YES,00:00,23:59,
2023-04-28,BA304,YES,00:00,23:59,
2023-04-28,BA323,YES,00:00,23:59,
2023-04-28,BA342,YES,00:00,23:59,
2023-04-28,BA386,NO,,,Scheduled Maintenance
2023-04-28,DY133,YES,00:00,23:59,
2023-04-28,OH294,YES,00:00,23:59,
2023-04-28,RA286,YES,00:00,23:59,
2023-04-28,TA054,NO,,,In Use Elsewhere
2023-04-28,TA065,YES,00:00,23:59,
2023-04-28,TO009,YES,00:00,23:59,
2023-04-28,TO047,YES,00:00,23:59,
2023-04-30,BA064,YES,00:00,23:59,
2023-04-30,BA097,NO,,,In Use Elsewhere
2023-04-30,BA117,YES,00:00,23:59,
2023-04-30,BA170,YES,00:00,23:59,
2023-04-30,BA249,YES,00:00,23:59,
2023-04-30,BA259,NO,,,Breakdown
2023-04-30,DY315,YES,00:00,23:59,
2023-04-30,DY353,YES,00:00,23:59,
2023-04-30,OH130,YES,00:00,23:59,
2023-04-30,OH173,YES,00:00,23:59,
2023-04-30,OH333,YES,00:00,23:59,
2023-04-30,RA039,NO,,,Scheduled Maintenance
2023-04-30,RA204,YES,00:00,23:59,
2023-04-30,RA303,NO,,,Breakdown
2023-04-30,RA370,YES,00:00,23:59,
2023-04-30,TA075,YES,00:00,23:59,
2023-04-30,TO350,YES,00:00,23:59,
2023-05-01,BA042,NO,,,Scheduled Maintenance
2023-05-01,BA208,YES,00:00,23:59,
2023-05-01,BA209,YES,00:00,23:59,
2023-05-01,DY181,YES,00:00,23:59,
2023-05-01,DY244,YES,00:00,23:59,
2023-05-01,OH046,YES,00:00,23:59,
2023-05-01,OH052,YES,00:00,23:59,
2023-05-01,OH083,NO,,,In Use Elsewhere
2023-05-01,OH298,YES,00:00,23:59,
2023-05-01,OH311,YES,00:00,23:59,
2023-05-01,OH365,YES,00:00,23:59,
2023-05-01,OH368,YES,00:00,23:59,
2023-05-01,RA043,YES,00:00,23:59,
2023-05-01,RA162,YES,00:00,23:59,
2023-05-01,RA320,YES,00:00,23:59,
2023-05-01,RA378,YES,00:00,23:59,
2023-05-01,RA397,YES,00:00,23:59,
2023-05-01,TA108,YES,00:00,23:59,
2023-05-01,TA148,YES,00:00,23:59,
2023-05-01,TO020,YES,00:00,23:59,
2023-05-01,TO047,YES,00:00,23:59,
2023-05-01,TO243,YES,00:00,23:59,
2023-05-01,TO330,YES,00:00,23:59,
2023-05-03,BA095,YES,00:00,23:59,
2023-05-03,DY246,NO,,,In Use Elsewhere
2023-05-03,OH182,YES,00:00,23:59,
2023-05-03,OH207,NO,,,Scheduled Maintenance
2023-05-03,OH213,YES,00:00,23:59,
2023-05-03,OH298,YES,00:00,23:59,
2023-05-03,OH301,YES,00:00,23:59,
2023-05-03,OH338,YES,00:00,23:59,
2023-05-03,RA048,YES,00:00,23:59,
2023-05-03,RA114,YES,00:00,23:59,
2023-05-03,RA192,YES,00:00,23:59,
2023-05-03,RA307,YES,00:00,23:59,
2023-05-03,RA329,YES,00:00,23:59,
2023-05-03,TA283,NO,,,Scheduled Maintenance
2023-05-03,TO129,YES,00:00,23:59,
2023-05-03,TO175,YES,00:00,23:59,
2023-05-03,TO330,YES,00:00,23:59,
2023-05-04,BA104,YES,00:00,23:59,
2023-05-04,BA203,YES,00:00,23:59,
2023-05-04,BA342,YES,00:00,23:59,
2023-05-04,DY143,YES,00:00,23:59,
2023-05-04,DY178,YES,00:00,23:59,
2023-05-04,OH010,NO,,,Breakdown
2023-05-04,OH158,YES,00:00,23:59,
2023-05-04,OH176,YES,00:00,23:59,
2023-05-04,OH183,YES,00:00,23:59,
2023-05-04,OH313,NO,,,Scheduled Maintenance
2023-05-04,OH343,YES,00:00,23:59,
2023-05-04,OH357,NO,,,Scheduled Maintenance
2023-05-04,OH395,YES,00:00,23:59,
2023-05-04,RA168,YES,00:00,23:59,
2023-05-04,TA292,YES,00:00,23:59,
2023-05-04,TO030,NO,,,Breakdown
2023-05-04,TO047,YES,00:00,23:59,
2023-05-04,TO193,YES,00:00,23:59,
2023-05-05,BA016,YES,00:00,23:59,
2023-05-05,BA022,YES,00:00,23:59,
2023-05-05,BA104,YES,00:00,23:59,
2023-05-05,BA255,YES,00:00,23:59,
2023-05-05,BA323,YES,00:00,23:59,
2023-05-05,BA348,YES,00:00,23:59,
2023-05-05,DY178,YES,00:00,23:59,
2023-05-05,DY235,YES,00:00,23:59,
2023-05-05,DY262,YES,00:00,23:59,
2023-05-05,DY327,YES,00:00,23:59,
2023-05-05,DY389,YES,00:00,23:59,
2023-05-05,OH025,NO,,,In Use Elsewhere
2023-05-05,OH125,YES,00:00,23:59,
2023-05-05,OH173,NO,,,Breakdown
2023-05-05,OH301,YES,00:00,23:59,
2023-05-05,RA114,YES,00:00,23:59,
2023-05-05,RA367,NO,,,Breakdown
2023-05-05,RA378,YES,00:00,23:59,
2023-05-05,TA063,YES,00:00,23:59,
2023-05-05,TA068,YES,00:00,23:59,
2023-05-05,TA211,NO,,,Scheduled Maintenance
2023-05-05,TA227,YES,00:00,23:59,
2023-05-05,TA282,YES,00:00,23:59,
2023-05-05,TO179,YES,00:00,23:59,
2023-05-05,TO260,YES,00:00,23:59,
2023-05-05,TO305,YES,00:00,23:59,
2023-05-06,BA126,YES,00:00,23:59,
2023-05-06,BA186,YES,00:00,23:59,
2023-05-06,BA342,YES,00:00,23:59,
2023-05-06,BA381,YES,00:00,23:59,
2023-05-06,DY133,YES,00:00,23:59,
2023-05-06,DY248,YES,00:00,23:59,
2023-05-06,OH015,YES,00:00,23:59,
2023-05-06,OH092,YES,00:00,23:59,
2023-05-06,OH160,YES,00:00,23:59,
2023-05-06,OH221,YES,00:00,23:59,
2023-05-06,OH253,YES,00:00,23:59,
2023-05-06,OH395,YES,00:00,23:59,
2023-05-06,RA011,YES,00:00,23:59,
2023-05-06,RA062,YES,00:00,23:59,
2023-05-06,RA085,YES,00:00,23:59,
2023-05-06,RA200,YES,00:00,23:59,
2023-05-06,RA276,YES,00:00,23:59,
2023-05-06,RA373,YES,00:00,23:59,
2023-05-06,TA063,YES,00:00,23:59,
2023-05-06,TA148,YES,00:00,23:59,
2023-05-06,TA218,YES,00:00,23:59,
2023-05-06,TA227,YES,00:00,23:59,
2023-05-06,TA233,NO,,,In Use Elsewhere
2023-05-06,TO028,YES,00:00,23:59,
2023-05-07,DY055,YES,00:00,23:59,
2023-05-07,DY237,YES,00:00,23:59,
2023-05-07,DY262,YES,00:00,23:59,
2023-05-07,OH071,YES,00:00,23:59,
2023-05-07,OH083,YES,00:00,23:59,
2023-05-07,OH134,YES,00:00,23:59,
2023-05-07,RA116,YES,00:00,23:59,
2023-05-07,RA354,YES,00:00,23:59,
2023-05-07,RA373,YES,00:00,23:59,
2023-05-07,TA108,YES,00:00,23:59,
2023-05-07,TA120,YES,00:00,23:59,
2023-05-07,TA215,YES,00:00,23:59,
2023-05-07,TO146,YES,00:00,23:59,
2023-05-07,TO305,YES,00:00,23:59,
2023-05-09,BA097,YES,00:00,23:59,
2023-05-09,BA110,YES,00:00,23:59,
2023-05-09,BA185,YES,00:00,23:59,
2023-05-09,BA299,YES,00:00,23:59,
2023-05-09,BA377,NO,,,Scheduled Maintenance
2023-05-09,DY001,YES,00:00,23:59,
2023-05-09,DY132,YES,00:00,23:59,
2023-05-09,DY262,YES,00:00,23:59,
2023-05-09,DY374,YES,00:00,23:59,
2023-05-09,OH006,YES,00:00,23:59,
2023-05-09,OH245,YES,00:00,23:59,
2023-05-09,OH362,YES,00:00,23:59,
2023-05-09,RA043,YES,00:00,23:59,
2023-05-09,RA360,YES,00:00,23:59,
2023-05-09,TA027,YES,00:00,23:59,
2023-05-09,TA036,YES,00:00,23:59,
2023-05-09,TA120,YES,00:00,23:59,
2023-05-09,TA131,NO,,,Scheduled Maintenance
2023-05-09,TA394,YES,00:00,23:59,
2023-05-09,TO009,YES,00:00,23:59,
2023-05-09,TO038,YES,00:00,23:59,
2023-05-09,TO146,YES,00:00,23:59,
2023-05-09,TO335,YES,00:00,23:59,
2023-05-10,BA064,NO,,,In Use Elsewhere
2023-05-10,BA127,YES,00:00,23:59,
2023-05-10,BA255,YES,00:00,23:59,
2023-05-10,DY196,YES,00:00,23:59,
2023-05-10,DY369,YES,00:00,23:59,
2023-05-10,OH019,YES,00:00,23:59,
2023-05-10,RA039,YES,00:00,23:59,
2023-05-10,RA048,NO,,,Scheduled Maintenance
2023-05-10,RA081,YES,00:00,23:59,
2023-05-10,RA206,YES,00:00,23:59,
2023-05-10,RA286,YES,00:00,23:59,
2023-05-10,RA360,NO,,,Scheduled Maintenance
2023-05-10,RA391,YES,00:00,23:59,
2023-05-10,TA049,YES,00:00,23:59,
2023-05-10,TA065,YES,00:00,23:59,
2023-05-10,TA078,YES,00:00,23:59,
2023-05-10,TA137,YES,00:00,23:59,
2023-05-10,TA165,YES,00:00,23:59,
2023-05-10,TA291,NO,,,In Use Elsewhere
2023-05-10,TO109,YES,00:00,23:59,
2023-05-10,TO166,NO,,,In Use Elsewhere
2023-05-10,TO179,YES,00:00,23:59,
2023-05-10,TO350,YES,00:00,23:59,
2023-05-11,BA016,YES,00:00,23:59,
2023-05-11,BA069,YES,00:00,23:59,
2023-05-11,BA110,YES,00:00,23:59,
2023-05-11,BA159,YES,00:00,23:59,
2023-05-11,DY001,YES,00:00,23:59,
2023-05-11,DY135,YES,00:00,23:59,
2023-05-11,DY232,YES,00:00,23:59,
2023-05-11,DY237,YES,00:00,23:59,
2023-05-11,DY315,YES,00:00,23:59,
2023-05-11,OH025,YES,00:00,23:59,
2023-05-11,OH082,YES,00:00,23:59,
2023-05-11,OH086,YES,00:00,23:59,
2023-05-11,OH270,NO,,,Breakdown
2023-05-11,OH390,YES,00:00,23:59,
2023-05-11,RA340,YES,00:00,23:59,
2023-05-11,RA354,YES,00:00,23:59,
2023-05-11,RA373,YES,00:00,23:59,
2023-05-11,TA054,YES,00:00,23:59,
2023-05-11,TA063,NO,,,Scheduled Maintenance
2023-05-11,TA108,YES,00:00,23:59,
2023-05-11,TA148,NO,,,Scheduled Maintenance
2023-05-11,TA222,NO,,,Scheduled Maintenance
2023-05-11,TA275,YES,00:00,23:59,
2023-05-11,TO044,YES,00:00,23:59,
2023-05-12,BA249,YES,00:00,23:59,
2023-05-12,BA304,YES,00:00,23:59,
2023-05-12,BA349,YES,00:00,23:59,
2023-05-12,BA381,YES,00:00,23:59,
2023-05-12,DY012,YES,00:00,23:59,
2023-05-12,DY121,YES,00:00,23:59,
2023-05-12,DY122,YES,00:00,23:59,
2023-05-12,DY201,YES,00:00,23:59,
2023-05-12,DY246,YES,00:00,23:59,
2023-05-12,DY251,YES,00:00,23:59,
2023-05-12,DY279,YES,00:00,23:59,
2023-05-12,DY346,YES,00:00,23:59,
2023-05-12,DY369,YES,00:00,23:59,
2023-05-12,OH019,YES,00:00,23:59,
2023-05-12,OH368,YES,00:00,23:59,
2023-05-12,RA013,YES,00:00,23:59,
2023-05-12,RA200,NO,,,Scheduled Maintenance
2023-05-12,RA277,YES,00:00,23:59,
2023-05-12,RA339,YES,00:00,23:59,
2023-05-12,TA131,YES,00:00,23:59,
2023-05-12,TA165,YES,00:00,23:59,
2023-05-12,TA285,NO,,,Scheduled Maintenance
2023-05-12,TA289,NO,,,In Use Elsewhere
2023-05-12,TA302,NO,,,In Use Elsewhere
2023-05-12,TO041,YES,00:00,23:59,
2023-05-13,BA022,YES,00:00,23:59,
2023-05-13,BA110,YES,00:00,23:59,
2023-05-13,BA174,YES,00:00,23:59,
2023-05-13,BA185,YES,00:00,23:59,
2023-05-13,BA297,YES,00:00,23:59,
2023-05-13,BA377,YES,00:00,23:59,
2023-05-13,DY251,YES,00:00,23:59,
2023-05-13,DY322,YES,00:00,23:59,
2023-05-13,OH019,YES,00:00,23:59,
2023-05-13,OH076,YES,00:00,23:59,
2023-05-13,OH176,YES,00:00,23:59,
2023-05-13,OH359,YES,00:00,23:59,
2023-05-13,RA062,YES,00:00,23:59,
2023-05-13,RA241,YES,00:00,23:59,
2023-05-13,RA268,YES,00:00,23:59,
2023-05-13,RA277,YES,00:00,23:59,
2023-05-13,RA360,YES,00:00,23:59,
2023-05-13,TA034,YES,00:00,23:59,
2023-05-13,TA325,YES,00:00,23:59,
2023-05-13,TO193,YES,00:00,23:59,
2023-05-13,TO257,YES,00:00,23:59,
2023-05-13,TO326,YES,00:00,23:59,
2023-05-14,BA145,YES,00:00,23:59,
2023-05-14,BA188,YES,00:00,23:59,
2023-05-14,BA249,YES,00:00,23:59,
2023-05-14,BA358,NO,,,In Use Elsewhere
2023-05-14,DY018,YES,00:00,23:59,
2023-05-14,DY105,YES,00:00,23:59,
2023-05-14,DY315,YES,00:00,23:59,
2023-05-14,OH093,YES,00:00,23:59,
2023-05-14,OH103,YES,00:00,23:59,
2023-05-14,OH142,YES,00:00,23:59,
2023-05-14,OH195,YES,00:00,23:59,
2023-05-14,OH333,NO,,,Breakdown
2023-05-14,OH357,NO,,,Scheduled Maintenance
2023-05-14,RA008,NO,,,Scheduled Maintenance
2023-05-14,RA013,YES,00:00,23:59,
2023-05-14,RA363,YES,00:00,23:59,
2023-05-14,RA391,YES,00:00,23:59,
2023-05-14,TO146,YES,00:00,23:59,
2023-05-16,BA144,YES,00:00,23:59,
2023-05-16,BA170,YES,00:00,23:59,
2023-05-16,BA188,YES,00:00,23:59,
2023-05-16,BA332,YES,00:00,23:59,
2023-05-16,DY091,YES,00:00,23:59,
2023-05-16,DY152,YES,00:00,23:59,
2023-05-16,DY392,YES,00:00,23:59,
2023-05-16,OH239,NO,,,Scheduled Maintenance
2023-05-16,OH313,YES,00:00,23:59,
2023-05-16,OH368,YES,00:00,23:59,
2023-05-16,OH384,NO,,,Breakdown
2023-05-16,RA087,YES,00:00,23:59,
2023-05-16,RA192,YES,00:00,23:59,
2023-05-16,RA303,YES,00:00,23:59,
2023-05-16,TA036,YES,00:00,23:59,
2023-05-16,TO002,YES,00:00,23:59,
2023-05-16,TO044,YES,00:00,23:59,
2023-05-16,TO100,YES,00:00,23:59,
2023-05-17,BA170,YES,00:00,23:59,
2023-05-17,BA185,YES,00:00,23:59,
2023-05-17,BA293,YES,00:00,23:59,
2023-05-17,DY219,YES,00:00,23:59,
2023-05-17,OH365,YES,00:00,23:59,
2023-05-17,RA370,YES,00:00,23:59,
2023-05-17,TA034,YES,00:00,23:59,
2023-05-17,TA205,YES,00:00,23:59,
2023-05-17,TA222,YES,00:00,23:59,
2023-05-17,TO202,YES,00:00,23:59,
2023-05-18,BA022,YES,00:00,23:59,
2023-05-18,BA242,YES,00:00,23:59,
2023-05-18,BA297,NO,,,Breakdown
2023-05-18,DY309,YES,00:00,23:59,
2023-05-18,OH076,YES,00:00,23:59,
2023-05-18,OH130,YES,00:00,23:59,
2023-05-18,OH191,YES,00:00,23:59,
2023-05-18,OH197,YES,00:00,23:59,
2023-05-18,OH239,YES,00:00,23:59,
2023-05-18,OH313,YES,00:00,23:59,
2023-05-18,OH365,YES,00:00,23:59,
2023-05-18,RA008,YES,00:00,23:59,
2023-05-18,RA303,YES,00:00,23:59,
2023-05-18,TA068,YES,00:00,23:59,
2023-05-18,TA078,YES,00:00,23:59,
2023-05-18,TA171,YES,00:00,23:59,
2023-05-18,TA264,YES,00:00,23:59,
2023-05-18,TO021,NO,,,Breakdown
2023-05-18,TO041,YES,00:00,23:59,
2023-05-18,TO129,YES,00:00,23:59,
2023-05-19,BA042,YES,00:00,23:59,
2023-05-19,BA349,YES,00:00,23:59,
2023-05-19,BA383,YES,00:00,23:59,
2023-05-19,DY201,YES,00:00,23:59,
2023-05-19,OH213,YES,00:00,23:59,
2023-05-19,OH311,YES,00:00,23:59,
2023-05-19,OH318,NO,,,Scheduled Maintenance
2023-05-19,OH366,YES,00:00,23:59,
2023-05-19,RA114,YES,00:00,23:59,
2023-05-19,RA204,YES,00:00,23:59,
2023-05-19,RA276,YES,00:00,23:59,
2023-05-19,RA378,YES,00:00,23:59,
2023-05-19,TA049,YES,00:00,23:59,
2023-05-19,TA137,NO,,,Breakdown
2023-05-19,TA211,YES,00:00,23:59,
2023-05-19,TA292,YES,00:00,23:59,
2023-05-21,BA332,NO,,,Breakdown
2023-05-21,BA344,NO,,,Scheduled Maintenance
2023-05-21,DY014,YES,00:00,23:59,
2023-05-21,DY132,YES,00:00,23:59,
2023-05-21,DY161,YES,00:00,23:59,
2023-05-21,DY371,YES,00:00,23:59,
2023-05-21,DY399,YES,00:00,23:59,
2023-05-21,OH077,YES,00:00,23:59,
2023-05-21,OH221,YES,00:00,23:59,
2023-05-21,OH239,YES,00:00,23:59,
2023-05-21,OH313,YES,00:00,23:59,
2023-05-21,RA031,YES,00:00,23:59,
2023-05-21,RA234,YES,00:00,23:59,
2023-05-21,RA370,YES,00:00,23:59,
2023-05-21,RA391,YES,00:00,23:59,
2023-05-21,TA171,YES,00:00,23:59,
2023-05-21,TO009,YES,00:00,23:59,
2023-05-21,TO044,YES,00:00,23:59,
2023-05-21,TO101,YES,00:00,23:59,
2023-05-21,TO257,YES,00:00,23:59,
2023-05-21,TO258,YES,00:00,23:59,
2023-05-22,BA151,NO,,,In Use Elsewhere
2023-05-22,BA153,YES,00:00,23:59,
2023-05-22,BA349,YES,00:00,23:59,
2023-05-22,BA381,YES,00:00,23:59,
2023-05-22,DY060,YES,00:00,23:59,
2023-05-22,DY090,NO,,,In Use Elsewhere
2023-05-22,DY169,YES,00:00,23:59,
2023-05-22,OH059,YES,00:00,23:59,
2023-05-22,OH093,YES,00:00,23:59,
2023-05-22,OH182,YES,00:00,23:59,
2023-05-22,OH183,YES,00:00,23:59,
2023-05-22,RA031,YES,00:00,23:59,
2023-05-22,RA114,YES,00:00,23:59,
2023-05-22,TA027,YES,00:00,23:59,
2023-05-22,TA220,YES,00:00,23:59,
2023-05-22,TA280,YES,00:00,23:59,
2023-05-22,TO009,NO,,,Breakdown
2023-05-22,TO041,YES,00:00,23:59,
2023-05-22,TO047,YES,00:00,23:59,
2023-05-22,TO149,YES,00:00,23:59,
2023-05-22,TO223,NO,,,In Use Elsewhere
2023-05-22,TO317,YES,00:00,23:59,
2023-05-22,TO351,YES,00:00,23:59,
2023-05-23,BA102,YES,00:00,23:59,
2023-05-23,BA383,YES,00:00,23:59,
2023-05-23,DY219,YES,00:00,23:59,
2023-05-23,DY346,YES,00:00,23:59,
2023-05-23,DY379,YES,00:00,23:59,
2023-05-23,OH010,YES,00:00,23:59,
2023-05-23,OH077,YES,00:00,23:59,
2023-05-23,OH130,YES,00:00,23:59,
2023-05-23,OH142,YES,00:00,23:59,
2023-05-23,RA265,NO,,,Scheduled Maintenance
2023-05-23,RA360,YES,00:00,23:59,
2023-05-23,RA388,YES,00:00,23:59,
2023-05-23,TA118,YES,00:00,23:59,
2023-05-23,TA292,YES,00:00,23:59,
2023-05-23,TO260,YES,00:00,23:59,
2023-05-26,DY018,NO,,,Scheduled Maintenance
2023-05-26,DY040,NO,,,Scheduled Maintenance
2023-05-26,DY389,YES,00:00,23:59,
2023-05-26,OH006,YES,00:00,23:59,
2023-05-26,OH072,YES,00:00,23:59,
2023-05-26,OH372,YES,00:00,23:59,
2023-05-26,OH384,YES,00:00,23:59,
2023-05-26,RA031,NO,,,Breakdown
2023-05-26,RA037,YES,00:00,23:59,
2023-05-26,RA241,YES,00:00,23:59,
2023-05-26,RA286,YES,00:00,23:59,
2023-05-26,RA370,NO,,,Scheduled Maintenance
2023-05-26,TA005,YES,00:00,23:59,
2023-05-26,TA065,YES,00:00,23:59,
2023-05-26,TA291,YES,00:00,23:59,
2023-05-27,BA084,YES,00:00,23:59,
2023-05-27,BA110,YES,00:00,23:59,
2023-05-27,BA186,YES,00:00,23:59,
2023-05-27,BA230,YES,00:00,23:59,
2023-05-27,BA386,NO,,,Breakdown
2023-05-27,DY067,YES,00:00,23:59,
2023-05-27,DY178,YES,00:00,23:59,
2023-05-27,DY224,YES,00:00,23:59,
2023-05-27,DY356,YES,00:00,23:59,
2023-05-27,OH019,YES,00:00,23:59,
2023-05-27,OH125,YES,00:00,23:59,
2023-05-27,RA029,YES,00:00,23:59,
2023-05-27,RA162,YES,00:00,23:59,
2023-05-27,RA206,YES,00:00,23:59,
2023-05-27,RA320,YES,00:00,23:59,
2023-05-27,RA334,YES,00:00,23:59,
2023-05-27,RA375,YES,00:00,23:59,
2023-05-27,TA165,YES,00:00,23:59,
2023-05-27,TA233,YES,00:00,23:59,
2023-05-27,TA285,YES,00:00,23:59,
2023-05-27,TA289,YES,00:00,23:59,
2023-05-27,TA394,NO,,,Scheduled Maintenance
2023-05-27,TO149,YES,00:00,23:59,
2023-05-27,TO316,YES,00:00,23:59,
2023-05-27,TO326,YES,00:00,23:59,
2023-05-28,BA300,NO,,,Breakdown
2023-05-28,BA349,NO,,,Scheduled Maintenance
2023-05-28,BA383,YES,00:00,23:59,
2023-05-28,DY167,NO,,,Scheduled Maintenance
2023-05-28,DY399,YES,00:00,23:59,
2023-05-28,OH010,YES,00:00,23:59,
2023-05-28,OH365,YES,00:00,23:59,
2023-05-28,OH368,NO,,,In Use Elsewhere
2023-05-28,OH390,NO,,,Breakdown
2023-05-28,RA051,NO,,,In Use Elsewhere
2023-05-28,RA177,YES,00:00,23:59,
2023-05-28,RA200,YES,00:00,23:59,
2023-05-28,RA334,YES,00:00,23:59,
2023-05-28,TA275,YES,00:00,23:59,
2023-05-28,TO146,YES,00:00,23:59,
2023-05-28,TO175,YES,00:00,23:59,
2023-05-28,TO316,YES,00:00,23:59,
2023-05-30,BA016,NO,,,In Use Elsewhere
2023-05-30,BA097,YES,00:00,23:59,
2023-05-30,BA159,YES,00:00,23:59,
2023-05-30,BA300,YES,00:00,23:59,
2023-05-30,DY018,YES,00:00,23:59,
2023-05-30,DY167,YES,00:00,23:59,
2023-05-30,OH010,YES,00:00,23:59,
2023-05-30,OH026,NO,,,In Use Elsewhere
2023-05-30,OH080,YES,00:00,23:59,
2023-05-30,OH294,YES,00:00,23:59,
2023-05-30,RA177,YES,00:00,23:59,
2023-05-30,RA303,YES,00:00,23:59,
2023-05-30,RA373,YES,00:00,23:59,
2023-05-30,TA220,YES,00:00,23:59,
2023-05-30,TA225,YES,00:00,23:59,
2023-05-30,TO041,YES,00:00,23:59,
2023-06-01,BA084,YES,00:00,23:59,
2023-06-01,BA153,YES,00:00,23:59,
2023-06-01,DY178,NO,,,Scheduled Maintenance
2023-06-01,DY380,YES,00:00,23:59,
2023-06-01,OH083,YES,00:00,23:59,
2023-06-01,OH103,YES,00:00,23:59,
2023-06-01,OH142,YES,00:00,23:59,
2023-06-01,OH158,YES,00:00,23:59,
2023-06-01,OH173,YES,00:00,23:59,
2023-06-01,OH197,NO,,,Scheduled Maintenance
2023-06-01,OH245,YES,00:00,23:59,
2023-06-01,OH382,NO,,,Breakdown
2023-06-01,RA139,YES,00:00,23:59,
2023-06-01,RA198,NO,,,In Use Elsewhere
2023-06-01,RA200,YES,00:00,23:59,
2023-06-01,RA204,YES,00:00,23:59,
2023-06-01,RA265,NO,,,Scheduled Maintenance
2023-06-01,RA277,YES,00:00,23:59,
2023-06-01,RA376,YES,00:00,23:59,
2023-06-01,TA147,YES,00:00,23:59,
2023-06-01,TA215,YES,00:00,23:59,
2023-06-01,TA280,YES,00:00,23:59,
2023-06-01,TO256,YES,00:00,23:59,
2023-06-01,TO267,YES,00:00,23:59,
2023-06-04,BA151,YES,00:00,23:59,
2023-06-04,DY004,NO,,,Breakdown
2023-06-04,DY138,NO,,,Breakdown
2023-06-04,DY201,YES,00:00,23:59,
2023-06-04,OH253,YES,00:00,23:59,
2023-06-04,OH395,YES,00:00,23:59,
2023-06-04,RA024,NO,,,Breakdown
2023-06-04,RA062,YES,00:00,23:59,
2023-06-04,RA168,YES,00:00,23:59,
2023-06-04,RA286,YES,00:00,23:59,
2023-06-04,RA295,YES,00:00,23:59,
2023-06-04,RA320,YES,00:00,23:59,
2023-06-04,TA054,NO,,,In Use Elsewhere
2023-06-04,TA089,YES,00:00,23:59,
2023-06-04,TA211,NO,,,Scheduled Maintenance
2023-06-04,TA292,NO,,,Scheduled Maintenance
2023-06-04,TA302,YES,00:00,23:59,
2023-06-04,TA310,NO,,,Scheduled Maintenance
2023-06-04,TO228,YES,00:00,23:59,
2023-06-04,TO305,YES,00:00,23:59,
2023-06-05,BA127,NO,,,Breakdown
2023-06-05,BA274,NO,,,Scheduled Maintenance
2023-06-05,DY196,YES,00:00,23:59,
2023-06-05,DY216,YES,00:00,23:59,
2023-06-05,DY328,YES,00:00,23:59,
2023-06-05,DY379,YES,00:00,23:59,
2023-06-05,OH176,YES,00:00,23:59,
2023-06-05,OH296,NO,,,Breakdown
2023-06-05,OH347,NO,,,Breakdown
2023-06-05,OH395,YES,00:00,23:59,
2023-06-05,RA136,YES,00:00,23:59,
2023-06-05,RA163,YES,00:00,23:59,
2023-06-05,RA307,NO,,,Breakdown
2023-06-05,RA397,YES,00:00,23:59,
2023-06-05,TA394,YES,00:00,23:59,
2023-06-05,TO100,YES,00:00,23:59,
2023-06-06,BA249,NO,,,Breakdown
2023-06-06,BA259,YES,00:00,23:59,
2023-06-06,BA263,YES,00:00,23:59,
2023-06-06,DY055,YES,00:00,23:59,
2023-06-06,DY379,YES,00:00,23:59,
2023-06-06,DY398,YES,00:00,23:59,
2023-06-06,OH088,YES,00:00,23:59,
2023-06-06,OH092,YES,00:00,23:59,
2023-06-06,OH093,YES,00:00,23:59,
2023-06-06,OH301,YES,00:00,23:59,
2023-06-06,OH313,YES,00:00,23:59,
2023-06-06,OH352,YES,00:00,23:59,
2023-06-06,OH395,YES,00:00,23:59,
2023-06-06,RA013,NO,,,Breakdown
2023-06-06,RA116,YES,00:00,23:59,
2023-06-06,RA177,YES,00:00,23:59,
2023-06-06,RA200,YES,00:00,23:59,
2023-06-06,RA261,YES,00:00,23:59,
2023-06-06,RA278,YES,00:00,23:59,
2023-06-06,RA373,YES,00:00,23:59,
2023-06-06,TA150,YES,00:00,23:59,
2023-06-06,TA212,YES,00:00,23:59,
2023-06-06,TO243,YES,00:00,23:59,
2023-06-06,TO288,YES,00:00,23:59,
2023-06-07,BA185,YES,00:00,23:59,
2023-06-07,BA323,YES,00:00,23:59,
2023-06-07,BA349,YES,00:00,23:59,
2023-06-07,BA377,YES,00:00,23:59,
2023-06-07,DY132,YES,00:00,23:59,
2023-06-07,DY152,YES,00:00,23:59,
2023-06-07,DY169,YES,00:00,23:59,
2023-06-07,DY232,NO,,,Scheduled Maintenance
2023-06-07,DY379,YES,00:00,23:59,
2023-06-07,DY389,YES,00:00,23:59,
2023-06-07,OH050,YES,00:00,23:59,
2023-06-07,OH271,YES,00:00,23:59,
2023-06-07,OH318,YES,00:00,23:59,
2023-06-07,RA008,YES,00:00,23:59,
2023-06-07,TA147,YES,00:00,23:59,
2023-06-07,TA211,YES,00:00,23:59,
2023-06-07,TO175,YES,00:00,23:59,
2023-06-07,TO258,YES,00:00,23:59,
2023-06-07,TO305,YES,00:00,23:59,
2023-06-08,BA153,YES,00:00,23:59,
2023-06-08,DY055,YES,00:00,23:59,
2023-06-08,DY067,YES,00:00,23:59,
2023-06-08,DY346,YES,00:00,23:59,
2023-06-08,DY379,YES,00:00,23:59,
2023-06-08,OH086,YES,00:00,23:59,
2023-06-08,OH158,YES,00:00,23:59,
2023-06-08,RA378,YES,00:00,23:59,
2023-06-08,TA099,YES,00:00,23:59,
2023-06-08,TA171,YES,00:00,23:59,
2023-06-08,TA280,NO,,,Breakdown
2023-06-08,TA285,YES,00:00,23:59,
2023-06-08,TA302,NO,,,In Use Elsewhere
2023-06-08,TO260,YES,00:00,23:59,
2023-06-09,BA102,YES,00:00,23:59,
2023-06-09,BA249,YES,00:00,23:59,
2023-06-09,BA259,YES,00:00,23:59,
2023-06-09,DY045,YES,00:00,23:59,
2023-06-09,DY105,NO,,,Scheduled Maintenance
2023-06-09,DY115,YES,00:00,23:59,
2023-06-09,DY124,YES,00:00,23:59,
2023-06-09,DY219,YES,00:00,23:59,
2023-06-09,DY262,YES,00:00,23:59,
2023-06-09,DY392,YES,00:00,23:59,
2023-06-09,OH006,NO,,,Breakdown
2023-06-09,OH088,YES,00:00,23:59,
2023-06-09,OH160,YES,00:00,23:59,
2023-06-09,OH343,YES,00:00,23:59,
2023-06-09,RA081,YES,00:00,23:59,
2023-06-09,RA163,YES,00:00,23:59,
2023-06-09,RA238,YES,00:00,23:59,
2023-06-09,RA240,YES,00:00,23:59,
2023-06-09,RA252,YES,00:00,23:59,
2023-06-09,RA278,NO,,,Scheduled Maintenance
2023-06-09,RA387,YES,00:00,23:59,
2023-06-09,TA036,YES,00:00,23:59,
2023-06-09,TO129,NO,,,Scheduled Maintenance
2023-06-10,BA095,YES,00:00,23:59,
2023-06-10,BA242,YES,00:00,23:59,
2023-06-10,BA297,YES,00:00,23:59,
2023-06-10,BA344,YES,00:00,23:59,
2023-06-10,BA377,YES,00:00,23:59,
2023-06-10,BA386,YES,00:00,23:59,
2023-06-10,DY237,YES,00:00,23:59,
2023-06-10,OH006,YES,00:00,23:59,
2023-06-10,OH221,YES,00:00,23:59,
2023-06-10,OH301,YES,00:00,23:59,
2023-06-10,OH365,YES,00:00,23:59,
2023-06-10,RA200,NO,,,In Use Elsewhere
2023-06-10,RA273,YES,00:00,23:59,
2023-06-10,RA354,YES,00:00,23:59,
2023-06-10,RA378,YES,00:00,23:59,
2023-06-10,TA074,YES,00:00,23:59,
2023-06-10,TA099,YES,00:00,23:59,
2023-06-10,TA325,YES,00:00,23:59,
2023-06-10,TO257,YES,00:00,23:59,
2023-06-11,BA066,YES,00:00,23:59,
2023-06-11,BA097,YES,00:00,23:59,
2023-06-11,BA145,YES,00:00,23:59,
2023-06-11,DY152,YES,00:00,23:59,
2023-06-11,DY216,YES,00:00,23:59,
2023-06-11,DY380,YES,00:00,23:59,
2023-06-11,OH006,YES,00:00,23:59,
2023-06-11,OH077,NO,,,Breakdown
2023-06-11,OH125,NO,,,Breakdown
2023-06-11,OH213,YES,00:00,23:59,
2023-06-11,RA139,YES,00:00,23:59,
2023-06-11,RA156,YES,00:00,23:59,
2023-06-11,RA234,YES,00:00,23:59,
2023-06-11,RA278,NO,,,Breakdown
2023-06-11,RA308,YES,00:00,23:59,
2023-06-11,RA363,YES,00:00,23:59,
2023-06-11,RA367,YES,00:00,23:59,
2023-06-11,RA400,YES,00:00,23:59,
2023-06-11,TA147,NO,,,Breakdown
2023-06-11,TA150,YES,00:00,23:59,
2023-06-11,TA341,YES,00:00,23:59,
2023-06-11,TO187,YES,00:00,23:59,
2023-06-11,TO351,YES,00:00,23:59,
2023-06-12,BA066,NO,,,In Use Elsewhere
2023-06-12,BA128,YES,00:00,23:59,
2023-06-12,BA174,NO,,,Scheduled Maintenance
2023-06-12,BA186,YES,00:00,23:59,
2023-06-12,BA263,NO,,,In Use Elsewhere
2023-06-12,BA344,YES,00:00,23:59,
2023-06-12,BA381,YES,00:00,23:59,
2023-06-12,DY115,YES,00:00,23:59,
2023-06-12,DY201,YES,00:00,23:59,
2023-06-12,DY353,YES,00:00,23:59,
2023-06-12,OH071,NO,,,Scheduled Maintenance
2023-06-12,OH080,YES,00:00,23:59,
2023-06-12,OH191,YES,00:00,23:59,
2023-06-12,OH207,YES,00:00,23:59,
2023-06-12,OH333,YES,00:00,23:59,
2023-06-12,OH357,YES,00:00,23:59,
2023-06-12,RA303,YES,00:00,23:59,
2023-06-12,TA154,YES,00:00,23:59,
2023-06-12,TA220,YES,00:00,23:59,
2023-06-12,TA289,YES,00:00,23:59,
2023-06-12,TA325,YES,00:00,23:59,
2023-06-12,TO002,YES,00:00,23:59,
2023-06-12,TO166,NO,,,Breakdown
2023-06-12,TO250,YES,00:00,23:59,
2023-06-14,BA145,YES,00:00,23:59,
2023-06-14,BA170,YES,00:00,23:59,
2023-06-14,BA188,YES,00:00,23:59,
2023-06-14,BA297,YES,00:00,23:59,
2023-06-14,BA348,NO,,,In Use Elsewhere
2023-06-14,BA383,YES,00:00,23:59,
2023-06-14,DY004,YES,00:00,23:59,
2023-06-14,DY096,YES,00:00,23:59,
2023-06-14,DY398,YES,00:00,23:59,
2023-06-14,OH294,NO,,,Breakdown
2023-06-14,OH313,YES,00:00,23:59,
2023-06-14,RA119,YES,00:00,23:59,
2023-06-14,RA200,YES,00:00,23:59,
2023-06-14,RA240,NO,,,In Use Elsewhere
2023-06-14,RA252,YES,00:00,23:59,
2023-06-14,RA265,YES,00:00,23:59,
2023-06-14,RA295,YES,00:00,23:59,
2023-06-14,TA140,YES,00:00,23:59,
2023-06-14,TA148,YES,00:00,23:59,
2023-06-14,TA396,YES,00:00,23:59,
2023-06-14,TO002,YES,00:00,23:59,
2023-06-14,TO223,YES,00:00,23:59,
2023-06-14,TO351,YES,00:00,23:59,
2023-06-14,TO364,YES,00:00,23:59,
2023-06-15,BA355,NO,,,Breakdown
2023-06-15,DY235,YES,00:00,23:59,
2023-06-15,DY244,YES,00:00,23:59,
2023-06-15,DY327,NO,,,Scheduled Maintenance
2023-06-15,OH015,NO,,,Breakdown
2023-06-15,OH158,YES,00:00,23:59,
2023-06-15,OH271,YES,00:00,23:59,
2023-06-15,RA011,YES,00:00,23:59,
2023-06-15,RA035,YES,00:00,23:59,
2023-06-15,RA136,YES,00:00,23:59,
2023-06-15,RA162,NO,,,Breakdown
2023-06-15,RA240,YES,00:00,23:59,
2023-06-15,RA370,YES,00:00,23:59,
2023-06-15,RA400,YES,00:00,23:59,
2023-06-15,TA154,YES,00:00,23:59,
2023-06-15,TA212,YES,00:00,23:59,
2023-06-15,TO223,YES,00:00,23:59,
2023-06-15,TO267,YES,00:00,23:59,
2023-06-16,BA064,YES,00:00,23:59,
2023-06-16,BA208,NO,,,In Use Elsewhere
2023-06-16,BA230,YES,00:00,23:59,
2023-06-16,DY004,YES,00:00,23:59,
2023-06-16,DY045,YES,00:00,23:59,
2023-06-16,DY124,YES,00:00,23:59,
2023-06-16,DY346,YES,00:00,23:59,
2023-06-16,DY398,YES,00:00,23:59,
2023-06-16,OH158,YES,00:00,23:59,
2023-06-16,OH191,YES,00:00,23:59,
2023-06-16,OH357,YES,00:00,23:59,
2023-06-16,OH395,YES,00:00,23:59,
2023-06-16,RA013,YES,00:00,23:59,
2023-06-16,RA039,NO,,,Scheduled Maintenance
2023-06-16,RA114,YES,00:00,23:59,
2023-06-16,RA172,NO,,,Scheduled Maintenance
2023-06-16,RA307,YES,00:00,23:59,
2023-06-16,TA131,YES,00:00,23:59,
2023-06-16,TA226,YES,00:00,23:59,
2023-06-16,TA292,YES,00:00,23:59,
2023-06-16,TO002,YES,00:00,23:59,
2023-06-16,TO028,YES,00:00,23:59,
2023-06-16,TO223,YES,00:00,23:59,
2023-06-17,DY045,YES,00:00,23:59,
2023-06-17,DY122,YES,00:00,23:59,
2023-06-17,OH007,YES,00:00,23:59,
2023-06-17,OH019,YES,00:00,23:59,
2023-06-17,OH142,YES,00:00,23:59,
2023-06-17,OH183,YES,00:00,23:59,
2023-06-17,OH298,YES,00:00,23:59,
2023-06-17,OH368,NO,,,Scheduled Maintenance
2023-06-17,OH390,YES,00:00,23:59,
2023-06-17,RA177,NO,,,Breakdown
2023-06-17,RA277,YES,00:00,23:59,
2023-06-17,TA003,YES,00:00,23:59,
2023-06-17,TA005,YES,00:00,23:59,
2023-06-17,TA222,YES,00:00,23:59,
2023-06-17,TO020,YES,00:00,23:59,
2023-06-17,TO146,YES,00:00,23:59,
2023-06-17,TO149,YES,00:00,23:59,
2023-06-17,TO228,YES,00:00,23:59,
2023-06-17,TO257,YES,00:00,23:59,
2023-06-17,TO288,YES,00:00,23:59,
2023-06-17,TO330,YES,00:00,23:59,
2023-06-19,BA185,YES,00:00,23:59,
2023-06-19,BA209,NO,,,Scheduled Maintenance
2023-06-19,BA314,YES,00:00,23:59,
2023-06-19,DY070,YES,00:00,23:59,
2023-06-19,DY356,YES,00:00,23:59,
2023-06-19,DY399,YES,00:00,23:59,
2023-06-19,OH050,YES,00:00,23:59,
2023-06-19,OH082,YES,00:00,23:59,
2023-06-19,OH083,YES,00:00,23:59,
2023-06-19,OH130,NO,,,Scheduled Maintenance
2023-06-19,OH312,YES,00:00,23:59,
2023-06-19,OH357,YES,00:00,23:59,
2023-06-19,OH359,YES,00:00,23:59,
2023-06-19,OH372,YES,00:00,23:59,
2023-06-19,RA008,YES,00:00,23:59,
2023-06-19,RA013,YES,00:00,23:59,
2023-06-19,RA024,YES,00:00,23:59,
2023-06-19,RA139,NO,,,Breakdown
2023-06-19,RA385,NO,,,Scheduled Maintenance
2023-06-19,TA226,YES,00:00,23:59,
2023-06-19,TO101,YES,00:00,23:59,
2023-06-19,TO272,YES,00:00,23:59,
2023-06-22,BA016,NO,,,Scheduled Maintenance
2023-06-22,BA230,YES,00:00,23:59,
2023-06-22,BA299,YES,00:00,23:59,
2023-06-22,BA300,YES,00:00,23:59,
2023-06-22,BA344,YES,00:00,23:59,
2023-06-22,DY060,NO,,,Scheduled Maintenance
2023-06-22,DY135,YES,00:00,23:59,
2023-06-22,DY169,YES,00:00,23:59,
2023-06-22,DY232,YES,00:00,23:59,
2023-06-22,DY321,YES,00:00,23:59,
2023-06-22,OH010,YES,00:00,23:59,
2023-06-22,OH183,YES,00:00,23:59,
2023-06-22,OH296,YES,00:00,23:59,
2023-06-22,RA029,YES,00:00,23:59,
2023-06-22,RA053,YES,00:00,23:59,
2023-06-22,RA303,YES,00:00,23:59,
2023-06-22,RA378,YES,00:00,23:59,
2023-06-22,TA003,YES,00:00,23:59,
2023-06-22,TA036,YES,00:00,23:59,
2023-06-22,TA131,YES,00:00,23:59,
2023-06-22,TA150,YES,00:00,23:59,
2023-06-22,TA275,YES,00:00,23:59,
2023-06-23,BA016,YES,00:00,23:59,
2023-06-23,BA128,YES,00:00,23:59,
2023-06-23,BA324,YES,00:00,23:59,
2023-06-23,BA381,YES,00:00,23:59,
2023-06-23,DY319,YES,00:00,23:59,
2023-06-23,DY346,YES,00:00,23:59,
2023-06-23,OH076,YES,00:00,23:59,
2023-06-23,OH182,NO,,,In Use Elsewhere
2023-06-23,OH347,YES,00:00,23:59,
2023-06-23,RA114,YES,00:00,23:59,
2023-06-23,RA192,YES,00:00,23:59,
2023-06-23,RA320,YES,00:00,23:59,
2023-06-23,TA075,YES,00:00,23:59,
2023-06-23,TA148,YES,00:00,23:59,
2023-06-23,TA229,YES,00:00,23:59,
2023-06-23,TA275,NO,,,In Use Elsewhere
2023-06-23,TA396,YES,00:00,23:59,
2023-06-23,TO175,YES,00:00,23:59,
2023-06-23,TO305,YES,00:00,23:59,
2023-06-24,BA153,YES,00:00,23:59,
2023-06-24,BA299,YES,00:00,23:59,
2023-06-24,BA377,YES,00:00,23:59,
2023-06-24,DY115,YES,00:00,23:59,
2023-06-24,DY184,YES,00:00,23:59,
2023-06-24,OH050,YES,00:00,23:59,
2023-06-24,OH296,NO,,,Breakdown
2023-06-24,OH312,YES,00:00,23:59,
2023-06-24,OH362,YES,00:00,23:59,
2023-06-24,RA286,YES,00:00,23:59,
2023-06-24,RA290,YES,00:00,23:59,
2023-06-24,RA320,YES,00:00,23:59,
2023-06-24,RA375,YES,00:00,23:59,
2023-06-24,TA150,YES,00:00,23:59,
2023-06-24,TA233,NO,,,In Use Elsewhere
2023-06-24,TO106,YES,00:00,23:59,
2023-06-24,TO123,YES,00:00,23:59,
2023-06-24,TO351,YES,00:00,23:59,
2023-06-26,BA113,YES,00:00,23:59,
2023-06-26,BA297,YES,00:00,23:59,
2023-06-26,DY096,YES,00:00,23:59,
2023-06-26,DY217,YES,00:00,23:59,
2023-06-26,OH125,YES,00:00,23:59,
2023-06-26,OH347,YES,00:00,23:59,
2023-06-26,TA108,YES,00:00,23:59,
2023-06-26,TA150,YES,00:00,23:59,
2023-06-26,TA233,NO,,,Scheduled Maintenance
2023-06-26,TO109,YES,00:00,23:59,
2023-06-26,TO272,YES,00:00,23:59,
2023-06-26,TO316,YES,00:00,23:59,
2023-06-26,TO350,YES,00:00,23:59,
2023-06-27,BA127,NO,,,Scheduled Maintenance
2023-06-27,BA145,YES,00:00,23:59,
2023-06-27,DY169,YES,00:00,23:59,
2023-06-27,DY319,YES,00:00,23:59,
2023-06-27,DY369,YES,00:00,23:59,
2023-06-27,OH080,YES,00:00,23:59,
2023-06-27,OH176,YES,00:00,23:59,
2023-06-27,RA051,YES,00:00,23:59,
2023-06-27,RA114,YES,00:00,23:59,
2023-06-27,RA329,NO,,,In Use Elsewhere
2023-06-27,RA388,YES,00:00,23:59,
2023-06-27,RA400,NO,,,In Use Elsewhere
2023-06-27,TA131,YES,00:00,23:59,
2023-06-27,TA226,YES,00:00,23:59,
2023-06-27,TA361,YES,00:00,23:59,
2023-06-27,TO032,YES,00:00,23:59,
2023-06-29,BA064,YES,00:00,23:59,
2023-06-29,BA084,YES,00:00,23:59,
2023-06-29,BA349,NO,,,Breakdown
2023-06-29,DY122,YES,00:00,23:59,
2023-06-29,DY133,YES,00:00,23:59,
2023-06-29,DY279,YES,00:00,23:59,
2023-06-29,OH080,YES,00:00,23:59,
2023-06-29,OH160,NO,,,Breakdown
2023-06-29,OH294,YES,00:00,23:59,
2023-06-29,OH368,YES,00:00,23:59,
2023-06-29,TA005,YES,00:00,23:59,
2023-06-29,TA063,YES,00:00,23:59,
2023-06-29,TA325,YES,00:00,23:59,
2023-06-29,TO028,YES,00:00,23:59,
2023-06-29,TO179,YES,00:00,23:59,
2023-06-29,TO258,YES,00:00,23:59,
2023-07-02,BA355,YES,00:00,23:59,
2023-07-02,DY096,YES,00:00,23:59,
2023-07-02,DY132,YES,00:00,23:59,
2023-07-02,DY143,YES,00:00,23:59,
2023-07-02,DY322,YES,00:00,23:59,
2023-07-02,OH010,YES,00:00,23:59,
2023-07-02,OH076,YES,00:00,23:59,
2023-07-02,OH092,YES,00:00,23:59,
2023-07-02,OH158,YES,00:00,23:59,
2023-07-02,OH182,NO,,,Scheduled Maintenance
2023-07-02,OH239,YES,00:00,23:59,
2023-07-02,OH254,YES,00:00,23:59,
2023-07-02,RA048,YES,00:00,23:59,
2023-07-02,RA051,YES,00:00,23:59,
2023-07-02,RA085,YES,00:00,23:59,
2023-07-02,RA162,YES,00:00,23:59,
2023-07-02,RA295,YES,00:00,23:59,
2023-07-02,RA303,YES,00:00,23:59,
2023-07-02,RA397,YES,00:00,23:59,
2023-07-02,TA074,YES,00:00,23:59,
2023-07-02,TA225,YES,00:00,23:59,
2023-07-03,BA274,YES,00:00,23:59,
2023-07-03,BA348,YES,00:00,23:59,
2023-07-03,BA393,YES,00:00,23:59,
2023-07-03,DY014,YES,00:00,23:59,
2023-07-03,DY091,NO,,,Scheduled Maintenance
2023-07-03,DY180,YES,00:00,23:59,
2023-07-03,DY262,YES,00:00,23:59,
2023-07-03,DY319,YES,00:00,23:59,
2023-07-03,DY322,YES,00:00,23:59,
2023-07-03,DY369,YES,00:00,23:59,
2023-07-03,OH294,YES,00:00,23:59,
2023-07-03,OH298,YES,00:00,23:59,
2023-07-03,OH395,YES,00:00,23:59,
2023-07-03,RA360,YES,00:00,23:59,
2023-07-03,TA074,YES,00:00,23:59,
2023-07-03,TA089,YES,00:00,23:59,
2023-07-03,TA280,YES,00:00,23:59,
2023-07-03,TA282,YES,00:00,23:59,
2023-07-03,TA396,YES,00:00,23:59,
2023-07-03,TO047,YES,00:00,23:59,
2023-07-04,BA066,YES,00:00,23:59,
2023-07-04,BA084,YES,00:00,23:59,
2023-07-04,BA153,YES,00:00,23:59,
2023-07-04,BA185,YES,00:00,23:59,
2023-07-04,BA188,YES,00:00,23:59,
2023-07-04,BA242,YES,00:00,23:59,
2023-07-04,BA342,YES,00:00,23:59,
2023-07-04,BA381,YES,00:00,23:59,
2023-07-04,DY124,YES,00:00,23:59,
2023-07-04,DY216,YES,00:00,23:59,
2023-07-04,OH338,YES,00:00,23:59,
2023-07-04,OH372,YES,00:00,23:59,
2023-07-04,RA370,YES,00:00,23:59,
2023-07-04,TA089,YES,00:00,23:59,
2023-07-04,TA137,YES,00:00,23:59,
2023-07-04,TA269,YES,00:00,23:59,
2023-07-04,TA283,YES,00:00,23:59,
2023-07-04,TO106,YES,00:00,23:59,
2023-07-04,TO129,YES,00:00,23:59,
2023-07-05,BA016,YES,00:00,23:59,
2023-07-05,BA058,YES,00:00,23:59,
2023-07-05,BA102,YES,00:00,23:59,
2023-07-05,BA117,YES,00:00,23:59,
2023-07-05,DY281,NO,,,Breakdown
2023-07-05,DY328,YES,00:00,23:59,
2023-07-05,OH050,YES,00:00,23:59,
2023-07-05,OH270,YES,00:00,23:59,
2023-07-05,OH294,YES,00:00,23:59,
2023-07-05,RA008,YES,00:00,23:59,
2023-07-05,RA190,YES,00:00,23:59,
2023-07-05,TA065,NO,,,In Use Elsewhere
2023-07-05,TA199,YES,00:00,23:59,
2023-07-05,TO175,YES,00:00,23:59,
2023-07-07,BA117,YES,00:00,23:59,
2023-07-07,BA170,YES,00:00,23:59,
2023-07-07,BA242,YES,00:00,23:59,
2023-07-07,BA299,YES,00:00,23:59,
2023-07-07,BA377,YES,00:00,23:59,
2023-07-07,DY124,YES,00:00,23:59,
2023-07-07,DY132,YES,00:00,23:59,
2023-07-07,DY356,YES,00:00,23:59,
2023-07-07,OH182,YES,00:00,23:59,
2023-07-07,OH191,YES,00:00,23:59,
2023-07-07,RA339,YES,00:00,23:59,
2023-07-07,RA373,NO,,,Breakdown
2023-07-07,RA400,YES,00:00,23:59,
2023-07-07,TA078,YES,00:00,23:59,
2023-07-07,TO021,YES,00:00,23:59,
2023-07-07,TO202,YES,00:00,23:59,
2023-07-07,TO257,NO,,,Breakdown
2023-07-10,DY248,YES,00:00,23:59,
2023-07-10,DY371,YES,00:00,23:59,
2023-07-10,OH082,YES,00:00,23:59,
2023-07-10,OH271,YES,00:00,23:59,
2023-07-10,RA073,YES,00:00,23:59,
2023-07-10,RA177,YES,00:00,23:59,
2023-07-10,RA204,YES,00:00,23:59,
2023-07-10,RA339,YES,00:00,23:59,
2023-07-10,RA340,YES,00:00,23:59,
2023-07-10,TA089,NO,,,Scheduled Maintenance
2023-07-10,TA215,NO,,,Breakdown
2023-07-10,TA282,YES,00:00,23:59,
2023-07-10,TA283,YES,00:00,23:59,
2023-07-10,TA291,YES,00:00,23:59,
2023-07-10,TO123,YES,00:00,23:59,
2023-07-10,TO228,YES,00:00,23:59,
2023-07-10,TO350,YES,00:00,23:59,
2023-07-11,BA066,YES,00:00,23:59,
2023-07-11,BA084,YES,00:00,23:59,
2023-07-11,BA185,YES,00:00,23:59,
2023-07-11,BA349,YES,00:00,23:59,
2023-07-11,DY090,YES,00:00,23:59,
2023-07-11,DY184,YES,00:00,23:59,
2023-07-11,DY194,YES,00:00,23:59,
2023-07-11,DY309,YES,00:00,23:59,
2023-07-11,DY356,NO,,,Breakdown
2023-07-11,DY389,YES,00:00,23:59,
2023-07-11,OH083,YES,00:00,23:59,
2023-07-11,OH182,YES,00:00,23:59,
2023-07-11,RA037,YES,00:00,23:59,
2023-07-11,RA048,YES,00:00,23:59,
2023-07-11,TA027,YES,00:00,23:59,
2023-07-11,TA068,NO,,,In Use Elsewhere
2023-07-11,TA099,YES,00:00,23:59,
2023-07-11,TA107,YES,00:00,23:59,
2023-07-11,TO056,NO,,,In Use Elsewhere
2023-07-11,TO166,NO,,,In Use Elsewhere
2023-07-12,BA381,YES,00:00,23:59,
2023-07-12,DY060,YES,00:00,23:59,
2023-07-12,DY196,YES,00:00,23:59,
2023-07-12,OH006,YES,00:00,23:59,
2023-07-12,OH092,YES,00:00,23:59,
2023-07-12,OH173,YES,00:00,23:59,
2023-07-12,OH214,YES,00:00,23:59,
2023-07-12,RA037,YES,00:00,23:59,
2023-07-12,RA204,YES,00:00,23:59,
2023-07-12,RA370,YES,00:00,23:59,
2023-07-12,TA054,YES,00:00,23:59,
2023-07-12,TA075,YES,00:00,23:59,
2023-07-12,TA205,YES,00:00,23:59,
2023-07-12,TO193,YES,00:00,23:59,
2023-07-12,TO284,NO,,,Scheduled Maintenance
2023-07-13,BA058,YES,00:00,23:59,
2023-07-13,BA332,YES,00:00,23:59,
2023-07-13,DY061,NO,,,Breakdown
2023-07-13,DY070,YES,00:00,23:59,
2023-07-13,DY380,YES,00:00,23:59,
2023-07-13,OH125,NO,,,Breakdown
2023-07-13,RA024,YES,00:00,23:59,
2023-07-13,RA035,YES,00:00,23:59,
2023-07-13,RA136,YES,00:00,23:59,
2023-07-13,RA200,YES,00:00,23:59,
2023-07-13,RA234,YES,00:00,23:59,
2023-07-13,TA078,YES,00:00,23:59,
2023-07-13,TA131,NO,,,Breakdown
2023-07-13,TA220,YES,00:00,23:59,
2023-07-13,TA325,YES,00:00,23:59,
2023-07-13,TO041,YES,00:00,23:59,
2023-07-13,TO146,YES,00:00,23:59,
2023-07-13,TO175,YES,00:00,23:59,
2023-07-13,TO305,YES,00:00,23:59,
2023-07-14,BA022,YES,00:00,23:59,
2023-07-14,BA064,YES,00:00,23:59,
2023-07-14,BA185,YES,00:00,23:59,
2023-07-14,BA342,YES,00:00,23:59,
2023-07-14,BA355,YES,00:00,23:59,
2023-07-14,BA377,YES,00:00,23:59,
2023-07-14,DY105,NO,,,In Use Elsewhere
2023-07-14,DY132,YES,00:00,23:59,
2023-07-14,DY152,YES,00:00,23:59,
2023-07-14,DY167,NO,,,In Use Elsewhere
2023-07-14,DY379,YES,00:00,23:59,
2023-07-14,OH046,YES,00:00,23:59,
2023-07-14,OH183,YES,00:00,23:59,
2023-07-14,OH296,NO,,,Scheduled Maintenance
2023-07-14,OH368,YES,00:00,23:59,
2023-07-14,RA172,YES,00:00,23:59,
2023-07-14,TA078,YES,00:00,23:59,
2023-07-14,TA099,NO,,,In Use Elsewhere
2023-07-14,TA325,YES,00:00,23:59,
2023-07-14,TO326,YES,00:00,23:59,
2023-07-14,TO330,YES,00:00,23:59,
2023-07-15,BA064,NO,,,Scheduled Maintenance
2023-07-15,BA069,YES,00:00,23:59,
2023-07-15,BA094,YES,00:00,23:59,
2023-07-15,BA095,YES,00:00,23:59,
2023-07-15,BA145,YES,00:00,23:59,
2023-07-15,BA266,YES,00:00,23:59,
2023-07-15,DY060,YES,00:00,23:59,
2023-07-15,DY135,YES,00:00,23:59,
2023-07-15,DY180,YES,00:00,23:59,
2023-07-15,DY262,YES,00:00,23:59,
2023-07-15,DY379,YES,00:00,23:59,
2023-07-15,OH046,YES,00:00,23:59,
2023-07-15,OH158,NO,,,Scheduled Maintenance
2023-07-15,RA388,YES,00:00,23:59,
2023-07-15,TO033,YES,00:00,23:59,
2023-07-15,TO038,YES,00:00,23:59,
2023-07-15,TO202,YES,00:00,23:59,
2023-07-16,BA266,YES,00:00,23:59,
2023-07-16,DY055,YES,00:00,23:59,
2023-07-16,DY067,YES,00:00,23:59,
2023-07-16,DY091,YES,00:00,23:59,
2023-07-16,DY121,YES,00:00,23:59,
2023-07-16,DY124,YES,00:00,23:59,
2023-07-16,DY141,YES,00:00,23:59,
2023-07-16,DY321,YES,00:00,23:59,
2023-07-16,OH207,YES,00:00,23:59,
2023-07-16,OH271,YES,00:00,23:59,
2023-07-16,OH311,YES,00:00,23:59,
2023-07-16,RA164,NO,,,In Use Elsewhere
2023-07-16,RA190,YES,00:00,23:59,
2023-07-16,RA252,NO,,,Scheduled Maintenance
2023-07-16,RA303,YES,00:00,23:59,
2023-07-16,RA337,YES,00:00,23:59,
2023-07-16,RA400,YES,00:00,23:59,
2023-07-16,TA120,YES,00:00,23:59,
2023-07-16,TA211,NO,,,In Use Elsewhere
2023-07-16,TA222,NO,,,Scheduled Maintenance
2023-07-16,TA233,NO,,,In Use Elsewhere
2023-07-17,BA186,YES,00:00,23:59,
2023-07-17,BA349,YES,00:00,23:59,
2023-07-17,DY090,YES,00:00,23:59,
2023-07-17,DY184,YES,00:00,23:59,
2023-07-17,DY232,YES,00:00,23:59,
2023-07-17,OH076,NO,,,Scheduled Maintenance
2023-07-17,RA013,YES,00:00,23:59,
2023-07-17,RA081,NO,,,Breakdown
2023-07-17,RA334,YES,00:00,23:59,
2023-07-17,RA363,YES,00:00,23:59,
2023-07-17,RA385,YES,00:00,23:59,
2023-07-17,TO021,YES,00:00,23:59,
2023-07-18,BA126,YES,00:00,23:59,
2023-07-18,BA128,NO,,,Breakdown
2023-07-18,BA297,YES,00:00,23:59,
2023-07-18,DY115,YES,00:00,23:59,
2023-07-18,DY169,YES,00:00,23:59,
2023-07-18,DY196,YES,00:00,23:59,
2023-07-18,OH173,NO,,,Breakdown
2023-07-18,OH298,YES,00:00,23:59,
2023-07-18,OH359,NO,,,In Use Elsewhere
2023-07-18,RA031,YES,00:00,23:59,
2023-07-18,RA048,YES,00:00,23:59,
2023-07-18,RA204,YES,00:00,23:59,
2023-07-18,RA273,YES,00:00,23:59,
2023-07-18,RA277,YES,00:00,23:59,
2023-07-18,RA329,YES,00:00,23:59,
2023-07-18,RA376,YES,00:00,23:59,
2023-07-18,TA075,YES,00:00,23:59,
2023-07-18,TA215,NO,,,Breakdown
2023-07-18,TA233,YES,00:00,23:59,
2023-07-18,TO038,YES,00:00,23:59,
2023-07-18,TO123,YES,00:00,23:59,
2023-07-18,TO258,YES,00:00,23:59,
2023-07-18,TO305,YES,00:00,23:59,
2023-07-19,BA117,YES,00:00,23:59,
2023-07-19,BA186,YES,00:00,23:59,
2023-07-19,OH092,YES,00:00,23:59,
2023-07-19,OH333,YES,00:00,23:59,
2023-07-19,OH338,NO,,,Breakdown
2023-07-19,RA013,YES,00:00,23:59,
2023-07-19,RA136,YES,00:00,23:59,
2023-07-19,RA376,YES,00:00,23:59,
2023-07-19,TO288,YES,00:00,23:59,
2023-07-20,BA102,YES,00:00,23:59,
2023-07-20,BA117,YES,00:00,23:59,
2023-07-20,BA185,YES,00:00,23:59,
2023-07-20,BA324,YES,00:00,23:59,
2023-07-20,OH015,YES,00:00,23:59,
2023-07-20,OH197,YES,00:00,23:59,
2023-07-20,OH270,NO,,,Breakdown
2023-07-20,OH271,YES,00:00,23:59,
2023-07-20,OH294,YES,00:00,23:59,
2023-07-20,OH359,YES,00:00,23:59,
2023-07-20,OH366,YES,00:00,23:59,
2023-07-20,RA035,YES,00:00,23:59,
2023-07-20,RA139,YES,00:00,23:59,
2023-07-20,RA206,YES,00:00,23:59,
2023-07-20,TA215,NO,,,In Use Elsewhere
2023-07-20,TA285,YES,00:00,23:59,
2023-07-20,TO351,YES,00:00,23:59,
2023-07-21,BA386,YES,00:00,23:59,
2023-07-21,DY194,YES,00:00,23:59,
2023-07-21,DY236,YES,00:00,23:59,
2023-07-21,DY246,YES,00:00,23:59,
2023-07-21,DY315,YES,00:00,23:59,
2023-07-21,OH052,YES,00:00,23:59,
2023-07-21,RA031,YES,00:00,23:59,
2023-07-21,RA085,YES,00:00,23:59,
2023-07-21,TA065,YES,00:00,23:59,
2023-07-21,TO106,YES,00:00,23:59,
2023-07-28,BA126,YES,00:00,23:59,
2023-07-28,BA144,YES,00:00,23:59,
2023-07-28,BA242,YES,00:00,23:59,
2023-07-28,BA300,YES,00:00,23:59,
2023-07-28,DY045,YES,00:00,23:59,
2023-07-28,DY201,YES,00:00,23:59,
2023-07-28,DY309,NO,,,Scheduled Maintenance
2023-07-28,DY392,YES,00:00,23:59,
2023-07-28,OH207,NO,,,Breakdown
2023-07-28,OH343,YES,00:00,23:59,
2023-07-28,OH362,YES,00:00,23:59,
2023-07-28,RA073,YES,00:00,23:59,
2023-07-28,RA114,YES,00:00,23:59,
2023-07-28,RA139,YES,00:00,23:59,
2023-07-28,RA234,YES,00:00,23:59,
2023-07-28,RA241,YES,00:00,23:59,
2023-07-28,TA005,YES,00:00,23:59,
2023-07-28,TA215,YES,00:00,23:59,
2023-07-28,TA218,YES,00:00,23:59,
2023-07-28,TA394,YES,00:00,23:59,
2023-07-28,TO032,YES,00:00,23:59,
2023-07-28,TO179,YES,00:00,23:59,
2023-07-28,TO364,YES,00:00,23:59,
2023-07-29,BA255,NO,,,In Use Elsewhere
2023-07-29,OH176,NO,,,Scheduled Maintenance
2023-07-29,OH270,YES,00:00,23:59,
2023-07-29,OH333,YES,00:00,23:59,
2023-07-29,RA043,YES,00:00,23:59,
2023-07-29,RA155,YES,00:00,23:59,
2023-07-29,RA210,YES,00:00,23:59,
2023-07-29,RA268,YES,00:00,23:59,
2023-07-29,TA227,YES,00:00,23:59,
2023-07-29,TA264,YES,00:00,23:59,
2023-07-29,TA269,YES,00:00,23:59,
2023-07-29,TO044,YES,00:00,23:59,
2023-07-31,BA095,YES,00:00,23:59,
2023-07-31,BA153,YES,00:00,23:59,
2023-07-31,BA188,YES,00:00,23:59,
2023-07-31,DY045,YES,00:00,23:59,
2023-07-31,DY157,YES,00:00,23:59,
2023-07-31,OH059,YES,00:00,23:59,
2023-07-31,OH076,NO,,,In Use Elsewhere
2023-07-31,OH080,YES,00:00,23:59,
2023-07-31,OH086,YES,00:00,23:59,
2023-07-31,OH158,YES,00:00,23:59,
2023-07-31,OH313,YES,00:00,23:59,
2023-07-31,OH366,YES,00:00,23:59,
2023-07-31,RA029,YES,00:00,23:59,
2023-07-31,RA085,YES,00:00,23:59,
2023-07-31,RA241,YES,00:00,23:59,
2023-07-31,RA277,YES,00:00,23:59,
2023-07-31,TA147,YES,00:00,23:59,
2023-07-31,TA199,YES,00:00,23:59,
2023-07-31,TA225,YES,00:00,23:59,
2023-07-31,TA226,YES,00:00,23:59,
2023-07-31,TA275,YES,00:00,23:59,
2023-07-31,TA291,YES,00:00,23:59,
2023-07-31,TA292,YES,00:00,23:59,
2023-07-31,TO044,YES,00:00,23:59,
2023-07-31,TO175,YES,00:00,23:59,
2023-07-31,TO193,YES,00:00,23:59,
2023-07-31,TO260,YES,00:00,23:59,
2023-08-01,BA127,YES,00:00,23:59,
2023-08-01,BA300,YES,00:00,23:59,
2023-08-01,BA393,NO,,,Scheduled Maintenance
2023-08-01,DY152,YES,00:00,23:59,
2023-08-01,DY232,YES,00:00,23:59,
2023-08-01,DY236,YES,00:00,23:59,
2023-08-01,DY246,YES,00:00,23:59,
2023-08-01,DY369,YES,00:00,23:59,
2023-08-01,OH050,YES,00:00,23:59,
2023-08-01,OH253,YES,00:00,23:59,
2023-08-01,RA286,YES,00:00,23:59,
2023-08-01,RA320,NO,,,In Use Elsewhere
2023-08-01,RA334,YES,00:00,23:59,
2023-08-01,RA339,YES,00:00,23:59,
2023-08-01,RA400,YES,00:00,23:59,
2023-08-01,TA211,YES,00:00,23:59,
2023-08-01,TA275,YES,00:00,23:59,
2023-08-01,TO020,YES,00:00,23:59,
2023-08-01,TO257,YES,00:00,23:59,
2023-08-01,TO272,YES,00:00,23:59,
2023-08-01,TO305,NO,,,In Use Elsewhere
2023-08-02,BA128,YES,00:00,23:59,
2023-08-02,BA185,YES,00:00,23:59,
2023-08-02,BA332,YES,00:00,23:59,
2023-08-02,BA342,YES,00:00,23:59,
2023-08-02,DY045,YES,00:00,23:59,
2023-08-02,DY201,YES,00:00,23:59,
2023-08-02,DY322,YES,00:00,23:59,
2023-08-02,DY374,YES,00:00,23:59,
2023-08-02,OH239,YES,00:00,23:59,
2023-08-02,OH313,NO,,,Breakdown
2023-08-02,OH365,YES,00:00,23:59,
2023-08-02,RA013,YES,00:00,23:59,
2023-08-02,RA087,YES,00:00,23:59,
2023-08-02,RA320,YES,00:00,23:59,
2023-08-02,TO179,YES,00:00,23:59,
2023-08-03,BA324,YES,00:00,23:59,
2023-08-03,BA342,NO,,,Breakdown
2023-08-03,BA358,YES,00:00,23:59,
2023-08-03,DY178,NO,,,In Use Elsewhere
2023-08-03,DY224,YES,00:00,23:59,
2023-08-03,OH182,YES,00:00,23:59,
2023-08-03,OH333,YES,00:00,23:59,
2023-08-03,RA024,YES,00:00,23:59,
2023-08-03,RA039,YES,00:00,23:59,
2023-08-03,RA051,YES,00:00,23:59,
2023-08-03,RA062,YES,00:00,23:59,
2023-08-03,RA198,YES,00:00,23:59,
2023-08-03,RA329,YES,00:00,23:59,
2023-08-03,TA120,YES,00:00,23:59,
2023-08-03,TA229,YES,00:00,23:59,
2023-08-03,TA233,YES,00:00,23:59,
2023-08-03,TO002,YES,00:00,23:59,
2023-08-03,TO020,YES,00:00,23:59,
2023-08-03,TO179,YES,00:00,23:59,
2023-08-07,BA102,YES,00:00,23:59,
2023-08-07,BA255,YES,00:00,23:59,
2023-08-07,BA332,YES,00:00,23:59,
2023-08-07,DY105,YES,00:00,23:59,
2023-08-07,OH071,NO,,,In Use Elsewhere
2023-08-07,OH176,YES,00:00,23:59,
2023-08-07,RA081,YES,00:00,23:59,
2023-08-07,RA367,YES,00:00,23:59,
2023-08-07,TA054,YES,00:00,23:59,
2023-08-07,TA098,YES,00:00,23:59,
2023-08-07,TA211,NO,,,In Use Elsewhere
2023-08-07,TA225,YES,00:00,23:59,
2023-08-07,TA291,YES,00:00,23:59,
2023-08-07,TA394,YES,00:00,23:59,
2023-08-07,TO041,NO,,,Scheduled Maintenance
2023-08-08,BA079,YES,00:00,23:59,
2023-08-08,BA097,YES,00:00,23:59,
2023-08-08,BA117,YES,00:00,23:59,
2023-08-08,BA348,YES,00:00,23:59,
2023-08-08,DY115,YES,00:00,23:59,
2023-08-08,DY262,YES,00:00,23:59,
2023-08-08,DY279,NO,,,In Use Elsewhere
2023-08-08,DY353,YES,00:00,23:59,
2023-08-08,OH010,YES,00:00,23:59,
2023-08-08,OH130,YES,00:00,23:59,
2023-08-08,OH182,YES,00:00,23:59,
2023-08-08,OH253,NO,,,Breakdown
2023-08-08,RA139,YES,00:00,23:59,
2023-08-08,TA054,NO,,,Scheduled Maintenance
2023-08-08,TA063,YES,00:00,23:59,
2023-08-08,TA140,YES,00:00,23:59,
2023-08-08,TA218,YES,00:00,23:59,
2023-08-08,TO021,NO,,,Breakdown
2023-08-08,TO032,YES,00:00,23:59,
2023-08-08,TO047,YES,00:00,23:59,
2023-08-08,TO056,YES,00:00,23:59,
2023-08-08,TO175,YES,00:00,23:59,
2023-08-08,TO193,YES,00:00,23:59,
2023-08-08,TO336,YES,00:00,23:59,
2023-08-09,BA314,YES,00:00,23:59,
2023-08-09,BA323,YES,00:00,23:59,
2023-08-09,BA358,YES,00:00,23:59,
2023-08-09,DY004,NO,,,Scheduled Maintenance
2023-08-09,DY219,NO,,,Breakdown
2023-08-09,DY399,YES,00:00,23:59,
2023-08-09,OH059,YES,00:00,23:59,
2023-08-09,OH077,YES,00:00,23:59,
2023-08-09,OH214,YES,00:00,23:59,
2023-08-09,OH318,YES,00:00,23:59,
2023-08-09,OH357,YES,00:00,23:59,
2023-08-09,RA029,NO,,,Breakdown
2023-08-09,RA114,YES,00:00,23:59,
2023-08-09,RA268,YES,00:00,23:59,
2023-08-09,RA290,YES,00:00,23:59,
2023-08-09,RA391,YES,00:00,23:59,
2023-08-09,TA150,NO,,,In Use Elsewhere
2023-08-09,TA171,YES,00:00,23:59,
2023-08-09,TO020,YES,00:00,23:59,
2023-08-09,TO250,YES,00:00,23:59,
2023-08-09,TO256,YES,00:00,23:59,
2023-08-10,BA079,NO,,,Scheduled Maintenance
2023-08-10,BA188,YES,00:00,23:59,
2023-08-10,BA242,YES,00:00,23:59,
2023-08-10,BA259,YES,00:00,23:59,
2023-08-10,BA274,YES,00:00,23:59,
2023-08-10,BA299,YES,00:00,23:59,
2023-08-10,BA355,YES,00:00,23:59,
2023-08-10,DY060,NO,,,Breakdown
2023-08-10,DY132,YES,00:00,23:59,
2023-08-10,DY143,YES,00:00,23:59,
2023-08-10,DY309,YES,00:00,23:59,
2023-08-10,OH347,YES,00:00,23:59,
2023-08-10,OH368,NO,,,Scheduled Maintenance
2023-08-10,OH382,YES,00:00,23:59,
2023-08-10,RA163,NO,,,In Use Elsewhere
2023-08-10,RA261,YES,00:00,23:59,
2023-08-10,RA268,YES,00:00,23:59,
2023-08-10,RA397,YES,00:00,23:59,
2023-08-10,TA137,NO,,,In Use Elsewhere
2023-08-10,TA211,YES,00:00,23:59,
2023-08-10,TO109,YES,00:00,23:59,
2023-08-10,TO179,YES,00:00,23:59,
2023-08-10,TO193,YES,00:00,23:59,
2023-08-10,TO284,YES,00:00,23:59,
2023-08-10,TO350,YES,00:00,23:59,
2023-08-13,BA324,YES,00:00,23:59,
2023-08-13,BA344,YES,00:00,23:59,
2023-08-13,BA393,YES,00:00,23:59,
2023-08-13,DY132,YES,00:00,23:59,
2023-08-13,DY157,YES,00:00,23:59,
2023-08-13,DY319,YES,00:00,23:59,
2023-08-13,DY356,YES,00:00,23:59,
2023-08-13,DY380,YES,00:00,23:59,
2023-08-13,OH007,NO,,,Scheduled Maintenance
2023-08-13,OH025,YES,00:00,23:59,
2023-08-13,OH173,YES,00:00,23:59,
2023-08-13,OH197,YES,00:00,23:59,
2023-08-13,OH312,NO,,,Scheduled Maintenance
2023-08-13,OH318,YES,00:00,23:59,
2023-08-13,OH347,YES,00:00,23:59,
2023-08-13,OH352,YES,00:00,23:59,
2023-08-13,OH368,NO,,,In Use Elsewhere
2023-08-13,RA329,YES,00:00,23:59,
2023-08-13,TA140,NO,,,Scheduled Maintenance
2023-08-13,TA227,YES,00:00,23:59,
2023-08-13,TO100,YES,00:00,23:59,
2023-08-13,TO316,YES,00:00,23:59,
2023-08-13,TO326,NO,,,In Use Elsewhere
2023-08-14,BA159,YES,00:00,23:59,
2023-08-14,BA174,YES,00:00,23:59,
2023-08-14,BA208,YES,00:00,23:59,
2023-08-14,DY055,YES,00:00,23:59,
2023-08-14,DY143,YES,00:00,23:59,
2023-08-14,DY369,YES,00:00,23:59,
2023-08-14,OH076,YES,00:00,23:59,
2023-08-14,OH160,YES,00:00,23:59,
2023-08-14,OH221,YES,00:00,23:59,
2023-08-14,OH312,YES,00:00,23:59,
2023-08-14,RA008,YES,00:00,23:59,
2023-08-14,RA024,YES,00:00,23:59,
2023-08-14,RA241,YES,00:00,23:59,
2023-08-14,RA373,YES,00:00,23:59,
2023-08-14,RA375,YES,00:00,23:59,
2023-08-14,RA387,YES,00:00,23:59,
2023-08-14,TA063,YES,00:00,23:59,
2023-08-14,TA108,YES,00:00,23:59,
2023-08-14,TA199,YES,00:00,23:59,
2023-08-14,TA289,YES,00:00,23:59,
2023-08-14,TA325,YES,00:00,23:59,
2023-08-14,TO020,YES,00:00,23:59,
2023-08-14,TO146,YES,00:00,23:59,
2023-08-14,TO149,YES,00:00,23:59,
2023-08-14,TO223,YES,00:00,23:59,
2023-08-15,BA069,NO,,,Scheduled Maintenance
2023-08-15,BA274,NO,,,Breakdown
2023-08-15,BA323,NO,,,Breakdown
2023-08-15,DY045,YES,00:00,23:59,
2023-08-15,DY105,YES,00:00,23:59,
2023-08-15,OH142,YES,00:00,23:59,
2023-08-15,OH395,NO,,,Breakdown
2023-08-15,RA116,YES,00:00,23:59,
2023-08-15,RA308,YES,00:00,23:59,
2023-08-15,RA360,YES,00:00,23:59,
2023-08-15,RA378,YES,00:00,23:59,
2023-08-15,TA222,NO,,,In Use Elsewhere
2023-08-15,TA302,NO,,,Breakdown
2023-08-15,TO002,YES,00:00,23:59,
2023-08-16,BA016,YES,00:00,23:59,
2023-08-16,BA102,YES,00:00,23:59,
2023-08-16,BA203,YES,00:00,23:59,
2023-08-16,DY124,YES,00:00,23:59,
2023-08-16,OH301,YES,00:00,23:59,
2023-08-16,OH368,YES,00:00,23:59,
2023-08-16,RA116,YES,00:00,23:59,
2023-08-16,RA162,YES,00:00,23:59,
2023-08-16,RA172,YES,00:00,23:59,
2023-08-16,RA192,NO,,,Breakdown
2023-08-16,RA277,YES,00:00,23:59,
2023-08-16,RA278,YES,00:00,23:59,
2023-08-16,RA320,YES,00:00,23:59,
2023-08-16,RA375,YES,00:00,23:59,
2023-08-16,TA078,YES,00:00,23:59,
2023-08-16,TA269,YES,00:00,23:59,
2023-08-16,TO021,YES,00:00,23:59,
2023-08-16,TO129,YES,00:00,23:59,
2023-08-16,TO317,YES,00:00,23:59,
2023-08-17,BA247,YES,00:00,23:59,
2023-08-17,BA259,YES,00:00,23:59,
2023-08-17,BA263,YES,00:00,23:59,
2023-08-17,BA300,YES,00:00,23:59,
2023-08-17,BA304,YES,00:00,23:59,
2023-08-17,BA324,YES,00:00,23:59,
2023-08-17,BA332,YES,00:00,23:59,
2023-08-17,DY018,YES,00:00,23:59,
2023-08-17,DY115,YES,00:00,23:59,
2023-08-17,DY152,YES,00:00,23:59,
2023-08-17,DY236,YES,00:00,23:59,
2023-08-17,DY346,YES,00:00,23:59,
2023-08-17,DY399,YES,00:00,23:59,
2023-08-17,OH050,YES,00:00,23:59,
2023-08-17,OH052,YES,00:00,23:59,
2023-08-17,OH338,YES,00:00,23:59,
2023-08-17,RA039,YES,00:00,23:59,
2023-08-17,RA116,YES,00:00,23:59,
2023-08-17,RA277,YES,00:00,23:59,
2023-08-17,RA367,YES,00:00,23:59,
2023-08-17,TA147,NO,,,Breakdown
2023-08-17,TA150,YES,00:00,23:59,
2023-08-17,TA280,YES,00:00,23:59,
2023-08-18,BA022,YES,00:00,23:59,
2023-08-18,BA094,YES,00:00,23:59,
2023-08-18,BA095,NO,,,In Use Elsewhere
2023-08-18,BA299,NO,,,Scheduled Maintenance
2023-08-18,DY184,YES,00:00,23:59,
2023-08-18,DY237,YES,00:00,23:59,
2023-08-18,OH111,YES,00:00,23:59,
2023-08-18,OH213,YES,00:00,23:59,
2023-08-18,RA162,NO,,,In Use Elsewhere
2023-08-18,RA286,YES,00:00,23:59,
2023-08-18,RA367,YES,00:00,23:59,
2023-08-18,RA376,NO,,,In Use Elsewhere
2023-08-18,TA063,YES,00:00,23:59,
2023-08-18,TA068,YES,00:00,23:59,
2023-08-18,TA074,YES,00:00,23:59,
2023-08-18,TA131,YES,00:00,23:59,
2023-08-18,TA140,YES,00:00,23:59,
2023-08-18,TA291,YES,00:00,23:59,
2023-08-18,TA341,YES,00:00,23:59,
2023-08-18,TO044,YES,00:00,23:59,
2023-08-23,BA342,YES,00:00,23:59,
2023-08-23,BA377,YES,00:00,23:59,
2023-08-23,DY122,NO,,,Scheduled Maintenance
2023-08-23,DY161,YES,00:00,23:59,
2023-08-23,DY194,YES,00:00,23:59,
2023-08-23,DY196,YES,00:00,23:59,
2023-08-23,DY244,YES,00:00,23:59,
2023-08-23,DY251,YES,00:00,23:59,
2023-08-23,DY322,YES,00:00,23:59,
2023-08-23,DY398,YES,00:00,23:59,
2023-08-23,OH080,YES,00:00,23:59,
2023-08-23,OH093,YES,00:00,23:59,
2023-08-23,OH213,YES,00:00,23:59,
2023-08-23,OH239,YES,00:00,23:59,
2023-08-23,OH271,YES,00:00,23:59,
2023-08-23,RA240,YES,00:00,23:59,
2023-08-23,RA276,NO,,,Scheduled Maintenance
2023-08-23,RA329,YES,00:00,23:59,
2023-08-23,RA388,YES,00:00,23:59,
2023-08-23,TA154,YES,00:00,23:59,
2023-08-23,TA233,YES,00:00,23:59,
2023-08-23,TO112,YES,00:00,23:59,
2023-08-23,TO223,YES,00:00,23:59,
2023-08-24,BA249,YES,00:00,23:59,
2023-08-24,BA344,NO,,,In Use Elsewhere
2023-08-24,BA355,YES,00:00,23:59,
2023-08-24,BA381,YES,00:00,23:59,
2023-08-24,DY398,YES,00:00,23:59,
2023-08-24,OH015,YES,00:00,23:59,
2023-08-24,OH083,YES,00:00,23:59,
2023-08-24,OH111,YES,00:00,23:59,
2023-08-24,OH311,YES,00:00,23:59,
2023-08-24,RA268,YES,00:00,23:59,
2023-08-24,TA005,YES,00:00,23:59,
2023-08-24,TA148,YES,00:00,23:59,
2023-08-24,TA150,NO,,,Breakdown
2023-08-24,TA310,YES,00:00,23:59,
2023-08-24,TO041,YES,00:00,23:59,
2023-08-24,TO175,YES,00:00,23:59,
2023-08-25,BA016,YES,00:00,23:59,
2023-08-25,BA110,YES,00:00,23:59,
2023-08-25,BA159,YES,00:00,23:59,
2023-08-25,BA266,YES,00:00,23:59,
2023-08-25,BA299,YES,00:00,23:59,
2023-08-25,DY060,NO,,,Breakdown
2023-08-25,DY157,YES,00:00,23:59,
2023-08-25,DY309,YES,00:00,23:59,
2023-08-25,DY389,YES,00:00,23:59,
2023-08-25,OH182,YES,00:00,23:59,
2023-08-25,RA043,YES,00:00,23:59,
2023-08-25,RA168,NO,,,In Use Elsewhere
2023-08-25,RA231,YES,00:00,23:59,
2023-08-25,RA261,YES,00:00,23:59,
2023-08-25,RA387,YES,00:00,23:59,
2023-08-25,TA171,YES,00:00,23:59,
2023-08-25,TA205,YES,00:00,23:59,
2023-08-25,TO202,NO,,,Scheduled Maintenance
2023-08-25,TO260,YES,00:00,23:59,
2023-08-25,TO326,YES,00:00,23:59,
2023-08-25,TO336,NO,,,Scheduled Maintenance
2023-08-26,BA066,YES,00:00,23:59,
2023-08-26,BA126,NO,,,Breakdown
2023-08-26,BA145,YES,00:00,23:59,
2023-08-26,BA185,YES,00:00,23:59,
2023-08-26,BA247,YES,00:00,23:59,
2023-08-26,BA324,NO,,,Breakdown
2023-08-26,DY057,YES,00:00,23:59,
2023-08-26,DY167,YES,00:00,23:59,
2023-08-26,DY224,YES,00:00,23:59,
2023-08-26,DY244,YES,00:00,23:59,
2023-08-26,OH125,YES,00:00,23:59,
2023-08-26,OH197,YES,00:00,23:59,
2023-08-26,RA039,YES,00:00,23:59,
2023-08-26,RA048,YES,00:00,23:59,
2023-08-26,RA114,YES,00:00,23:59,
2023-08-26,RA306,YES,00:00,23:59,
2023-08-26,RA400,YES,00:00,23:59,
2023-08-26,TA099,YES,00:00,23:59,
2023-08-26,TA148,YES,00:00,23:59,
2023-08-26,TA283,YES,00:00,23:59,
2023-08-26,TA289,NO,,,In Use Elsewhere
2023-08-26,TA291,YES,00:00,23:59,
2023-08-26,TO020,YES,00:00,23:59,
2023-08-26,TO030,YES,00:00,23:59,
2023-08-26,TO223,YES,00:00,23:59,
2023-08-26,TO284,YES,00:00,23:59,
2023-08-27,BA066,YES,00:00,23:59,
2023-08-27,BA230,YES,00:00,23:59,
2023-08-27,DY017,YES,00:00,23:59,
2023-08-27,OH059,NO,,,Breakdown
2023-08-27,OH082,YES,00:00,23:59,
2023-08-27,OH134,YES,00:00,23:59,
2023-08-27,OH195,YES,00:00,23:59,
2023-08-27,OH298,YES,00:00,23:59,
2023-08-27,OH359,YES,00:00,23:59,
2023-08-27,OH362,YES,00:00,23:59,
2023-08-27,RA039,YES,00:00,23:59,
2023-08-27,RA043,YES,00:00,23:59,
2023-08-27,RA177,YES,00:00,23:59,
2023-08-27,RA198,YES,00:00,23:59,
2023-08-27,RA200,YES,00:00,23:59,
2023-08-27,RA231,NO,,,In Use Elsewhere
2023-08-27,RA238,YES,00:00,23:59,
2023-08-27,RA268,YES,00:00,23:59,
2023-08-27,TA027,YES,00:00,23:59,
2023-08-27,TA171,YES,00:00,23:59,
2023-08-27,TO032,YES,00:00,23:59,
2023-08-27,TO038,YES,00:00,23:59,
2023-08-27,TO100,YES,00:00,23:59,
2023-08-27,TO106,YES,00:00,23:59,
2023-08-27,TO350,YES,00:00,23:59,
2023-08-28,BA342,YES,00:00,23:59,
2023-08-28,DY014,YES,00:00,23:59,
2023-08-28,DY196,YES,00:00,23:59,
2023-08-28,DY369,YES,00:00,23:59,
2023-08-28,DY371,YES,00:00,23:59,
2023-08-28,OH026,YES,00:00,23:59,
2023-08-28,OH182,YES,00:00,23:59,
2023-08-28,OH338,YES,00:00,23:59,
2023-08-28,RA163,YES,00:00,23:59,
2023-08-28,RA168,YES,00:00,23:59,
2023-08-28,RA238,YES,00:00,23:59,
2023-08-28,TA131,YES,00:00,23:59,
2023-08-28,TO287,YES,00:00,23:59,
2023-08-28,TO317,YES,00:00,23:59,
2023-08-29,BA145,YES,00:00,23:59,
2023-08-29,BA332,YES,00:00,23:59,
2023-08-29,DY018,NO,,,Scheduled Maintenance
2023-08-29,DY132,YES,00:00,23:59,
2023-08-29,DY135,YES,00:00,23:59,
2023-08-29,DY331,YES,00:00,23:59,
2023-08-29,DY353,YES,00:00,23:59,
2023-08-29,DY369,YES,00:00,23:59,
2023-08-29,OH103,NO,,,Scheduled Maintenance
2023-08-29,RA087,YES,00:00,23:59,
2023-08-29,RA231,YES,00:00,23:59,
2023-08-29,TA222,NO,,,Breakdown
2023-08-29,TA225,YES,00:00,23:59,
2023-08-29,TA233,YES,00:00,23:59,
2023-08-29,TA341,YES,00:00,23:59,
2023-08-29,TO009,YES,00:00,23:59,
2023-08-29,TO032,YES,00:00,23:59,
2023-08-29,TO260,YES,00:00,23:59,
2023-08-29,TO287,YES,00:00,23:59,
2023-08-29,TO336,YES,00:00,23:59,
2023-08-30,BA209,YES,00:00,23:59,
2023-08-30,BA255,YES,00:00,23:59,
2023-08-30,BA263,YES,00:00,23:59,
2023-08-30,BA323,YES,00:00,23:59,
2023-08-30,BA349,YES,00:00,23:59,
2023-08-30,BA383,YES,00:00,23:59,
2023-08-30,DY012,YES,00:00,23:59,
2023-08-30,DY135,YES,00:00,23:59,
2023-08-30,OH076,YES,00:00,23:59,
2023-08-30,OH197,YES,00:00,23:59,
2023-08-30,OH239,YES,00:00,23:59,
2023-08-30,OH395,NO,,,Breakdown
2023-08-30,RA234,YES,00:00,23:59,
2023-08-30,RA261,YES,00:00,23:59,
2023-08-30,RA337,NO,,,Scheduled Maintenance
2023-08-30,RA360,YES,00:00,23:59,
2023-08-30,TA054,YES,00:00,23:59,
2023-08-30,TA233,YES,00:00,23:59,
2023-08-30,TA269,YES,00:00,23:59,
2023-08-30,TO100,YES,00:00,23:59,
2023-08-30,TO243,YES,00:00,23:59,
2023-09-01,BA266,YES,00:00,23:59,
2023-09-01,DY018,YES,00:00,23:59,
2023-09-01,DY040,YES,00:00,23:59,
2023-09-01,DY061,YES,00:00,23:59,
2023-09-01,DY141,YES,00:00,23:59,
2023-09-01,DY196,YES,00:00,23:59,
2023-09-01,DY216,YES,00:00,23:59,
2023-09-01,DY246,NO,,,Breakdown
2023-09-01,OH213,NO,,,Scheduled Maintenance
2023-09-01,OH221,YES,00:00,23:59,
2023-09-01,OH362,YES,00:00,23:59,
2023-09-01,RA081,NO,,,Scheduled Maintenance
2023-09-01,RA155,YES,00:00,23:59,
2023-09-01,RA273,NO,,,Breakdown
2023-09-01,RA320,YES,00:00,23:59,
2023-09-01,RA329,NO,,,In Use Elsewhere
2023-09-01,TA226,YES,00:00,23:59,
2023-09-01,TA292,YES,00:00,23:59,
2023-09-01,TO033,YES,00:00,23:59,
2023-09-01,TO284,YES,00:00,23:59,
2023-09-01,TO316,YES,00:00,23:59,
2023-09-02,BA022,YES,00:00,23:59,
2023-09-02,BA084,YES,00:00,23:59,
2023-09-02,BA159,YES,00:00,23:59,
2023-09-02,BA266,YES,00:00,23:59,
2023-09-02,BA349,NO,,,Breakdown
2023-09-02,DY115,YES,00:00,23:59,
2023-09-02,DY133,YES,00:00,23:59,
2023-09-02,DY167,NO,,,In Use Elsewhere
2023-09-02,OH142,NO,,,In Use Elsewhere
2023-09-02,OH271,YES,00:00,23:59,
2023-09-02,OH343,YES,00:00,23:59,
2023-09-02,RA116,YES,00:00,23:59,
2023-09-02,RA190,YES,00:00,23:59,
2023-09-02,RA306,YES,00:00,23:59,
2023-09-02,RA363,YES,00:00,23:59,
2023-09-03,BA069,YES,00:00,23:59,
2023-09-03,BA128,YES,00:00,23:59,
2023-09-03,BA174,YES,00:00,23:59,
2023-09-03,BA230,YES,00:00,23:59,
2023-09-03,BA274,YES,00:00,23:59,
2023-09-03,BA293,YES,00:00,23:59,
2023-09-03,DY004,YES,00:00,23:59,
2023-09-03,DY055,YES,00:00,23:59,
2023-09-03,DY061,YES,00:00,23:59,
2023-09-03,DY167,YES,00:00,23:59,
2023-09-03,DY279,YES,00:00,23:59,
2023-09-03,OH052,NO,,,Breakdown
2023-09-03,OH103,YES,00:00,23:59,
2023-09-03,OH183,YES,00:00,23:59,
2023-09-03,OH245,YES,00:00,23:59,
2023-09-03,OH253,YES,00:00,23:59,
2023-09-03,OH298,YES,00:00,23:59,
2023-09-03,OH343,YES,00:00,23:59,
2023-09-03,OH357,NO,,,Scheduled Maintenance
2023-09-03,RA008,YES,00:00,23:59,
2023-09-03,RA037,YES,00:00,23:59,
2023-09-03,RA073,YES,00:00,23:59,
2023-09-03,TA003,NO,,,Breakdown
2023-09-03,TA063,YES,00:00,23:59,
2023-09-03,TA310,YES,00:00,23:59,
2023-09-03,TO021,YES,00:00,23:59,
2023-09-03,TO166,YES,00:00,23:59,
2023-09-03,TO316,YES,00:00,23:59,
2023-09-04,BA102,YES,00:00,23:59,
2023-09-04,BA355,YES,00:00,23:59,
2023-09-04,BA381,YES,00:00,23:59,
2023-09-04,DY133,YES,00:00,23:59,
2023-09-04,DY152,YES,00:00,23:59,
2023-09-04,DY181,YES,00:00,23:59,
2023-09-04,DY281,YES,00:00,23:59,
2023-09-04,DY392,NO,,,Scheduled Maintenance
2023-09-04,OH359,NO,,,Scheduled Maintenance
2023-09-04,RA192,NO,,,Breakdown
2023-09-04,RA268,YES,00:00,23:59,
2023-09-04,RA339,YES,00:00,23:59,
2023-09-04,TA089,YES,00:00,23:59,
2023-09-04,TA233,YES,00:00,23:59,
2023-09-04,TA282,NO,,,In Use Elsewhere
2023-09-04,TA285,YES,00:00,23:59,
2023-09-04,TO038,YES,00:00,23:59,
2023-09-04,TO047,YES,00:00,23:59,
2023-09-04,TO272,YES,00:00,23:59,
2023-09-04,TO330,YES,00:00,23:59,
2023-09-05,BA128,YES,00:00,23:59,
2023-09-05,DY004,YES,00:00,23:59,
2023-09-05,DY055,YES,00:00,23:59,
2023-09-05,DY070,NO,,,In Use Elsewhere
2023-09-05,DY135,YES,00:00,23:59,
2023-09-05,DY184,YES,00:00,23:59,
2023-09-05,DY235,YES,00:00,23:59,
2023-09-05,DY262,YES,00:00,23:59,
2023-09-05,DY319,YES,00:00,23:59,
2023-09-05,OH092,NO,,,Scheduled Maintenance
2023-09-05,RA114,YES,00:00,23:59,
2023-09-05,RA278,YES,00:00,23:59,
2023-09-05,TA131,YES,00:00,23:59,
2023-09-05,TA222,YES,00:00,23:59,
2023-09-05,TA341,YES,00:00,23:59,
2023-09-05,TO002,YES,00:00,23:59,
2023-09-05,TO028,NO,,,In Use Elsewhere
2023-09-05,TO193,YES,00:00,23:59,
2023-09-06,BA126,YES,00:00,23:59,
2023-09-06,BA263,NO,,,In Use Elsewhere
2023-09-06,BA381,YES,00:00,23:59,
2023-09-06,DY012,NO,,,Breakdown
2023-09-06,DY067,YES,00:00,23:59,
2023-09-06,DY121,YES,00:00,23:59,
2023-09-06,DY216,NO,,,In Use Elsewhere
2023-09-06,DY319,NO,,,In Use Elsewhere
2023-09-06,OH023,YES,00:00,23:59,
2023-09-06,OH072,NO,,,Breakdown
2023-09-06,OH092,YES,00:00,23:59,
2023-09-06,OH176,YES,00:00,23:59,
2023-09-06,OH318,YES,00:00,23:59,
2023-09-06,OH390,YES,00:00,23:59,
2023-09-06,RA051,NO,,,Scheduled Maintenance
2023-09-06,RA139,YES,00:00,23:59,
2023-09-06,RA168,YES,00:00,23:59,
2023-09-06,RA190,YES,00:00,23:59,
2023-09-06,RA198,YES,00:00,23:59,
2023-09-06,RA367,YES,00:00,23:59,
2023-09-06,TA137,YES,00:00,23:59,
2023-09-06,TA171,YES,00:00,23:59,
2023-09-06,TO109,YES,00:00,23:59,
2023-09-06,TO243,YES,00:00,23:59,
2023-09-06,TO326,YES,00:00,23:59,
2023-09-06,TO330,YES,00:00,23:59,
2023-09-07,BA042,YES,00:00,23:59,
2023-09-07,BA079,YES,00:00,23:59,
2023-09-07,BA274,YES,00:00,23:59,
2023-09-07,DY246,YES,00:00,23:59,
2023-09-07,DY399,YES,00:00,23:59,
2023-09-07,OH006,NO,,,Scheduled Maintenance
2023-09-07,OH071,NO,,,Breakdown
2023-09-07,RA053,NO,,,Scheduled Maintenance
2023-09-07,RA164,YES,00:00,23:59,
2023-09-07,RA192,YES,00:00,23:59,
2023-09-07,RA241,YES,00:00,23:59,
2023-09-07,RA273,YES,00:00,23:59,
2023-09-07,TA089,YES,00:00,23:59,
2023-09-07,TA148,YES,00:00,23:59,
2023-09-07,TA199,YES,00:00,23:59,
2023-09-07,TA325,YES,00:00,23:59,
2023-09-07,TO009,YES,00:00,23:59,
2023-09-07,TO056,YES,00:00,23:59,
2023-09-07,TO129,YES,00:00,23:59,
2023-09-07,TO335,YES,00:00,23:59,
2023-09-08,BA293,YES,00:00,23:59,
2023-09-08,BA323,YES,00:00,23:59,
2023-09-08,BA381,NO,,,Scheduled Maintenance
2023-09-08,DY251,NO,,,Breakdown
2023-09-08,DY328,YES,00:00,23:59,
2023-09-08,DY371,YES,00:00,23:59,
2023-09-08,OH052,YES,00:00,23:59,
2023-09-08,OH221,YES,00:00,23:59,
2023-09-08,OH347,YES,00:00,23:59,
2023-09-08,OH390,YES,00:00,23:59,
2023-09-08,RA039,YES,00:00,23:59,
2023-09-08,RA051,YES,00:00,23:59,
2023-09-08,RA241,YES,00:00,23:59,
2023-09-08,TO243,YES,00:00,23:59,
2023-09-08,TO326,YES,00:00,23:59,
2023-09-09,BA151,YES,00:00,23:59,
2023-09-09,BA293,YES,00:00,23:59,
2023-09-09,BA349,YES,00:00,23:59,
2023-09-09,DY001,NO,,,In Use Elsewhere
2023-09-09,DY045,NO,,,Breakdown
2023-09-09,DY091,YES,00:00,23:59,
2023-09-09,DY105,YES,00:00,23:59,
2023-09-09,DY121,YES,00:00,23:59,
2023-09-09,DY236,YES,00:00,23:59,
2023-09-09,OH125,YES,00:00,23:59,
2023-09-09,OH134,NO,,,Breakdown
2023-09-09,OH191,YES,00:00,23:59,
2023-09-09,OH213,YES,00:00,23:59,
2023-09-09,RA155,YES,00:00,23:59,
2023-09-09,RA172,YES,00:00,23:59,
2023-09-09,RA234,YES,00:00,23:59,
2023-09-09,RA273,YES,00:00,23:59,
2023-09-09,RA378,YES,00:00,23:59,
2023-09-09,TA148,YES,00:00,23:59,
2023-09-09,TO033,NO,,,Scheduled Maintenance
2023-09-09,TO166,YES,00:00,23:59,
2023-09-09,TO179,YES,00:00,23:59,
2023-09-10,BA104,YES,00:00,23:59,
2023-09-10,BA259,NO,,,In Use Elsewhere
2023-09-10,BA386,NO,,,Breakdown
2023-09-10,DY004,YES,00:00,23:59,
2023-09-10,DY070,YES,00:00,23:59,
2023-09-10,DY132,YES,00:00,23:59,
2023-09-10,DY327,YES,00:00,23:59,
2023-09-10,OH010,NO,,,Breakdown
2023-09-10,OH026,YES,00:00,23:59,
2023-09-10,OH050,YES,00:00,23:59,
2023-09-10,OH254,YES,00:00,23:59,
2023-09-10,OH347,YES,00:00,23:59,
2023-09-10,RA048,YES,00:00,23:59,
2023-09-10,RA119,NO,,,In Use Elsewhere
2023-09-10,RA177,NO,,,Scheduled Maintenance
2023-09-10,RA200,YES,00:00,23:59,
2023-09-10,RA252,YES,00:00,23:59,
2023-09-10,RA276,YES,00:00,23:59,
2023-09-10,RA278,YES,00:00,23:59,
2023-09-10,RA360,YES,00:00,23:59,
2023-09-10,TA054,NO,,,In Use Elsewhere
2023-09-10,TO002,YES,00:00,23:59,
2023-09-10,TO123,YES,00:00,23:59,
2023-09-10,TO257,NO,,,In Use Elsewhere
2023-09-10,TO305,YES,00:00,23:59,
2023-09-11,BA066,YES,00:00,23:59,
2023-09-11,BA344,YES,00:00,23:59,
2023-09-11,DY169,YES,00:00,23:59,
2023-09-11,DY184,YES,00:00,23:59,
2023-09-11,DY194,YES,00:00,23:59,
2023-09-11,OH158,YES,00:00,23:59,
2023-09-11,OH214,YES,00:00,23:59,
2023-09-11,RA136,NO,,,In Use Elsewhere
2023-09-11,RA200,YES,00:00,23:59,
2023-09-11,RA378,YES,00:00,23:59,
2023-09-11,RA385,YES,00:00,23:59,
2023-09-11,TA099,YES,00:00,23:59,
2023-09-11,TA282,YES,00:00,23:59,
2023-09-11,TO021,NO,,,Breakdown
2023-09-11,TO351,YES,00:00,23:59,
2023-09-12,BA145,YES,00:00,23:59,
2023-09-12,BA274,YES,00:00,23:59,
2023-09-12,BA348,YES,00:00,23:59,
2023-09-12,BA358,YES,00:00,23:59,
2023-09-12,BA383,YES,00:00,23:59,
2023-09-12,DY279,YES,00:00,23:59,
2023-09-12,DY392,YES,00:00,23:59,
2023-09-12,OH086,YES,00:00,23:59,
2023-09-12,OH296,YES,00:00,23:59,
2023-09-12,OH298,YES,00:00,23:59,
2023-09-12,OH390,YES,00:00,23:59,
2023-09-12,RA231,YES,00:00,23:59,
2023-09-12,RA268,YES,00:00,23:59,
2023-09-12,RA273,YES,00:00,23:59,
2023-09-12,TO056,YES,00:00,23:59,
2023-09-12,TO146,YES,00:00,23:59,
2023-09-12,TO350,NO,,,Breakdown
2023-09-13,BA069,NO,,,Breakdown
2023-09-13,BA097,NO,,,In Use Elsewhere
2023-09-13,BA203,YES,00:00,23:59,
2023-09-13,BA297,YES,00:00,23:59,
2023-09-13,DY217,YES,00:00,23:59,
2023-09-13,DY356,YES,00:00,23:59,
2023-09-13,DY371,YES,00:00,23:59,
2023-09-13,OH046,YES,00:00,23:59,
2023-09-13,OH050,YES,00:00,23:59,
2023-09-13,OH052,YES,00:00,23:59,
2023-09-13,OH176,YES,00:00,23:59,
2023-09-13,OH245,YES,00:00,23:59,
2023-09-13,OH296,NO,,,Breakdown
2023-09-13,OH311,YES,00:00,23:59,
2023-09-13,RA039,YES,00:00,23:59,
2023-09-13,RA085,YES,00:00,23:59,
2023-09-13,RA114,YES,00:00,23:59,
2023-09-13,RA163,YES,00:00,23:59,
2023-09-13,RA252,YES,00:00,23:59,
2023-09-13,RA276,YES,00:00,23:59,
2023-09-13,RA295,YES,00:00,23:59,
2023-09-13,RA320,YES,00:00,23:59,
2023-09-13,TA137,YES,00:00,23:59,
2023-09-13,TA275,YES,00:00,23:59,
2023-09-13,TA280,YES,00:00,23:59,
2023-09-13,TO123,YES,00:00,23:59,
2023-09-13,TO243,YES,00:00,23:59,
2023-09-14,BA344,NO,,,Scheduled Maintenance
2023-09-14,DY017,YES,00:00,23:59,
2023-09-14,DY138,YES,00:00,23:59,
2023-09-14,DY251,YES,00:00,23:59,
2023-09-14,DY369,YES,00:00,23:59,
2023-09-14,DY380,YES,00:00,23:59,
2023-09-14,OH023,YES,00:00,23:59,
2023-09-14,OH071,YES,00:00,23:59,
2023-09-14,OH182,YES,00:00,23:59,
2023-09-14,OH253,YES,00:00,23:59,
2023-09-14,OH357,NO,,,Breakdown
2023-09-14,RA029,NO,,,In Use Elsewhere
2023-09-14,RA139,YES,00:00,23:59,
2023-09-14,RA177,YES,00:00,23:59,
2023-09-14,TA027,YES,00:00,23:59,
2023-09-14,TA098,YES,00:00,23:59,
2023-09-14,TA147,NO,,,Scheduled Maintenance
2023-09-14,TA264,YES,00:00,23:59,
2023-09-14,TO250,YES,00:00,23:59,
2023-09-14,TO257,YES,00:00,23:59,
2023-09-14,TO326,YES,00:00,23:59,
2023-09-15,BA097,YES,00:00,23:59,
2023-09-15,BA128,YES,00:00,23:59,
2023-09-15,BA242,YES,00:00,23:59,
2023-09-15,BA324,NO,,,In Use Elsewhere
2023-09-15,DY371,YES,00:00,23:59,
2023-09-15,OH007,YES,00:00,23:59,
2023-09-15,OH183,YES,00:00,23:59,
2023-09-15,OH270,YES,00:00,23:59,
2023-09-15,RA139,YES,00:00,23:59,
2023-09-15,RA168,YES,00:00,23:59,
2023-09-15,RA177,YES,00:00,23:59,
2023-09-15,TA074,YES,00:00,23:59,
2023-09-15,TA154,YES,00:00,23:59,
2023-09-15,TA218,YES,00:00,23:59,
2023-09-15,TA220,YES,00:00,23:59,
2023-09-15,TO056,YES,00:00,23:59,
2023-09-15,TO223,YES,00:00,23:59,
2023-09-15,TO305,YES,00:00,23:59,
2023-09-15,TO335,YES,00:00,23:59,
2023-09-16,BA170,YES,00:00,23:59,
2023-09-16,BA255,NO,,,Scheduled Maintenance
2023-09-16,BA358,YES,00:00,23:59,
2023-09-16,DY115,YES,00:00,23:59,
2023-09-16,DY141,YES,00:00,23:59,
2023-09-16,DY194,YES,00:00,23:59,
2023-09-16,DY279,NO,,,In Use Elsewhere
2023-09-16,DY345,YES,00:00,23:59,
2023-09-16,DY380,YES,00:00,23:59,
2023-09-16,OH072,YES,00:00,23:59,
2023-09-16,OH197,YES,00:00,23:59,
2023-09-16,OH207,YES,00:00,23:59,
2023-09-16,OH352,YES,00:00,23:59,
2023-09-16,RA035,YES,00:00,23:59,
2023-09-16,RA073,YES,00:00,23:59,
2023-09-16,RA081,YES,00:00,23:59,
2023-09-16,RA136,YES,00:00,23:59,
2023-09-16,RA397,YES,00:00,23:59,
2023-09-16,TA075,NO,,,Breakdown
2023-09-16,TA154,YES,00:00,23:59,
2023-09-16,TA283,YES,00:00,23:59,
2023-09-16,TO202,YES,00:00,23:59,
2023-09-16,TO316,YES,00:00,23:59,
2023-09-17,BA058,YES,00:00,23:59,
2023-09-17,BA095,YES,00:00,23:59,
2023-09-17,BA185,YES,00:00,23:59,
2023-09-17,BA299,NO,,,Scheduled Maintenance
2023-09-17,DY157,YES,00:00,23:59,
2023-09-17,DY321,YES,00:00,23:59,
2023-09-17,DY369,YES,00:00,23:59,
2023-09-17,RA119,NO,,,Scheduled Maintenance
2023-09-17,RA192,YES,00:00,23:59,
2023-09-17,RA210,YES,00:00,23:59,
2023-09-17,RA303,YES,00:00,23:59,
2023-09-17,TA003,NO,,,Breakdown
2023-09-17,TA098,YES,00:00,23:59,
2023-09-17,TA120,YES,00:00,23:59,
2023-09-17,TA137,YES,00:00,23:59,
2023-09-17,TA289,YES,00:00,23:59,
2023-09-17,TA325,YES,00:00,23:59,
2023-09-17,TO175,NO,,,Scheduled Maintenance
2023-09-17,TO228,YES,00:00,23:59,
2023-09-17,TO272,YES,00:00,23:59,
2023-09-18,BA069,YES,00:00,23:59,
2023-09-18,BA174,YES,00:00,23:59,
2023-09-18,BA188,YES,00:00,23:59,
2023-09-18,BA263,YES,00:00,23:59,
2023-09-18,DY232,YES,00:00,23:59,
2023-09-18,DY315,YES,00:00,23:59,
2023-09-18,OH125,YES,00:00,23:59,
2023-09-18,OH298,YES,00:00,23:59,
2023-09-18,OH312,YES,00:00,23:59,
2023-09-18,OH347,YES,00:00,23:59,
2023-09-18,RA192,YES,00:00,23:59,
2023-09-18,TA137,YES,00:00,23:59,
2023-09-18,TO030,YES,00:00,23:59,
2023-09-18,TO256,YES,00:00,23:59,
2023-09-18,TO284,YES,00:00,23:59,
2023-09-18,TO288,YES,00:00,23:59,
2023-09-19,BA145,YES,00:00,23:59,
2023-09-19,BA324,YES,00:00,23:59,
2023-09-19,BA344,YES,00:00,23:59,
2023-09-19,DY105,YES,00:00,23:59,
2023-09-19,DY251,YES,00:00,23:59,
2023-09-19,DY345,YES,00:00,23:59,
2023-09-19,DY346,YES,00:00,23:59,
2023-09-19,DY369,YES,00:00,23:59,
2023-09-19,DY380,YES,00:00,23:59,
2023-09-19,OH050,YES,00:00,23:59,
2023-09-19,OH195,YES,00:00,23:59,
2023-09-19,RA192,YES,00:00,23:59,
2023-09-19,RA261,YES,00:00,23:59,
2023-09-19,RA303,YES,00:00,23:59,
2023-09-19,TA027,YES,00:00,23:59,
2023-09-19,TA036,YES,00:00,23:59,
2023-09-19,TA283,YES,00:00,23:59,
2023-09-19,TO146,YES,00:00,23:59,
2023-09-20,BA151,NO,,,Scheduled Maintenance
2023-09-20,BA342,YES,00:00,23:59,
2023-09-20,BA344,YES,00:00,23:59,
2023-09-20,DY090,YES,00:00,23:59,
2023-09-20,DY184,YES,00:00,23:59,
2023-09-20,DY248,YES,00:00,23:59,
2023-09-20,DY315,YES,00:00,23:59,
2023-09-20,DY328,YES,00:00,23:59,
2023-09-20,DY353,YES,00:00,23:59,
2023-09-20,DY369,YES,00:00,23:59,
2023-09-20,DY380,YES,00:00,23:59,
2023-09-20,DY398,YES,00:00,23:59,
2023-09-20,OH111,NO,,,Scheduled Maintenance
2023-09-20,OH245,YES,00:00,23:59,
2023-09-20,OH301,YES,00:00,23:59,
2023-09-20,TA140,YES,00:00,23:59,
2023-09-20,TA212,YES,00:00,23:59,
2023-09-20,TO056,YES,00:00,23:59,
2023-09-20,TO175,NO,,,Scheduled Maintenance
2023-09-20,TO187,YES,00:00,23:59,
2023-09-22,BA104,YES,00:00,23:59,
2023-09-22,BA117,YES,00:00,23:59,
2023-09-22,BA144,NO,,,Breakdown
2023-09-22,BA230,YES,00:00,23:59,
2023-09-22,BA314,YES,00:00,23:59,
2023-09-22,BA393,NO,,,Scheduled Maintenance
2023-09-22,DY122,YES,00:00,23:59,
2023-09-22,DY167,YES,00:00,23:59,
2023-09-22,DY169,YES,00:00,23:59,
2023-09-22,DY322,YES,00:00,23:59,
2023-09-22,OH086,YES,00:00,23:59,
2023-09-22,OH103,YES,00:00,23:59,
2023-09-22,OH173,YES,00:00,23:59,
2023-09-22,OH245,YES,00:00,23:59,
2023-09-22,RA029,NO,,,Scheduled Maintenance
2023-09-22,RA391,YES,00:00,23:59,
2023-09-22,TA003,YES,00:00,23:59,
2023-09-22,TA027,YES,00:00,23:59,
2023-09-22,TA226,YES,00:00,23:59,
2023-09-22,TA275,YES,00:00,23:59,
2023-09-22,TA280,YES,00:00,23:59,
2023-09-22,TO112,YES,00:00,23:59,
2023-09-22,TO123,YES,00:00,23:59,
2023-09-22,TO288,YES,00:00,23:59,
2023-09-22,TO305,NO,,,In Use Elsewhere
2023-09-23,BA104,YES,00:00,23:59,
2023-09-23,BA348,YES,00:00,23:59,
2023-09-23,DY133,NO,,,In Use Elsewhere
2023-09-23,DY157,YES,00:00,23:59,
2023-09-23,DY237,YES,00:00,23:59,
2023-09-23,DY281,NO,,,In Use Elsewhere
2023-09-23,DY374,YES,00:00,23:59,
2023-09-23,OH182,YES,00:00,23:59,
2023-09-23,OH197,YES,00:00,23:59,
2023-09-23,OH352,YES,00:00,23:59,
2023-09-23,RA200,YES,00:00,23:59,
2023-09-23,RA265,YES,00:00,23:59,
2023-09-23,RA360,YES,00:00,23:59,
2023-09-23,TA131,YES,00:00,23:59,
2023-09-23,TA147,NO,,,Scheduled Maintenance
2023-09-23,TO030,NO,,,Scheduled Maintenance
2023-09-24,BA022,YES,00:00,23:59,
2023-09-24,BA094,YES,00:00,23:59,
2023-09-24,BA104,NO,,,Scheduled Maintenance
2023-09-24,BA151,YES,00:00,23:59,
2023-09-24,BA188,YES,00:00,23:59,
2023-09-24,BA209,YES,00:00,23:59,
2023-09-24,DY090,YES,00:00,23:59,
2023-09-24,DY124,YES,00:00,23:59,
2023-09-24,DY132,YES,00:00,23:59,
2023-09-24,DY216,YES,00:00,23:59,
2023-09-24,DY224,NO,,,Breakdown
2023-09-24,OH026,YES,00:00,23:59,
2023-09-24,OH059,NO,,,Breakdown
2023-09-24,OH130,YES,00:00,23:59,
2023-09-24,OH312,YES,00:00,23:59,
2023-09-24,OH357,YES,00:00,23:59,
2023-09-24,OH359,YES,00:00,23:59,
2023-09-24,RA035,YES,00:00,23:59,
2023-09-24,RA168,NO,,,In Use Elsewhere
2023-09-24,RA373,NO,,,Breakdown
2023-09-24,RA376,YES,00:00,23:59,
2023-09-24,TA171,NO,,,Breakdown
2023-09-24,TA282,NO,,,In Use Elsewhere
2023-09-24,TA302,YES,00:00,23:59,
2023-09-24,TO028,YES,00:00,23:59,
2023-09-24,TO033,YES,00:00,23:59,
2023-09-24,TO228,YES,00:00,23:59,
2023-09-24,TO336,NO,,,In Use Elsewhere
2023-09-25,BA058,YES,00:00,23:59,
2023-09-25,BA066,YES,00:00,23:59,
2023-09-25,BA127,NO,,,In Use Elsewhere
2023-09-25,BA324,NO,,,In Use Elsewhere
2023-09-25,BA358,NO,,,In Use Elsewhere
2023-09-25,DY067,YES,00:00,23:59,
2023-09-25,DY105,YES,00:00,23:59,
2023-09-25,DY178,YES,00:00,23:59,
2023-09-25,DY319,YES,00:00,23:59,
2023-09-25,DY392,YES,00:00,23:59,
2023-09-25,OH007,YES,00:00,23:59,
2023-09-25,OH253,YES,00:00,23:59,
2023-09-25,RA204,YES,00:00,23:59,
2023-09-25,RA210,NO,,,Breakdown
2023-09-25,RA265,YES,00:00,23:59,
2023-09-25,RA360,YES,00:00,23:59,
2023-09-25,RA387,YES,00:00,23:59,
2023-09-25,TO149,NO,,,In Use Elsewhere
2023-09-25,TO260,NO,,,Breakdown
2023-09-25,TO336,YES,00:00,23:59,
2023-09-26,BA016,YES,00:00,23:59,
2023-09-26,BA208,NO,,,In Use Elsewhere
2023-09-26,BA242,NO,,,In Use Elsewhere
2023-09-26,BA386,YES,00:00,23:59,
2023-09-26,DY018,YES,00:00,23:59,
2023-09-26,DY115,YES,00:00,23:59,
2023-09-26,DY180,NO,,,In Use Elsewhere
2023-09-26,DY246,YES,00:00,23:59,
2023-09-26,DY345,YES,00:00,23:59,
2023-09-26,DY380,YES,00:00,23:59,
2023-09-26,DY392,YES,00:00,23:59,
2023-09-26,OH088,YES,00:00,23:59,
2023-09-26,OH191,YES,00:00,23:59,
2023-09-26,OH333,YES,00:00,23:59,
2023-09-26,RA139,YES,00:00,23:59,
2023-09-26,RA192,YES,00:00,23:59,
2023-09-26,RA375,YES,00:00,23:59,
2023-09-26,TA034,YES,00:00,23:59,
2023-09-26,TO028,NO,,,Breakdown
2023-09-26,TO305,YES,00:00,23:59,
2023-09-27,BA186,YES,00:00,23:59,
2023-09-27,BA324,YES,00:00,23:59,
2023-09-27,BA332,YES,00:00,23:59,
2023-09-27,BA348,NO,,,Breakdown
2023-09-27,DY236,NO,,,Scheduled Maintenance
2023-09-27,DY281,YES,00:00,23:59,
2023-09-27,OH059,YES,00:00,23:59,
2023-09-27,OH366,YES,00:00,23:59,
2023-09-27,RA198,YES,00:00,23:59,
2023-09-27,RA240,YES,00:00,23:59,
2023-09-27,RA241,YES,00:00,23:59,
2023-09-27,RA276,YES,00:00,23:59,
2023-09-27,TA003,YES,00:00,23:59,
2023-09-27,TA220,YES,00:00,23:59,
2023-09-27,TA233,YES,00:00,23:59,
2023-09-27,TA394,YES,00:00,23:59,
2023-09-27,TO202,YES,00:00,23:59,
2023-09-27,TO305,YES,00:00,23:59,
2023-09-27,TO351,YES,00:00,23:59,
2023-09-28,BA084,NO,,,Scheduled Maintenance
2023-09-28,BA117,YES,00:00,23:59,
2023-09-28,BA174,YES,00:00,23:59,
2023-09-28,BA203,NO,,,In Use Elsewhere
2023-09-28,BA208,YES,00:00,23:59,
2023-09-28,BA323,NO,,,Breakdown
2023-09-28,BA383,YES,00:00,23:59,
2023-09-28,DY138,YES,00:00,23:59,
2023-09-28,DY216,YES,00:00,23:59,
2023-09-28,DY346,YES,00:00,23:59,
2023-09-28,OH173,NO,,,In Use Elsewhere
2023-09-28,OH352,YES,00:00,23:59,
2023-09-28,OH395,YES,00:00,23:59,
2023-09-28,RA024,YES,00:00,23:59,
2023-09-28,RA119,YES,00:00,23:59,
2023-09-28,RA155,YES,00:00,23:59,
2023-09-28,RA198,NO,,,Breakdown
2023-09-28,RA277,YES,00:00,23:59,
2023-09-28,RA306,YES,00:00,23:59,
2023-09-28,TA063,YES,00:00,23:59,
2023-09-28,TA107,YES,00:00,23:59,
2023-09-28,TA222,YES,00:00,23:59,
2023-09-28,TA280,YES,00:00,23:59,
2023-09-29,BA383,YES,00:00,23:59,
2023-09-29,DY067,YES,00:00,23:59,
2023-09-29,DY132,YES,00:00,23:59,
2023-09-29,DY236,NO,,,Breakdown
2023-09-29,DY246,NO,,,Breakdown
2023-09-29,DY248,YES,00:00,23:59,
2023-09-29,OH088,YES,00:00,23:59,
2023-09-29,OH092,NO,,,Scheduled Maintenance
2023-09-29,OH130,YES,00:00,23:59,
2023-09-29,OH173,YES,00:00,23:59,
2023-09-29,OH294,YES,00:00,23:59,
2023-09-29,OH368,NO,,,Breakdown
2023-09-29,OH382,NO,,,In Use Elsewhere
2023-09-29,TA140,YES,00:00,23:59,
2023-09-29,TA289,YES,00:00,23:59,
2023-09-29,TA292,YES,00:00,23:59,
2023-09-29,TO030,YES,00:00,23:59,
2023-09-29,TO326,YES,00:00,23:59,
2023-09-29,TO351,YES,00:00,23:59,
2023-09-30,BA102,YES,00:00,23:59,
2023-09-30,BA255,YES,00:00,23:59,
2023-09-30,BA377,NO,,,Breakdown
2023-09-30,DY055,YES,00:00,23:59,
2023-09-30,DY057,YES,00:00,23:59,
2023-09-30,DY132,NO,,,In Use Elsewhere
2023-09-30,DY194,YES,00:00,23:59,
2023-09-30,DY321,YES,00:00,23:59,
2023-09-30,DY392,YES,00:00,23:59,
2023-09-30,DY398,YES,00:00,23:59,
2023-09-30,OH010,YES,00:00,23:59,
2023-09-30,OH134,YES,00:00,23:59,
2023-09-30,OH221,YES,00:00,23:59,
2023-09-30,OH390,YES,00:00,23:59,
2023-09-30,RA062,YES,00:00,23:59,
2023-09-30,RA177,YES,00:00,23:59,
2023-09-30,RA273,YES,00:00,23:59,
2023-09-30,RA303,YES,00:00,23:59,
2023-09-30,TA285,YES,00:00,23:59,
2023-09-30,TO009,NO,,,In Use Elsewhere
2023-09-30,TO166,YES,00:00,23:59,
2023-09-30,TO316,YES,00:00,23:59,
2023-10-01,BA230,YES,00:00,23:59,
2023-10-01,BA299,NO,,,In Use Elsewhere
2023-10-01,DY096,YES,00:00,23:59,
2023-10-01,DY224,YES,00:00,23:59,
2023-10-01,DY262,YES,00:00,23:59,
2023-10-01,DY279,YES,00:00,23:59,
2023-10-01,DY380,YES,00:00,23:59,
2023-10-01,OH254,NO,,,Scheduled Maintenance
2023-10-01,OH271,YES,00:00,23:59,
2023-10-01,RA029,YES,00:00,23:59,
2023-10-01,RA119,NO,,,Scheduled Maintenance
2023-10-01,RA139,YES,00:00,23:59,
2023-10-01,RA155,YES,00:00,23:59,
2023-10-01,RA277,YES,00:00,23:59,
2023-10-01,RA303,YES,00:00,23:59,
2023-10-01,RA339,YES,00:00,23:59,
2023-10-01,RA340,YES,00:00,23:59,
2023-10-01,RA363,YES,00:00,23:59,
2023-10-01,TA233,YES,00:00,23:59,
2023-10-01,TA282,NO,,,Scheduled Maintenance
2023-10-01,TO272,YES,00:00,23:59,
2023-10-02,BA170,YES,00:00,23:59,
2023-10-02,DY040,YES,00:00,23:59,
2023-10-02,DY152,YES,00:00,23:59,
2023-10-02,OH007,YES,00:00,23:59,
2023-10-02,OH239,YES,00:00,23:59,
2023-10-02,OH313,YES,00:00,23:59,
2023-10-02,OH359,YES,00:00,23:59,
2023-10-02,RA031,YES,00:00,23:59,
2023-10-02,RA053,YES,00:00,23:59,
2023-10-02,RA200,YES,00:00,23:59,
2023-10-02,RA388,YES,00:00,23:59,
2023-10-02,TA120,YES,00:00,23:59,
2023-10-02,TA148,YES,00:00,23:59,
2023-10-02,TA215,YES,00:00,23:59,
2023-10-02,TA361,NO,,,Breakdown
2023-10-02,TA394,YES,00:00,23:59,
2023-10-02,TO193,YES,00:00,23:59,
2023-10-03,BA079,YES,00:00,23:59,
2023-10-03,BA094,YES,00:00,23:59,
2023-10-03,BA097,YES,00:00,23:59,
2023-10-03,BA186,NO,,,Scheduled Maintenance
2023-10-03,BA255,YES,00:00,23:59,
2023-10-03,BA263,YES,00:00,23:59,
2023-10-03,DY012,YES,00:00,23:59,
2023-10-03,DY152,YES,00:00,23:59,
2023-10-03,DY322,YES,00:00,23:59,
2023-10-03,DY353,YES,00:00,23:59,
2023-10-03,DY356,YES,00:00,23:59,
2023-10-03,OH023,YES,00:00,23:59,
2023-10-03,OH082,YES,00:00,23:59,
2023-10-03,OH160,YES,00:00,23:59,
2023-10-03,OH253,NO,,,In Use Elsewhere
2023-10-03,RA011,YES,00:00,23:59,
2023-10-03,RA339,YES,00:00,23:59,
2023-10-03,RA375,YES,00:00,23:59,
2023-10-03,RA376,NO,,,Breakdown
2023-10-03,TA108,YES,00:00,23:59,
2023-10-03,TA222,YES,00:00,23:59,
2023-10-03,TA226,NO,,,Breakdown
2023-10-03,TA233,YES,00:00,23:59,
2023-10-03,TO033,YES,00:00,23:59,
2023-10-03,TO101,YES,00:00,23:59,
2023-10-03,TO243,YES,00:00,23:59,
2023-10-04,BA170,YES,00:00,23:59,
2023-10-04,BA255,YES,00:00,23:59,
2023-10-04,BA300,YES,00:00,23:59,
2023-10-04,DY121,YES,00:00,23:59,
2023-10-04,DY331,YES,00:00,23:59,
2023-10-04,DY353,YES,00:00,23:59,
2023-10-04,OH025,YES,00:00,23:59,
2023-10-04,OH076,NO,,,In Use Elsewhere
2023-10-04,OH183,NO,,,In Use Elsewhere
2023-10-04,RA139,YES,00:00,23:59,
2023-10-04,RA306,YES,00:00,23:59,
2023-10-04,RA376,YES,00:00,23:59,
2023-10-04,TA089,YES,00:00,23:59,
2023-10-04,TA215,YES,00:00,23:59,
2023-10-04,TA220,YES,00:00,23:59,
2023-10-04,TA226,YES,00:00,23:59,
2023-10-04,TA396,YES,00:00,23:59,
2023-10-04,TO020,YES,00:00,23:59,
2023-10-04,TO106,YES,00:00,23:59,
2023-10-04,TO288,YES,00:00,23:59,
2023-10-06,BA084,YES,00:00,23:59,
2023-10-06,BA174,YES,00:00,23:59,
2023-10-06,BA297,YES,00:00,23:59,
2023-10-06,DY141,NO,,,In Use Elsewhere
2023-10-06,DY169,YES,00:00,23:59,
2023-10-06,DY315,YES,00:00,23:59,
2023-10-06,DY328,YES,00:00,23:59,
2023-10-06,OH071,YES,00:00,23:59,
2023-10-06,OH077,YES,00:00,23:59,
2023-10-06,OH158,YES,00:00,23:59,
2023-10-06,OH197,YES,00:00,23:59,
2023-10-06,RA013,YES,00:00,23:59,
2023-10-06,RA037,YES,00:00,23:59,
2023-10-06,RA198,YES,00:00,23:59,
2023-10-06,RA388,YES,00:00,23:59,
2023-10-06,RA400,YES,00:00,23:59,
2023-10-06,TA099,YES,00:00,23:59,
2023-10-06,TA148,YES,00:00,23:59,
2023-10-06,TA225,YES,00:00,23:59,
2023-10-06,TA275,YES,00:00,23:59,
2023-10-06,TO256,YES,00:00,23:59,
2023-10-06,TO326,YES,00:00,23:59,
2023-10-07,BA058,YES,00:00,23:59,
2023-10-07,DY045,YES,00:00,23:59,
2023-10-07,DY096,YES,00:00,23:59,
2023-10-07,DY184,YES,00:00,23:59,
2023-10-07,DY236,YES,00:00,23:59,
2023-10-07,OH059,YES,00:00,23:59,
2023-10-07,OH245,NO,,,Scheduled Maintenance
2023-10-07,OH390,YES,00:00,23:59,
2023-10-07,OH395,YES,00:00,23:59,
2023-10-07,RA295,YES,00:00,23:59,
2023-10-07,RA329,NO,,,In Use Elsewhere
2023-10-07,TA089,YES,00:00,23:59,
2023-10-07,TA098,YES,00:00,23:59,
2023-10-07,TA220,YES,00:00,23:59,
2023-10-07,TA225,YES,00:00,23:59,
2023-10-07,TO056,YES,00:00,23:59,
2023-10-07,TO149,YES,00:00,23:59,
2023-10-07,TO287,YES,00:00,23:59,
2023-10-08,BA159,YES,00:00,23:59,
2023-10-08,BA186,YES,00:00,23:59,
2023-10-08,BA266,YES,00:00,23:59,
2023-10-08,BA381,YES,00:00,23:59,
2023-10-08,DY045,YES,00:00,23:59,
2023-10-08,DY124,NO,,,Scheduled Maintenance
2023-10-08,DY180,YES,00:00,23:59,
2023-10-08,DY328,YES,00:00,23:59,
2023-10-08,OH059,NO,,,Breakdown
2023-10-08,OH071,YES,00:00,23:59,
2023-10-08,OH158,YES,00:00,23:59,
2023-10-08,OH221,YES,00:00,23:59,
2023-10-08,OH296,YES,00:00,23:59,
2023-10-08,OH384,NO,,,Breakdown
2023-10-08,RA053,NO,,,Scheduled Maintenance
2023-10-08,RA156,NO,,,In Use Elsewhere
2023-10-08,RA234,YES,00:00,23:59,
2023-10-08,RA261,YES,00:00,23:59,
2023-10-08,RA286,YES,00:00,23:59,
2023-10-08,RA363,YES,00:00,23:59,
2023-10-08,RA375,YES,00:00,23:59,
2023-10-08,RA387,YES,00:00,23:59,
2023-10-08,TA131,YES,00:00,23:59,
2023-10-08,TA165,YES,00:00,23:59,
2023-10-08,TA215,YES,00:00,23:59,
2023-10-08,TA226,YES,00:00,23:59,
2023-10-08,TA292,YES,00:00,23:59,
2023-10-08,TA325,YES,00:00,23:59,
2023-10-08,TA341,NO,,,In Use Elsewhere
2023-10-08,TO041,YES,00:00,23:59,
2023-10-08,TO106,YES,00:00,23:59,
2023-10-09,BA113,NO,,,Scheduled Maintenance
2023-10-09,BA186,YES,00:00,23:59,
2023-10-09,DY169,YES,00:00,23:59,
2023-10-09,DY235,YES,00:00,23:59,
2023-10-09,DY331,YES,00:00,23:59,
2023-10-09,DY345,YES,00:00,23:59,
2023-10-09,OH050,NO,,,In Use Elsewhere
2023-10-09,OH080,YES,00:00,23:59,
2023-10-09,OH083,YES,00:00,23:59,
2023-10-09,OH195,YES,00:00,23:59,
2023-10-09,OH253,YES,00:00,23:59,
2023-10-09,OH365,YES,00:00,23:59,
2023-10-09,OH384,YES,00:00,23:59,
2023-10-09,RA238,YES,00:00,23:59,
2023-10-09,RA329,YES,00:00,23:59,
2023-10-09,TA063,YES,00:00,23:59,
2023-10-09,TA065,YES,00:00,23:59,
2023-10-09,TA302,YES,00:00,23:59,
2023-10-09,TO187,YES,00:00,23:59,
2023-10-09,TO336,YES,00:00,23:59,
2023-10-10,BA113,YES,00:00,23:59,
2023-10-10,BA126,YES,00:00,23:59,
2023-10-10,DY061,YES,00:00,23:59,
2023-10-10,DY096,YES,00:00,23:59,
2023-10-10,DY178,YES,00:00,23:59,
2023-10-10,OH015,YES,00:00,23:59,
2023-10-10,OH026,YES,00:00,23:59,
2023-10-10,OH052,YES,00:00,23:59,
2023-10-10,OH197,YES,00:00,23:59,
2023-10-10,OH318,YES,00:00,23:59,
2023-10-10,OH365,NO,,,Breakdown
2023-10-10,RA029,YES,00:00,23:59,
2023-10-10,RA210,YES,00:00,23:59,
2023-10-10,RA234,NO,,,Scheduled Maintenance
2023-10-10,RA273,YES,00:00,23:59,
2023-10-10,RA320,NO,,,Scheduled Maintenance
2023-10-10,RA387,YES,00:00,23:59,
2023-10-10,TA065,YES,00:00,23:59,
2023-10-10,TA108,YES,00:00,23:59,
2023-10-11,BA314,YES,00:00,23:59,
2023-10-11,BA324,YES,00:00,23:59,
2023-10-11,DY121,YES,00:00,23:59,
2023-10-11,DY138,YES,00:00,23:59,
2023-10-11,DY178,YES,00:00,23:59,
2023-10-11,DY235,YES,00:00,23:59,
2023-10-11,DY322,YES,00:00,23:59,
2023-10-11,OH083,YES,00:00,23:59,
2023-10-11,OH343,YES,00:00,23:59,
2023-10-11,RA043,NO,,,In Use Elsewhere
2023-10-11,RA290,NO,,,In Use Elsewhere
2023-10-11,RA354,YES,00:00,23:59,
2023-10-11,RA367,YES,00:00,23:59,
2023-10-11,TA099,YES,00:00,23:59,
2023-10-11,TO326,YES,00:00,23:59,
2023-10-13,DY017,YES,00:00,23:59,
2023-10-13,DY135,YES,00:00,23:59,
2023-10-13,DY219,YES,00:00,23:59,
2023-10-13,DY321,NO,,,Breakdown
2023-10-13,DY374,YES,00:00,23:59,
2023-10-13,DY389,NO,,,Breakdown
2023-10-13,OH023,YES,00:00,23:59,
2023-10-13,OH338,YES,00:00,23:59,
2023-10-13,OH362,YES,00:00,23:59,
2023-10-13,RA155,YES,00:00,23:59,
2023-10-13,RA320,YES,00:00,23:59,
2023-10-13,RA337,YES,00:00,23:59,
2023-10-13,RA354,YES,00:00,23:59,
2023-10-13,RA370,YES,00:00,23:59,
2023-10-13,TA283,YES,00:00,23:59,
2023-10-13,TA302,YES,00:00,23:59,
2023-10-13,TO033,YES,00:00,23:59,
2023-10-13,TO106,YES,00:00,23:59,
2023-10-13,TO129,YES,00:00,23:59,
2023-10-13,TO288,YES,00:00,23:59,
2023-10-13,TO316,YES,00:00,23:59,
2023-10-14,BA069,YES,00:00,23:59,
2023-10-14,BA097,YES,00:00,23:59,
2023-10-14,BA355,NO,,,Breakdown
2023-10-14,DY122,YES,00:00,23:59,
2023-10-14,DY331,YES,00:00,23:59,
2023-10-14,DY345,YES,00:00,23:59,
2023-10-14,OH019,YES,00:00,23:59,
2023-10-14,OH352,YES,00:00,23:59,
2023-10-14,OH384,YES,00:00,23:59,
2023-10-14,RA035,YES,00:00,23:59,
2023-10-14,RA073,YES,00:00,23:59,
2023-10-14,RA172,NO,,,In Use Elsewhere
2023-10-14,RA200,NO,,,In Use Elsewhere
2023-10-14,RA391,NO,,,Breakdown
2023-10-14,TA034,YES,00:00,23:59,
2023-10-14,TA089,YES,00:00,23:59,
2023-10-14,TA108,YES,00:00,23:59,
2023-10-14,TA165,YES,00:00,23:59,
2023-10-14,TO056,YES,00:00,23:59,
2023-10-14,TO256,YES,00:00,23:59,
2023-10-14,TO350,YES,00:00,23:59,
2023-10-14,TO351,YES,00:00,23:59,
2023-10-15,DY067,YES,00:00,23:59,
2023-10-15,DY143,YES,00:00,23:59,
2023-10-15,OH007,YES,00:00,23:59,
2023-10-15,OH046,NO,,,Scheduled Maintenance
2023-10-15,OH086,YES,00:00,23:59,
2023-10-15,OH092,YES,00:00,23:59,
2023-10-15,OH245,NO,,,Scheduled Maintenance
2023-10-15,OH368,YES,00:00,23:59,
2023-10-15,RA011,YES,00:00,23:59,
2023-10-15,RA119,YES,00:00,23:59,
2023-10-15,RA388,YES,00:00,23:59,
2023-10-15,TA222,YES,00:00,23:59,
2023-10-15,TA285,YES,00:00,23:59,
2023-10-15,TA341,NO,,,Scheduled Maintenance
2023-10-15,TO100,YES,00:00,23:59,
2023-10-16,BA066,YES,00:00,23:59,
2023-10-16,BA127,YES,00:00,23:59,
2023-10-16,BA145,YES,00:00,23:59,
2023-10-16,BA342,YES,00:00,23:59,
2023-10-16,DY014,YES,00:00,23:59,
2023-10-16,DY143,YES,00:00,23:59,
2023-10-16,DY224,YES,00:00,23:59,
2023-10-16,OH318,YES,00:00,23:59,
2023-10-16,OH372,YES,00:00,23:59,
2023-10-16,RA085,YES,00:00,23:59,
2023-10-16,RA155,YES,00:00,23:59,
2023-10-16,RA198,YES,00:00,23:59,
2023-10-16,RA273,YES,00:00,23:59,
2023-10-16,RA290,YES,00:00,23:59,
2023-10-16,RA320,YES,00:00,23:59,
2023-10-16,RA397,NO,,,Breakdown
2023-10-16,TA099,YES,00:00,23:59,
2023-10-16,TA154,YES,00:00,23:59,
2023-10-16,TA289,YES,00:00,23:59,
2023-10-16,TO030,YES,00:00,23:59,
2023-10-16,TO100,YES,00:00,23:59,
2023-10-16,TO123,NO,,,In Use Elsewhere
2023-10-16,TO228,NO,,,Breakdown
2023-10-16,TO336,NO,,,Breakdown
2023-10-17,BA058,NO,,,Breakdown
2023-10-17,BA094,YES,00:00,23:59,
2023-10-17,BA323,NO,,,Breakdown
2023-10-17,DY346,YES,00:00,23:59,
2023-10-17,OH103,YES,00:00,23:59,
2023-10-17,OH142,YES,00:00,23:59,
2023-10-17,OH160,YES,00:00,23:59,
2023-10-17,OH343,YES,00:00,23:59,
2023-10-17,RA116,YES,00:00,23:59,
2023-10-17,RA388,YES,00:00,23:59,
2023-10-17,TO002,YES,00:00,23:59,
2023-10-17,TO047,YES,00:00,23:59,
2023-10-17,TO187,YES,00:00,23:59,
2023-10-19,BA159,NO,,,In Use Elsewhere
2023-10-19,BA203,NO,,,Breakdown
2023-10-19,DY018,YES,00:00,23:59,
2023-10-19,DY181,YES,00:00,23:59,
2023-10-19,DY217,YES,00:00,23:59,
2023-10-19,DY281,YES,00:00,23:59,
2023-10-19,OH130,YES,00:00,23:59,
2023-10-19,OH294,YES,00:00,23:59,
2023-10-19,RA081,NO,,,In Use Elsewhere
2023-10-19,RA206,YES,00:00,23:59,
2023-10-19,RA231,YES,00:00,23:59,
2023-10-19,RA277,YES,00:00,23:59,
2023-10-19,TA226,YES,00:00,23:59,
2023-10-19,TA229,NO,,,Scheduled Maintenance
2023-10-19,TO187,YES,00:00,23:59,
2023-10-19,TO267,YES,00:00,23:59,
2023-10-19,TO335,YES,00:00,23:59,
2023-10-20,BA151,YES,00:00,23:59,
2023-10-20,BA230,YES,00:00,23:59,
2023-10-20,BA299,YES,00:00,23:59,
2023-10-20,BA304,YES,00:00,23:59,
2023-10-20,BA348,YES,00:00,23:59,
2023-10-20,DY061,YES,00:00,23:59,
2023-10-20,DY105,YES,00:00,23:59,
2023-10-20,DY157,YES,00:00,23:59,
2023-10-20,DY224,YES,00:00,23:59,
2023-10-20,DY232,NO,,,Scheduled Maintenance
2023-10-20,DY248,NO,,,Breakdown
2023-10-20,DY309,NO,,,Scheduled Maintenance
2023-10-20,OH010,YES,00:00,23:59,
2023-10-20,OH271,YES,00:00,23:59,
2023-10-20,OH347,YES,00:00,23:59,
2023-10-20,TA075,YES,00:00,23:59,
2023-10-20,TA285,YES,00:00,23:59,
2023-10-20,TA394,YES,00:00,23:59,
2023-10-20,TO032,NO,,,Breakdown
2023-10-20,TO305,YES,00:00,23:59,
2023-10-21,BA084,YES,00:00,23:59,
2023-10-21,BA209,YES,00:00,23:59,
2023-10-21,BA230,NO,,,Scheduled Maintenance
2023-10-21,DY017,YES,00:00,23:59,
2023-10-21,DY057,YES,00:00,23:59,
2023-10-21,DY180,YES,00:00,23:59,
2023-10-21,DY196,YES,00:00,23:59,
2023-10-21,DY224,YES,00:00,23:59,
2023-10-21,DY244,YES,00:00,23:59,
2023-10-21,DY319,YES,00:00,23:59,
2023-10-21,OH343,YES,00:00,23:59,
2023-10-21,RA164,YES,00:00,23:59,
2023-10-21,TA131,NO,,,In Use Elsewhere
2023-10-21,TO187,YES,00:00,23:59,
2023-10-21,TO193,YES,00:00,23:59,
2023-10-23,BA209,YES,00:00,23:59,
2023-10-23,BA300,YES,00:00,23:59,
2023-10-23,DY167,YES,00:00,23:59,
2023-10-23,DY237,YES,00:00,23:59,
2023-10-23,DY321,NO,,,In Use Elsewhere
2023-10-23,OH025,YES,00:00,23:59,
2023-10-23,RA037,YES,00:00,23:59,
2023-10-23,RA039,YES,00:00,23:59,
2023-10-23,RA119,YES,00:00,23:59,
2023-10-23,RA156,NO,,,Scheduled Maintenance
2023-10-23,RA273,YES,00:00,23:59,
2023-10-23,TA199,NO,,,In Use Elsewhere
2023-10-23,TA283,YES,00:00,23:59,
2023-10-23,TO228,NO,,,Scheduled Maintenance
2023-10-23,TO260,YES,00:00,23:59,
2023-10-24,BA159,YES,00:00,23:59,
2023-10-24,BA188,YES,00:00,23:59,
2023-10-24,BA263,YES,00:00,23:59,
2023-10-24,DY045,NO,,,In Use Elsewhere
2023-10-24,DY115,YES,00:00,23:59,
2023-10-24,DY132,YES,00:00,23:59,
2023-10-24,DY345,YES,00:00,23:59,
2023-10-24,OH007,YES,00:00,23:59,
2023-10-24,OH130,YES,00:00,23:59,
2023-10-24,OH183,YES,00:00,23:59,
2023-10-24,OH301,YES,00:00,23:59,
2023-10-24,RA268,YES,00:00,23:59,
2023-10-24,RA337,YES,00:00,23:59,
2023-10-24,RA385,YES,00:00,23:59,
2023-10-24,TA171,YES,00:00,23:59,
2023-10-24,TA220,YES,00:00,23:59,
2023-10-24,TA264,YES,00:00,23:59,
2023-10-24,TA325,YES,00:00,23:59,
2023-10-24,TO179,YES,00:00,23:59,
2023-10-25,BA383,YES,00:00,23:59,
2023-10-25,DY133,YES,00:00,23:59,
2023-10-25,DY152,YES,00:00,23:59,
2023-10-25,DY196,YES,00:00,23:59,
2023-10-25,DY389,YES,00:00,23:59,
2023-10-25,OH189,YES,00:00,23:59,
2023-10-25,OH365,YES,00:00,23:59,
2023-10-25,OH384,YES,00:00,23:59,
2023-10-25,RA387,YES,00:00,23:59,
2023-10-25,TA063,YES,00:00,23:59,
2023-10-25,TA075,YES,00:00,23:59,
2023-10-25,TA199,NO,,,Scheduled Maintenance
2023-10-25,TA396,YES,00:00,23:59,
2023-10-25,TO028,NO,,,Scheduled Maintenance
2023-10-25,TO033,YES,00:00,23:59,
2023-10-25,TO272,YES,00:00,23:59,
2023-10-25,TO336,YES,00:00,23:59,
2023-10-26,BA117,YES,00:00,23:59,
2023-10-26,BA242,YES,00:00,23:59,
2023-10-26,BA348,YES,00:00,23:59,
2023-10-26,DY060,YES,00:00,23:59,
2023-10-26,DY331,YES,00:00,23:59,
2023-10-26,OH052,YES,00:00,23:59,
2023-10-26,OH083,YES,00:00,23:59,
2023-10-26,OH111,YES,00:00,23:59,
2023-10-26,OH195,YES,00:00,23:59,
2023-10-26,OH213,YES,00:00,23:59,
2023-10-26,OH384,YES,00:00,23:59,
2023-10-26,RA053,YES,00:00,23:59,
2023-10-26,RA168,NO,,,Scheduled Maintenance
2023-10-26,RA307,YES,00:00,23:59,
2023-10-26,RA320,YES,00:00,23:59,
2023-10-26,RA376,YES,00:00,23:59,
2023-10-26,TA150,NO,,,In Use Elsewhere
2023-10-27,BA230,YES,00:00,23:59,
2023-10-27,DY018,YES,00:00,23:59,
2023-10-27,DY235,YES,00:00,23:59,
2023-10-27,DY379,YES,00:00,23:59,
2023-10-27,OH254,YES,00:00,23:59,
2023-10-27,OH312,NO,,,Breakdown
2023-10-27,RA043,NO,,,Scheduled Maintenance
2023-10-27,RA081,YES,00:00,23:59,
2023-10-27,RA087,YES,00:00,23:59,
2023-10-27,RA241,YES,00:00,23:59,
2023-10-27,RA360,YES,00:00,23:59,
2023-10-27,TA027,YES,00:00,23:59,
2023-10-27,TA147,YES,00:00,23:59,
2023-10-27,TA269,YES,00:00,23:59,
2023-10-27,TA302,YES,00:00,23:59,
2023-10-27,TO112,NO,,,Breakdown
2023-10-27,TO287,NO,,,Scheduled Maintenance
2023-10-27,TO364,YES,00:00,23:59,
2023-10-29,BA208,YES,00:00,23:59,
2023-10-29,BA209,YES,00:00,23:59,
2023-10-29,DY040,YES,00:00,23:59,
2023-10-29,DY060,YES,00:00,23:59,
2023-10-29,DY319,YES,00:00,23:59,
2023-10-29,DY321,YES,00:00,23:59,
2023-10-29,OH111,YES,00:00,23:59,
2023-10-29,OH271,YES,00:00,23:59,
2023-10-29,OH352,YES,00:00,23:59,
2023-10-29,OH372,YES,00:00,23:59,
2023-10-29,RA048,YES,00:00,23:59,
2023-10-29,RA085,YES,00:00,23:59,
2023-10-29,RA198,YES,00:00,23:59,
2023-10-29,RA360,YES,00:00,23:59,
2023-10-29,RA385,YES,00:00,23:59,
2023-10-29,TA165,YES,00:00,23:59,
2023-10-29,TA264,YES,00:00,23:59,
2023-10-29,TO364,YES,00:00,23:59,
2023-10-30,BA117,YES,00:00,23:59,
2023-10-30,BA255,NO,,,Scheduled Maintenance
2023-10-30,BA263,YES,00:00,23:59,
2023-10-30,BA383,YES,00:00,23:59,
2023-10-30,DY061,YES,00:00,23:59,
2023-10-30,DY235,YES,00:00,23:59,
2023-10-30,DY327,YES,00:00,23:59,
2023-10-30,OH010,YES,00:00,23:59,
2023-10-30,OH023,YES,00:00,23:59,
2023-10-30,OH158,YES,00:00,23:59,
2023-10-30,OH301,YES,00:00,23:59,
2023-10-30,RA011,YES,00:00,23:59,
2023-10-30,RA035,YES,00:00,23:59,
2023-10-30,RA037,YES,00:00,23:59,
2023-10-30,RA339,NO,,,Breakdown
2023-10-30,RA375,YES,00:00,23:59,
2023-10-30,TA049,YES,00:00,23:59,
2023-10-30,TA275,YES,00:00,23:59,
2023-10-30,TO056,YES,00:00,23:59,
2023-10-30,TO112,YES,00:00,23:59,
2023-10-30,TO129,NO,,,Breakdown
2023-10-30,TO256,YES,00:00,23:59,
2023-10-30,TO351,YES,00:00,23:59,
2023-10-31,BA022,YES,00:00,23:59,
2023-10-31,BA042,YES,00:00,23:59,
2023-10-31,BA151,NO,,,In Use Elsewhere
2023-10-31,BA393,YES,00:00,23:59,
2023-10-31,DY001,NO,,,Scheduled Maintenance
2023-10-31,DY121,YES,00:00,23:59,
2023-10-31,DY181,YES,00:00,23:59,
2023-10-31,DY246,YES,00:00,23:59,
2023-10-31,OH025,YES,00:00,23:59,
2023-10-31,OH213,YES,00:00,23:59,
2023-10-31,OH338,YES,00:00,23:59,
2023-10-31,RA011,YES,00:00,23:59,
2023-10-31,RA085,YES,00:00,23:59,
2023-10-31,RA329,YES,00:00,23:59,
2023-10-31,TA075,YES,00:00,23:59,
2023-10-31,TA199,YES,00:00,23:59,
2023-10-31,TA302,NO,,,Scheduled Maintenance
2023-10-31,TA394,YES,00:00,23:59,
2023-10-31,TO179,YES,00:00,23:59,
2023-10-31,TO288,YES,00:00,23:59,
2023-11-01,DY018,YES,00:00,23:59,
2023-11-01,DY105,YES,00:00,23:59,
2023-11-01,DY235,YES,00:00,23:59,
2023-11-01,DY331,YES,00:00,23:59,
2023-11-01,DY371,NO,,,Scheduled Maintenance
2023-11-01,OH015,YES,00:00,23:59,
2023-11-01,OH026,YES,00:00,23:59,
2023-11-01,OH046,YES,00:00,23:59,
2023-11-01,OH093,YES,00:00,23:59,
2023-11-01,OH271,YES,00:00,23:59,
2023-11-01,OH311,YES,00:00,23:59,
2023-11-01,OH313,YES,00:00,23:59,
2023-11-01,OH357,YES,00:00,23:59,
2023-11-01,OH390,YES,00:00,23:59,
2023-11-01,RA119,YES,00:00,23:59,
2023-11-01,RA139,YES,00:00,23:59,
2023-11-01,RA210,YES,00:00,23:59,
2023-11-01,RA363,YES,00:00,23:59,
2023-11-01,RA367,YES,00:00,23:59,
2023-11-01,TA003,YES,00:00,23:59,
2023-11-01,TA049,NO,,,In Use Elsewhere
2023-11-01,TA118,NO,,,In Use Elsewhere
2023-11-01,TA282,YES,00:00,23:59,
2023-11-01,TA325,NO,,,Breakdown
2023-11-01,TO028,YES,00:00,23:59,
2023-11-01,TO038,YES,00:00,23:59,
2023-11-01,TO202,YES,00:00,23:59,
2023-11-01,TO336,NO,,,Breakdown
2023-11-02,BA042,NO,,,Scheduled Maintenance
2023-11-02,BA064,YES,00:00,23:59,
2023-11-02,BA097,YES,00:00,23:59,
2023-11-02,BA153,YES,00:00,23:59,
2023-11-02,BA299,YES,00:00,23:59,
2023-11-02,DY096,YES,00:00,23:59,
2023-11-02,DY133,YES,00:00,23:59,
2023-11-02,DY379,YES,00:00,23:59,
2023-11-02,OH093,YES,00:00,23:59,
2023-11-02,OH125,YES,00:00,23:59,
2023-11-02,OH182,YES,00:00,23:59,
2023-11-02,OH239,YES,00:00,23:59,
2023-11-02,OH318,YES,00:00,23:59,
2023-11-02,RA163,YES,00:00,23:59,
2023-11-02,RA231,YES,00:00,23:59,
2023-11-02,RA391,YES,00:00,23:59,
2023-11-02,TA137,NO,,,In Use Elsewhere
2023-11-02,TA289,YES,00:00,23:59,
2023-11-02,TA292,YES,00:00,23:59,
2023-11-02,TO267,YES,00:00,23:59,
2023-11-02,TO316,YES,00:00,23:59,
2023-11-03,BA208,NO,,,In Use Elsewhere
2023-11-03,BA274,YES,00:00,23:59,
2023-11-03,BA323,YES,00:00,23:59,
2023-11-03,DY219,YES,00:00,23:59,
2023-11-03,OH007,YES,00:00,23:59,
2023-11-03,OH046,YES,00:00,23:59,
2023-11-03,OH093,NO,,,In Use Elsewhere
2023-11-03,OH103,YES,00:00,23:59,
2023-11-03,OH176,YES,00:00,23:59,
2023-11-03,OH384,YES,00:00,23:59,
2023-11-03,RA024,YES,00:00,23:59,
2023-11-03,RA231,YES,00:00,23:59,
2023-11-03,RA277,YES,00:00,23:59,
2023-11-03,RA286,YES,00:00,23:59,
2023-11-03,RA385,YES,00:00,23:59,
2023-11-03,TA078,YES,00:00,23:59,
2023-11-03,TA215,YES,00:00,23:59,
2023-11-03,TO101,YES,00:00,23:59,
2023-11-04,BA022,YES,00:00,23:59,
2023-11-04,BA079,YES,00:00,23:59,
2023-11-04,BA230,YES,00:00,23:59,
2023-11-04,BA259,YES,00:00,23:59,
2023-11-04,BA274,YES,00:00,23:59,
2023-11-04,BA300,YES,00:00,23:59,
2023-11-04,BA344,YES,00:00,23:59,
2023-11-04,DY178,YES,00:00,23:59,
2023-11-04,DY219,YES,00:00,23:59,
2023-11-04,DY399,YES,00:00,23:59,
2023-11-04,OH026,NO,,,Breakdown
2023-11-04,OH125,YES,00:00,23:59,
2023-11-04,OH189,YES,00:00,23:59,
2023-11-04,OH254,YES,00:00,23:59,
2023-11-04,OH294,YES,00:00,23:59,
2023-11-04,OH357,YES,00:00,23:59,
2023-11-04,RA011,YES,00:00,23:59,
2023-11-04,RA162,YES,00:00,23:59,
2023-11-04,TA205,YES,00:00,23:59,
2023-11-04,TO243,YES,00:00,23:59,
2023-11-04,TO256,YES,00:00,23:59,
2023-11-05,BA144,NO,,,In Use Elsewhere
2023-11-05,BA208,YES,00:00,23:59,
2023-11-05,DY124,NO,,,In Use Elsewhere
2023-11-05,OH026,NO,,,Breakdown
2023-11-05,OH352,YES,00:00,23:59,
2023-11-05,OH384,YES,00:00,23:59,
2023-11-05,RA053,YES,00:00,23:59,
2023-11-05,RA290,YES,00:00,23:59,
2023-11-05,TA074,YES,00:00,23:59,
2023-11-05,TA078,YES,00:00,23:59,
2023-11-05,TA302,YES,00:00,23:59,
2023-11-06,BA094,YES,00:00,23:59,
2023-11-06,BA304,YES,00:00,23:59,
2023-11-06,BA342,NO,,,Scheduled Maintenance
2023-11-06,DY281,NO,,,Scheduled Maintenance
2023-11-06,DY322,NO,,,In Use Elsewhere
2023-11-06,DY369,YES,00:00,23:59,
2023-11-06,DY389,YES,00:00,23:59,
2023-11-06,OH191,YES,00:00,23:59,
2023-11-06,OH296,YES,00:00,23:59,
2023-11-06,RA029,YES,00:00,23:59,
2023-11-06,RA073,YES,00:00,23:59,
2023-11-06,RA085,YES,00:00,23:59,
2023-11-06,RA231,YES,00:00,23:59,
2023-11-06,TA099,YES,00:00,23:59,
2023-11-06,TA140,YES,00:00,23:59,
2023-11-06,TO030,YES,00:00,23:59,
2023-11-06,TO258,YES,00:00,23:59,
2023-11-07,BA084,NO,,,Scheduled Maintenance
2023-11-07,BA144,YES,00:00,23:59,
2023-11-07,BA153,YES,00:00,23:59,
2023-11-07,BA297,NO,,,In Use Elsewhere
2023-11-07,BA381,YES,00:00,23:59,
2023-11-07,BA383,YES,00:00,23:59,
2023-11-07,DY235,YES,00:00,23:59,
2023-11-07,DY248,YES,00:00,23:59,
2023-11-07,DY322,YES,00:00,23:59,
2023-11-07,OH160,YES,00:00,23:59,
2023-11-07,OH270,YES,00:00,23:59,
2023-11-07,OH298,YES,00:00,23:59,
2023-11-07,OH343,YES,00:00,23:59,
2023-11-07,RA206,YES,00:00,23:59,
2023-11-07,RA234,YES,00:00,23:59,
2023-11-07,RA278,YES,00:00,23:59,
2023-11-07,TA005,NO,,,Scheduled Maintenance
2023-11-07,TA120,YES,00:00,23:59,
2023-11-07,TA140,NO,,,Scheduled Maintenance
2023-11-07,TA289,YES,00:00,23:59,
2023-11-07,TA396,YES,00:00,23:59,
2023-11-07,TO030,YES,00:00,23:59,
2023-11-07,TO044,NO,,,In Use Elsewhere
2023-11-07,TO100,YES,00:00,23:59,
2023-11-07,TO351,YES,00:00,23:59,
2023-11-09,BA127,YES,00:00,23:59,
2023-11-09,BA324,NO,,,Scheduled Maintenance
2023-11-09,BA332,YES,00:00,23:59,
2023-11-09,DY121,YES,00:00,23:59,
2023-11-09,DY122,YES,00:00,23:59,
2023-11-09,DY141,YES,00:00,23:59,
2023-11-09,DY321,YES,00:00,23:59,
2023-11-09,OH006,NO,,,Breakdown
2023-11-09,OH111,YES,00:00,23:59,
2023-11-09,OH130,NO,,,In Use Elsewhere
2023-11-09,OH195,YES,00:00,23:59,
2023-11-09,OH214,NO,,,In Use Elsewhere
2023-11-09,OH311,YES,00:00,23:59,
2023-11-09,RA062,YES,00:00,23:59,
2023-11-09,RA277,YES,00:00,23:59,
2023-11-09,RA354,YES,00:00,23:59,
2023-11-09,RA397,YES,00:00,23:59,
2023-11-09,TA068,NO,,,Breakdown
2023-11-09,TA118,YES,00:00,23:59,
2023-11-09,TA205,YES,00:00,23:59,
2023-11-09,TA264,NO,,,In Use Elsewhere
2023-11-09,TO032,NO,,,Scheduled Maintenance
2023-11-09,TO149,NO,,,Breakdown
2023-11-09,TO288,YES,00:00,23:59,
2023-11-09,TO336,YES,00:00,23:59,
2023-11-10,BA097,YES,00:00,23:59,
2023-11-10,BA263,YES,00:00,23:59,
2023-11-10,BA393,YES,00:00,23:59,
2023-11-10,DY055,YES,00:00,23:59,
2023-11-10,DY181,YES,00:00,23:59,
2023-11-10,DY236,YES,00:00,23:59,
2023-11-10,DY244,YES,00:00,23:59,
2023-11-10,DY251,YES,00:00,23:59,
2023-11-10,DY371,NO,,,In Use Elsewhere
2023-11-10,OH007,YES,00:00,23:59,
2023-11-10,OH025,YES,00:00,23:59,
2023-11-10,OH052,YES,00:00,23:59,
2023-11-10,OH088,NO,,,In Use Elsewhere
2023-11-10,OH191,YES,00:00,23:59,
2023-11-10,RA168,YES,00:00,23:59,
2023-11-10,RA200,YES,00:00,23:59,
2023-11-10,RA210,NO,,,Breakdown
2023-11-10,TA227,YES,00:00,23:59,
2023-11-10,TO032,YES,00:00,23:59,
2023-11-10,TO047,YES,00:00,23:59,
2023-11-11,BA102,YES,00:00,23:59,
2023-11-11,DY017,YES,00:00,23:59,
2023-11-11,DY045,YES,00:00,23:59,
2023-11-11,DY143,YES,00:00,23:59,
2023-11-11,DY201,YES,00:00,23:59,
2023-11-11,OH134,YES,00:00,23:59,
2023-11-11,OH191,YES,00:00,23:59,
2023-11-11,OH366,YES,00:00,23:59,
2023-11-11,RA177,YES,00:00,23:59,
2023-11-11,TA074,YES,00:00,23:59,
2023-11-11,TA120,NO,,,Scheduled Maintenance
2023-11-11,TA269,YES,00:00,23:59,
2023-11-11,TO351,YES,00:00,23:59,
2023-11-12,BA358,YES,00:00,23:59,
2023-11-12,BA381,YES,00:00,23:59,
2023-11-12,DY055,YES,00:00,23:59,
2023-11-12,DY138,YES,00:00,23:59,
2023-11-12,DY353,YES,00:00,23:59,
2023-11-12,DY356,YES,00:00,23:59,
2023-11-12,OH092,YES,00:00,23:59,
2023-11-12,RA177,NO,,,In Use Elsewhere
2023-11-12,RA206,YES,00:00,23:59,
2023-11-12,RA340,YES,00:00,23:59,
2023-11-12,TA036,YES,00:00,23:59,
2023-11-12,TA054,YES,00:00,23:59,
2023-11-12,TA065,YES,00:00,23:59,
2023-11-12,TA154,YES,00:00,23:59,
2023-11-12,TA165,YES,00:00,23:59,
2023-11-12,TA285,YES,00:00,23:59,
2023-11-12,TO028,YES,00:00,23:59,
2023-11-12,TO243,YES,00:00,23:59,
2023-11-12,TO326,YES,00:00,23:59,
2023-11-13,BA145,NO,,,Breakdown
2023-11-13,BA185,NO,,,Scheduled Maintenance
2023-11-13,BA208,YES,00:00,23:59,
2023-11-13,BA209,YES,00:00,23:59,
2023-11-13,BA247,YES,00:00,23:59,
2023-11-13,BA293,YES,00:00,23:59,
2023-11-13,DY017,YES,00:00,23:59,
2023-11-13,DY067,NO,,,In Use Elsewhere
2023-11-13,DY132,YES,00:00,23:59,
2023-11-13,DY216,YES,00:00,23:59,
2023-11-13,DY319,YES,00:00,23:59,
2023-11-13,DY380,YES,00:00,23:59,
2023-11-13,OH052,YES,00:00,23:59,
2023-11-13,RA053,NO,,,In Use Elsewhere
2023-11-13,RA172,YES,00:00,23:59,
2023-11-13,RA252,NO,,,Breakdown
2023-11-13,RA306,YES,00:00,23:59,
2023-11-13,RA367,YES,00:00,23:59,
2023-11-13,TO002,YES,00:00,23:59,
2023-11-13,TO267,YES,00:00,23:59,
2023-11-16,BA259,YES,00:00,23:59,
2023-11-16,BA299,NO,,,Scheduled Maintenance
2023-11-16,DY328,YES,00:00,23:59,
2023-11-16,RA334,YES,00:00,23:59,
2023-11-16,RA385,YES,00:00,23:59,
2023-11-16,TA107,NO,,,Breakdown
2023-11-16,TA215,YES,00:00,23:59,
2023-11-16,TO146,NO,,,Scheduled Maintenance
2023-11-16,TO175,YES,00:00,23:59,
2023-11-16,TO187,YES,00:00,23:59,
2023-11-16,TO272,YES,00:00,23:59,
2023-11-17,BA145,YES,00:00,23:59,
2023-11-17,BA293,YES,00:00,23:59,
2023-11-17,DY070,NO,,,Breakdown
2023-11-17,DY161,YES,00:00,23:59,
2023-11-17,DY246,YES,00:00,23:59,
2023-11-17,DY392,YES,00:00,23:59,
2023-11-17,OH111,YES,00:00,23:59,
2023-11-17,OH195,YES,00:00,23:59,
2023-11-17,OH347,YES,00:00,23:59,
2023-11-17,RA234,YES,00:00,23:59,
2023-11-17,RA339,YES,00:00,23:59,
2023-11-17,RA388,YES,00:00,23:59,
2023-11-17,TA034,YES,00:00,23:59,
2023-11-17,TA394,YES,00:00,23:59,
2023-11-17,TO009,YES,00:00,23:59,
2023-11-18,DY236,YES,00:00,23:59,
2023-11-18,DY356,YES,00:00,23:59,
2023-11-18,OH083,NO,,,Breakdown
2023-11-18,OH158,YES,00:00,23:59,
2023-11-18,OH313,YES,00:00,23:59,
2023-11-18,OH318,YES,00:00,23:59,
2023-11-18,OH365,YES,00:00,23:59,
2023-11-18,RA024,YES,00:00,23:59,
2023-11-18,RA204,YES,00:00,23:59,
2023-11-18,RA210,NO,,,Scheduled Maintenance
2023-11-18,RA273,YES,00:00,23:59,
2023-11-18,RA277,YES,00:00,23:59,
2023-11-18,RA370,YES,00:00,23:59,
2023-11-18,TA140,NO,,,Breakdown
2023-11-18,TO287,YES,00:00,23:59,
2023-11-20,BA016,YES,00:00,23:59,
2023-11-20,BA259,YES,00:00,23:59,
2023-11-20,BA314,YES,00:00,23:59,
2023-11-20,DY014,NO,,,Scheduled Maintenance
2023-11-20,DY262,YES,00:00,23:59,
2023-11-20,OH130,YES,00:00,23:59,
2023-11-20,OH197,YES,00:00,23:59,
2023-11-20,OH333,YES,00:00,23:59,
2023-11-20,OH343,YES,00:00,23:59,
2023-11-20,OH362,YES,00:00,23:59,
2023-11-20,RA035,YES,00:00,23:59,
2023-11-20,RA163,NO,,,Scheduled Maintenance
2023-11-20,RA198,YES,00:00,23:59,
2023-11-20,RA241,YES,00:00,23:59,
2023-11-20,RA400,YES,00:00,23:59,
2023-11-20,TA036,YES,00:00,23:59,
2023-11-20,TA068,YES,00:00,23:59,
2023-11-20,TA089,YES,00:00,23:59,
2023-11-20,TA098,YES,00:00,23:59,
2023-11-20,TA099,NO,,,In Use Elsewhere
2023-11-20,TA211,YES,00:00,23:59,
2023-11-20,TO028,YES,00:00,23:59,
2023-11-20,TO038,YES,00:00,23:59,
2023-11-20,TO109,YES,00:00,23:59,
2023-11-20,TO316,YES,00:00,23:59,
2023-11-20,TO336,YES,00:00,23:59,
2023-11-22,BA022,YES,00:00,23:59,
2023-11-22,BA064,YES,00:00,23:59,
2023-11-22,BA102,YES,00:00,23:59,
2023-11-22,BA104,YES,00:00,23:59,
2023-11-22,BA249,YES,00:00,23:59,
2023-11-22,BA323,YES,00:00,23:59,
2023-11-22,BA348,YES,00:00,23:59,
2023-11-22,DY070,YES,00:00,23:59,
2023-11-22,OH052,YES,00:00,23:59,
2023-11-22,OH313,NO,,,Scheduled Maintenance
2023-11-22,RA008,YES,00:00,23:59,
2023-11-22,RA031,NO,,,Scheduled Maintenance
2023-11-22,RA043,YES,00:00,23:59,
2023-11-22,RA156,YES,00:00,23:59,
2023-11-22,RA339,YES,00:00,23:59,
2023-11-22,TA074,YES,00:00,23:59,
2023-11-22,TA310,YES,00:00,23:59,
2023-11-22,TO020,YES,00:00,23:59,
2023-11-23,BA127,YES,00:00,23:59,
2023-11-23,BA186,YES,00:00,23:59,
2023-11-23,DY371,YES,00:00,23:59,
2023-11-23,DY380,YES,00:00,23:59,
2023-11-23,OH191,YES,00:00,23:59,
2023-11-23,OH352,YES,00:00,23:59,
2023-11-23,OH357,YES,00:00,23:59,
2023-11-23,RA008,YES,00:00,23:59,
2023-11-23,RA053,YES,00:00,23:59,
2023-11-23,RA198,YES,00:00,23:59,
2023-11-23,RA206,YES,00:00,23:59,
2023-11-23,RA308,NO,,,Breakdown
2023-11-23,RA340,YES,00:00,23:59,
2023-11-23,RA385,YES,00:00,23:59,
2023-11-23,TA098,YES,00:00,23:59,
2023-11-23,TA218,YES,00:00,23:59,
2023-11-23,TA280,YES,00:00,23:59,
2023-11-23,TO166,YES,00:00,23:59,
2023-11-23,TO284,NO,,,Breakdown
2023-11-23,TO288,YES,00:00,23:59,
2023-11-23,TO326,YES,00:00,23:59,
2023-11-23,TO364,YES,00:00,23:59,
2023-11-24,BA247,YES,00:00,23:59,
2023-11-24,BA255,YES,00:00,23:59,
2023-11-24,DY001,YES,00:00,23:59,
2023-11-24,DY014,YES,00:00,23:59,
2023-11-24,DY201,NO,,,Breakdown
2023-11-24,DY392,YES,00:00,23:59,
2023-11-24,OH213,YES,00:00,23:59,
2023-11-24,OH239,YES,00:00,23:59,
2023-11-24,OH368,NO,,,In Use Elsewhere
2023-11-24,RA031,YES,00:00,23:59,
2023-11-24,RA252,YES,00:00,23:59,
2023-11-24,RA320,YES,00:00,23:59,
2023-11-24,RA378,NO,,,In Use Elsewhere
2023-11-24,TA034,YES,00:00,23:59,
2023-11-24,TA063,YES,00:00,23:59,
2023-11-24,TA165,YES,00:00,23:59,
2023-11-24,TO056,NO,,,Scheduled Maintenance
2023-11-24,TO123,YES,00:00,23:59,
2023-11-24,TO202,YES,00:00,23:59,
2023-11-24,TO223,YES,00:00,23:59,
2023-11-24,TO256,YES,00:00,23:59,
2023-11-25,BA022,NO,,,Breakdown
2023-11-25,BA110,YES,00:00,23:59,
2023-11-25,BA266,YES,00:00,23:59,
2023-11-25,DY057,NO,,,In Use Elsewhere
2023-11-25,DY060,YES,00:00,23:59,
2023-11-25,DY070,YES,00:00,23:59,
2023-11-25,DY167,YES,00:00,23:59,
2023-11-25,DY224,YES,00:00,23:59,
2023-11-25,OH007,YES,00:00,23:59,
2023-11-25,OH015,YES,00:00,23:59,
2023-11-25,OH103,NO,,,Breakdown
2023-11-25,OH160,YES,00:00,23:59,
2023-11-25,OH313,YES,00:00,23:59,
2023-11-25,OH366,YES,00:00,23:59,
2023-11-25,RA037,YES,00:00,23:59,
2023-11-25,RA290,YES,00:00,23:59,
2023-11-25,RA307,YES,00:00,23:59,
2023-11-25,RA329,YES,00:00,23:59,
2023-11-25,TA108,YES,00:00,23:59,
2023-11-25,TA218,YES,00:00,23:59,
2023-11-25,TA302,YES,00:00,23:59,
2023-11-25,TO166,YES,00:00,23:59,
2023-11-28,BA113,YES,00:00,23:59,
2023-11-28,BA299,NO,,,Scheduled Maintenance
2023-11-28,DY235,YES,00:00,23:59,
2023-11-28,DY371,YES,00:00,23:59,
2023-11-28,OH086,NO,,,Breakdown
2023-11-28,OH195,YES,00:00,23:59,
2023-11-28,OH313,YES,00:00,23:59,
2023-11-28,OH390,YES,00:00,23:59,
2023-11-28,RA162,YES,00:00,23:59,
2023-11-28,RA277,YES,00:00,23:59,
2023-11-28,RA354,YES,00:00,23:59,
2023-11-28,TA054,YES,00:00,23:59,
2023-11-28,TA280,YES,00:00,23:59,
2023-11-28,TO179,YES,00:00,23:59,
2023-11-28,TO257,YES,00:00,23:59,
2023-11-28,TO287,YES,00:00,23:59,
2023-11-30,BA159,YES,00:00,23:59,
2023-11-30,BA259,YES,00:00,23:59,
2023-11-30,BA355,YES,00:00,23:59,
2023-11-30,DY017,YES,00:00,23:59,
2023-11-30,DY070,NO,,,Scheduled Maintenance
2023-11-30,DY184,YES,00:00,23:59,
2023-11-30,DY380,YES,00:00,23:59,
2023-11-30,OH183,YES,00:00,23:59,
2023-11-30,OH254,YES,00:00,23:59,
2023-11-30,OH271,NO,,,Breakdown
2023-11-30,RA387,YES,00:00,23:59,
2023-11-30,RA388,YES,00:00,23:59,
2023-11-30,TA137,YES,00:00,23:59,
2023-11-30,TA165,YES,00:00,23:59,
2023-11-30,TA325,YES,00:00,23:59,
2023-11-30,TO272,NO,,,Breakdown
2023-12-01,BA126,YES,00:00,23:59,
2023-12-01,BA188,YES,00:00,23:59,
2023-12-01,BA247,YES,00:00,23:59,
2023-12-01,BA332,YES,00:00,23:59,
2023-12-01,DY133,YES,00:00,23:59,
2023-12-01,OH050,YES,00:00,23:59,
2023-12-01,OH072,YES,00:00,23:59,
2023-12-01,OH088,YES,00:00,23:59,
2023-12-01,RA035,YES,00:00,23:59,
2023-12-01,RA087,NO,,,Scheduled Maintenance
2023-12-01,RA339,YES,00:00,23:59,
2023-12-01,RA340,YES,00:00,23:59,
2023-12-01,RA376,YES,00:00,23:59,
2023-12-01,RA397,YES,00:00,23:59,
2023-12-01,TA226,NO,,,Scheduled Maintenance
2023-12-01,TO028,YES,00:00,23:59,
2023-12-01,TO317,YES,00:00,23:59,
2023-12-01,TO336,YES,00:00,23:59,
2023-12-02,BA263,YES,00:00,23:59,
2023-12-02,BA293,YES,00:00,23:59,
2023-12-02,BA304,YES,00:00,23:59,
2023-12-02,BA349,YES,00:00,23:59,
2023-12-02,DY001,YES,00:00,23:59,
2023-12-02,DY248,YES,00:00,23:59,
2023-12-02,OH025,YES,00:00,23:59,
2023-12-02,OH111,YES,00:00,23:59,
2023-12-02,OH254,YES,00:00,23:59,
2023-12-02,RA116,YES,00:00,23:59,
2023-12-02,RA277,YES,00:00,23:59,
2023-12-02,RA303,YES,00:00,23:59,
2023-12-02,RA360,YES,00:00,23:59,
2023-12-02,TA108,YES,00:00,23:59,
2023-12-02,TA205,YES,00:00,23:59,
2023-12-02,TA218,NO,,,Breakdown
2023-12-02,TO260,NO,,,Breakdown
2023-12-02,TO267,YES,00:00,23:59,
2023-12-04,BA058,YES,00:00,23:59,
2023-12-04,BA127,YES,00:00,23:59,
2023-12-04,BA247,YES,00:00,23:59,
2023-12-04,BA249,NO,,,In Use Elsewhere
2023-12-04,BA263,NO,,,In Use Elsewhere
2023-12-04,BA386,YES,00:00,23:59,
2023-12-04,DY184,YES,00:00,23:59,
2023-12-04,DY217,YES,00:00,23:59,
2023-12-04,OH052,YES,00:00,23:59,
2023-12-04,OH083,YES,00:00,23:59,
2023-12-04,OH093,YES,00:00,23:59,
2023-12-04,OH365,YES,00:00,23:59,
2023-12-04,RA163,NO,,,In Use Elsewhere
2023-12-04,TA054,YES,00:00,23:59,
2023-12-04,TA137,YES,00:00,23:59,
2023-12-04,TA226,YES,00:00,23:59,
2023-12-05,BA066,YES,00:00,23:59,
2023-12-05,BA079,YES,00:00,23:59,
2023-12-05,BA113,YES,00:00,23:59,
2023-12-05,BA128,YES,00:00,23:59,
2023-12-05,BA377,YES,00:00,23:59,
2023-12-05,DY122,NO,,,In Use Elsewhere
2023-12-05,DY279,YES,00:00,23:59,
2023-12-05,DY309,YES,00:00,23:59,
2023-12-05,DY371,YES,00:00,23:59,
2023-12-05,DY389,YES,00:00,23:59,
2023-12-05,OH088,YES,00:00,23:59,
2023-12-05,OH183,YES,00:00,23:59,
2023-12-05,OH372,YES,00:00,23:59,
2023-12-05,RA156,YES,00:00,23:59,
2023-12-05,RA168,YES,00:00,23:59,
2023-12-05,RA200,YES,00:00,23:59,
2023-12-05,RA306,YES,00:00,23:59,
2023-12-05,RA373,YES,00:00,23:59,
2023-12-05,TA120,NO,,,In Use Elsewhere
2023-12-05,TA148,YES,00:00,23:59,
2023-12-05,TA150,YES,00:00,23:59,
2023-12-05,TA283,NO,,,In Use Elsewhere
2023-12-05,TO187,NO,,,Scheduled Maintenance
2023-12-05,TO243,YES,00:00,23:59,
2023-12-05,TO257,YES,00:00,23:59,
2023-12-07,BA069,YES,00:00,23:59,
2023-12-07,DY061,YES,00:00,23:59,
2023-12-07,DY132,YES,00:00,23:59,
2023-12-07,DY353,YES,00:00,23:59,
2023-12-07,DY374,NO,,,Scheduled Maintenance
2023-12-07,OH125,YES,00:00,23:59,
2023-12-07,OH142,NO,,,Breakdown
2023-12-07,OH197,YES,00:00,23:59,
2023-12-07,OH239,NO,,,Breakdown
2023-12-07,OH245,YES,00:00,23:59,
2023-12-07,OH253,YES,00:00,23:59,
2023-12-07,OH270,NO,,,Breakdown
2023-12-07,OH372,YES,00:00,23:59,
2023-12-07,RA231,YES,00:00,23:59,
2023-12-07,TA118,YES,00:00,23:59,
2023-12-07,TA310,YES,00:00,23:59,
2023-12-07,TO166,YES,00:00,23:59,
2023-12-07,TO202,YES,00:00,23:59,
2023-12-07,TO284,YES,00:00,23:59,
2023-12-09,BA208,YES,00:00,23:59,
2023-12-09,BA304,NO,,,In Use Elsewhere
2023-12-09,DY246,YES,00:00,23:59,
2023-12-09,DY251,YES,00:00,23:59,
2023-12-09,DY398,YES,00:00,23:59,
2023-12-09,OH059,YES,00:00,23:59,
2023-12-09,OH082,YES,00:00,23:59,
2023-12-09,OH088,YES,00:00,23:59,
2023-12-09,OH158,YES,00:00,23:59,
2023-12-09,OH195,YES,00:00,23:59,
2023-12-09,RA172,YES,00:00,23:59,
2023-12-09,RA238,YES,00:00,23:59,
2023-12-09,RA278,YES,00:00,23:59,
2023-12-09,RA307,YES,00:00,23:59,
2023-12-09,RA320,YES,00:00,23:59,
2023-12-09,RA334,YES,00:00,23:59,
2023-12-09,TA147,YES,00:00,23:59,
2023-12-09,TA165,YES,00:00,23:59,
2023-12-09,TA275,YES,00:00,23:59,
2023-12-09,TO032,NO,,,In Use Elsewhere
2023-12-09,TO149,YES,00:00,23:59,
2023-12-09,TO351,YES,00:00,23:59,
2023-12-11,BA127,YES,00:00,23:59,
2023-12-11,BA144,NO,,,Breakdown
2023-12-11,BA293,NO,,,Scheduled Maintenance
2023-12-11,BA299,YES,00:00,23:59,
2023-12-11,DY236,YES,00:00,23:59,
2023-12-11,OH019,YES,00:00,23:59,
2023-12-11,OH189,YES,00:00,23:59,
2023-12-11,OH213,NO,,,Scheduled Maintenance
2023-12-11,OH301,YES,00:00,23:59,
2023-12-11,RA029,NO,,,In Use Elsewhere
2023-12-11,RA116,YES,00:00,23:59,
2023-12-11,RA234,YES,00:00,23:59,
2023-12-11,RA339,YES,00:00,23:59,
2023-12-11,RA363,YES,00:00,23:59,
2023-12-11,TA068,YES,00:00,23:59,
2023-12-13,BA042,YES,00:00,23:59,
2023-12-13,BA203,YES,00:00,23:59,
2023-12-13,BA266,YES,00:00,23:59,
2023-12-13,BA323,YES,00:00,23:59,
2023-12-13,BA349,YES,00:00,23:59,
2023-12-13,DY017,YES,00:00,23:59,
2023-12-13,DY135,YES,00:00,23:59,
2023-12-13,DY216,YES,00:00,23:59,
2023-12-13,DY217,YES,00:00,23:59,
2023-12-13,DY237,NO,,,Breakdown
2023-12-13,DY389,YES,00:00,23:59,
2023-12-13,OH083,YES,00:00,23:59,
2023-12-13,OH183,YES,00:00,23:59,
2023-12-13,OH253,YES,00:00,23:59,
2023-12-13,RA035,YES,00:00,23:59,
2023-12-13,RA037,YES,00:00,23:59,
2023-12-13,RA234,YES,00:00,23:59,
2023-12-13,TA140,YES,00:00,23:59,
2023-12-13,TA199,YES,00:00,23:59,
2023-12-13,TA229,YES,00:00,23:59,
2023-12-13,TO106,YES,00:00,23:59,
2023-12-13,TO267,YES,00:00,23:59,
2023-12-13,TO335,YES,00:00,23:59,
2023-12-17,BA016,YES,00:00,23:59,
2023-12-17,BA110,YES,00:00,23:59,
2023-12-17,DY017,YES,00:00,23:59,
2023-12-17,DY236,NO,,,Breakdown
2023-12-17,DY346,YES,00:00,23:59,
2023-12-17,OH195,YES,00:00,23:59,
2023-12-17,OH352,YES,00:00,23:59,
2023-12-17,OH359,YES,00:00,23:59,
2023-12-17,RA192,YES,00:00,23:59,
2023-12-17,RA375,YES,00:00,23:59,
2023-12-17,TA049,YES,00:00,23:59,
2023-12-17,TA068,YES,00:00,23:59,
2023-12-17,TA215,YES,00:00,23:59,
2023-12-17,TA218,NO,,,Breakdown
2023-12-17,TO123,YES,00:00,23:59,
2023-12-17,TO257,YES,00:00,23:59,
2023-12-17,TO326,NO,,,Breakdown
2023-12-17,TO335,YES,00:00,23:59,
2023-12-18,BA263,YES,00:00,23:59,
2023-12-18,BA324,YES,00:00,23:59,
2023-12-18,DY167,YES,00:00,23:59,
2023-12-18,DY217,YES,00:00,23:59,
2023-12-18,DY219,YES,00:00,23:59,
2023-12-18,DY248,YES,00:00,23:59,
2023-12-18,DY328,YES,00:00,23:59,
2023-12-18,DY331,YES,00:00,23:59,
2023-12-18,DY399,YES,00:00,23:59,
2023-12-18,OH010,NO,,,Breakdown
2023-12-18,OH142,YES,00:00,23:59,
2023-12-18,OH245,YES,00:00,23:59,
2023-12-18,OH333,YES,00:00,23:59,
2023-12-18,RA024,YES,00:00,23:59,
2023-12-18,RA156,YES,00:00,23:59,
2023-12-18,RA241,YES,00:00,23:59,
2023-12-18,RA286,YES,00:00,23:59,
2023-12-18,RA376,YES,00:00,23:59,
2023-12-18,TA036,YES,00:00,23:59,
2023-12-18,TA099,YES,00:00,23:59,
2023-12-18,TA107,YES,00:00,23:59,
2023-12-18,TA118,NO,,,Scheduled Maintenance
2023-12-18,TA205,YES,00:00,23:59,
2023-12-18,TA269,YES,00:00,23:59,
2023-12-18,TA275,YES,00:00,23:59,
2023-12-18,TA285,YES,00:00,23:59,
2023-12-18,TO335,YES,00:00,23:59,
2023-12-18,TO336,YES,00:00,23:59,
2023-12-18,TO351,YES,00:00,23:59,
2023-12-19,BA170,YES,00:00,23:59,
2023-12-19,BA188,NO,,,Scheduled Maintenance
2023-12-19,BA249,YES,00:00,23:59,
2023-12-19,DY040,YES,00:00,23:59,
2023-12-19,OH007,YES,00:00,23:59,
2023-12-19,OH082,YES,00:00,23:59,
2023-12-19,OH191,YES,00:00,23:59,
2023-12-19,OH254,YES,00:00,23:59,
2023-12-19,RA073,YES,00:00,23:59,
2023-12-19,RA340,YES,00:00,23:59,
2023-12-19,RA370,YES,00:00,23:59,
2023-12-19,TA199,YES,00:00,23:59,
2023-12-19,TA310,YES,00:00,23:59,
2023-12-19,TO243,YES,00:00,23:59,
2023-12-19,TO260,YES,00:00,23:59,
2023-12-20,BA069,YES,00:00,23:59,
2023-12-20,BA079,YES,00:00,23:59,
2023-12-20,BA186,YES,00:00,23:59,
2023-12-20,BA300,YES,00:00,23:59,
2023-12-20,BA348,YES,00:00,23:59,
2023-12-20,DY055,YES,00:00,23:59,
2023-12-20,DY067,NO,,,Scheduled Maintenance
2023-12-20,DY122,YES,00:00,23:59,
2023-12-20,DY262,YES,00:00,23:59,
2023-12-20,DY392,YES,00:00,23:59,
2023-12-20,OH015,YES,00:00,23:59,
2023-12-20,OH046,YES,00:00,23:59,
2023-12-20,OH050,YES,00:00,23:59,
2023-12-20,OH052,YES,00:00,23:59,
2023-12-20,OH059,YES,00:00,23:59,
2023-12-20,OH312,YES,00:00,23:59,
2023-12-20,OH359,YES,00:00,23:59,
2023-12-20,OH372,NO,,,Scheduled Maintenance
2023-12-20,OH384,NO,,,In Use Elsewhere
2023-12-20,RA035,NO,,,Scheduled Maintenance
2023-12-20,RA238,YES,00:00,23:59,
2023-12-20,RA295,YES,00:00,23:59,
2023-12-20,RA388,YES,00:00,23:59,
2023-12-20,TA063,YES,00:00,23:59,
2023-12-20,TA118,YES,00:00,23:59,
2023-12-20,TA275,YES,00:00,23:59,
2023-12-20,TO166,YES,00:00,23:59,
2023-12-20,TO256,YES,00:00,23:59,
2023-12-20,TO317,YES,00:00,23:59,
2023-12-21,BA042,YES,00:00,23:59,
2023-12-21,BA058,YES,00:00,23:59,
2023-12-21,BA293,YES,00:00,23:59,
2023-12-21,DY045,YES,00:00,23:59,
2023-12-21,DY096,YES,00:00,23:59,
2023-12-21,DY217,YES,00:00,23:59,
2023-12-21,DY251,NO,,,Breakdown
2023-12-21,DY322,YES,00:00,23:59,
2023-12-21,OH023,YES,00:00,23:59,
2023-12-21,OH025,YES,00:00,23:59,
2023-12-21,OH195,YES,00:00,23:59,
2023-12-21,OH207,YES,00:00,23:59,
2023-12-21,OH270,YES,00:00,23:59,
2023-12-21,OH271,YES,00:00,23:59,
2023-12-21,OH301,YES,00:00,23:59,
2023-12-21,OH372,YES,00:00,23:59,
2023-12-21,RA062,YES,00:00,23:59,
2023-12-21,RA155,YES,00:00,23:59,
2023-12-21,RA156,YES,00:00,23:59,
2023-12-21,RA387,YES,00:00,23:59,
2023-12-21,TA089,YES,00:00,23:59,
2023-12-21,TA229,YES,00:00,23:59,
2023-12-21,TA341,NO,,,In Use Elsewhere
2023-12-21,TO101,YES,00:00,23:59,
2023-12-23,BA386,YES,00:00,23:59,
2023-12-23,DY061,YES,00:00,23:59,
2023-12-23,DY141,YES,00:00,23:59,
2023-12-23,OH080,YES,00:00,23:59,
2023-12-23,OH271,YES,00:00,23:59,
2023-12-23,OH362,NO,,,Breakdown
2023-12-23,RA051,YES,00:00,23:59,
2023-12-23,RA241,YES,00:00,23:59,
2023-12-23,TA065,YES,00:00,23:59,
2023-12-23,TA089,YES,00:00,23:59,
2023-12-23,TA098,YES,00:00,23:59,
2023-12-23,TA275,YES,00:00,23:59,
2023-12-23,TA302,YES,00:00,23:59,
2023-12-23,TO106,YES,00:00,23:59,
2023-12-23,TO123,YES,00:00,23:59,
2023-12-24,BA069,YES,00:00,23:59,
2023-12-24,BA358,YES,00:00,23:59,
2023-12-24,DY161,YES,00:00,23:59,
2023-12-24,DY180,YES,00:00,23:59,
2023-12-24,DY319,YES,00:00,23:59,
2023-12-24,DY398,YES,00:00,23:59,
2023-12-24,OH006,NO,,,Breakdown
2023-12-24,OH082,YES,00:00,23:59,
2023-12-24,OH296,YES,00:00,23:59,
2023-12-24,OH372,YES,00:00,23:59,
2023-12-24,RA062,YES,00:00,23:59,
2023-12-24,RA139,YES,00:00,23:59,
2023-12-24,RA231,YES,00:00,23:59,
2023-12-24,RA240,YES,00:00,23:59,
2023-12-24,RA397,YES,00:00,23:59,
2023-12-24,TA027,YES,00:00,23:59,
2023-12-24,TA078,YES,00:00,23:59,
2023-12-24,TO260,YES,00:00,23:59,
2023-12-25,BA127,YES,00:00,23:59,
2023-12-25,BA185,YES,00:00,23:59,
2023-12-25,DY090,YES,00:00,23:59,
2023-12-25,DY124,YES,00:00,23:59,
2023-12-25,OH183,YES,00:00,23:59,
2023-12-25,OH362,YES,00:00,23:59,
2023-12-25,RA114,YES,00:00,23:59,
2023-12-25,RA308,YES,00:00,23:59,
2023-12-25,TA034,YES,00:00,23:59,
2023-12-25,TA120,YES,00:00,23:59,
2023-12-25,TA264,NO,,,Scheduled Maintenance
2023-12-25,TA292,YES,00:00,23:59,
2023-12-25,TA302,YES,00:00,23:59,
2023-12-25,TO288,YES,00:00,23:59,
2023-12-25,TO317,YES,00:00,23:59,
2023-12-26,BA094,YES,00:00,23:59,
2023-12-26,BA110,YES,00:00,23:59,
2023-12-26,BA144,YES,00:00,23:59,
2023-12-26,BA151,NO,,,In Use Elsewhere
2023-12-26,BA348,YES,00:00,23:59,
2023-12-26,BA377,YES,00:00,23:59,
2023-12-26,BA386,YES,00:00,23:59,
2023-12-26,DY132,YES,00:00,23:59,
2023-12-26,DY167,YES,00:00,23:59,
2023-12-26,DY315,NO,,,Scheduled Maintenance
2023-12-26,DY353,YES,00:00,23:59,
2023-12-26,OH082,YES,00:00,23:59,
2023-12-26,OH182,YES,00:00,23:59,
2023-12-26,OH239,YES,00:00,23:59,
2023-12-26,OH359,NO,,,Scheduled Maintenance
2023-12-26,RA024,YES,00:00,23:59,
2023-12-26,RA139,YES,00:00,23:59,
2023-12-26,RA295,YES,00:00,23:59,
2023-12-26,RA303,YES,00:00,23:59,
2023-12-26,RA334,YES,00:00,23:59,
2023-12-26,RA354,YES,00:00,23:59,
2023-12-26,TA264,YES,00:00,23:59,
2023-12-26,TO021,YES,00:00,23:59,
2023-12-26,TO267,YES,00:00,23:59,
2023-12-26,TO317,YES,00:00,23:59,
2023-12-27,BA097,YES,00:00,23:59,
2023-12-27,BA102,YES,00:00,23:59,
2023-12-27,BA249,YES,00:00,23:59,
2023-12-27,BA332,YES,00:00,23:59,
2023-12-27,DY061,YES,00:00,23:59,
2023-12-27,DY161,YES,00:00,23:59,
2023-12-27,OH092,NO,,,Scheduled Maintenance
2023-12-27,RA035,YES,00:00,23:59,
2023-12-27,RA053,YES,00:00,23:59,
2023-12-27,RA241,NO,,,Scheduled Maintenance
2023-12-27,RA261,YES,00:00,23:59,
2023-12-27,RA273,YES,00:00,23:59,
2023-12-27,TA034,YES,00:00,23:59,
2023-12-27,TA075,YES,00:00,23:59,
2023-12-27,TO223,YES,00:00,23:59,
2023-12-28,BA064,YES,00:00,23:59,
2023-12-28,BA066,YES,00:00,23:59,
2023-12-28,BA144,YES,00:00,23:59,
2023-12-28,BA247,YES,00:00,23:59,
2023-12-28,BA274,YES,00:00,23:59,
2023-12-28,BA381,YES,00:00,23:59,
2023-12-28,DY014,NO,,,In Use Elsewhere
2023-12-28,DY216,YES,00:00,23:59,
2023-12-28,DY236,YES,00:00,23:59,
2023-12-28,DY315,YES,00:00,23:59,
2023-12-28,DY346,YES,00:00,23:59,
2023-12-28,OH083,YES,00:00,23:59,
2023-12-28,OH134,YES,00:00,23:59,
2023-12-28,OH368,YES,00:00,23:59,
2023-12-28,RA035,YES,00:00,23:59,
2023-12-28,RA087,YES,00:00,23:59,
2023-12-28,RA116,YES,00:00,23:59,
2023-12-28,RA177,YES,00:00,23:59,
2023-12-28,RA204,YES,00:00,23:59,
2023-12-28,RA286,YES,00:00,23:59,
2023-12-28,RA376,YES,00:00,23:59,
2023-12-28,TO260,YES,00:00,23:59,
2023-12-28,TO364,YES,00:00,23:59,
2023-12-30,BA104,YES,00:00,23:59,
2023-12-30,BA151,NO,,,Breakdown
2023-12-30,BA153,YES,00:00,23:59,
2023-12-30,BA230,NO,,,Breakdown
2023-12-30,DY055,NO,,,In Use Elsewhere
2023-12-30,DY178,NO,,,Scheduled Maintenance
2023-12-30,DY201,YES,00:00,23:59,
2023-12-30,DY246,YES,00:00,23:59,
2023-12-30,DY327,YES,00:00,23:59,
2023-12-30,DY331,YES,00:00,23:59,
2023-12-30,DY392,NO,,,Scheduled Maintenance
2023-12-30,OH080,YES,00:00,23:59,
2023-12-30,OH362,YES,00:00,23:59,
2023-12-30,OH365,YES,00:00,23:59,
2023-12-30,OH384,YES,00:00,23:59,
2023-12-30,RA085,YES,00:00,23:59,
2023-12-30,RA308,YES,00:00,23:59,
2023-12-30,TA003,YES,00:00,23:59,
2023-12-30,TA229,YES,00:00,23:59,
2023-12-30,TA233,YES,00:00,23:59,
2023-12-30,TO021,YES,00:00,23:59,
2023-12-30,TO044,YES,00:00,23:59,
2023-12-31,BA144,YES,00:00,23:59,
2023-12-31,BA293,YES,00:00,23:59,
2023-12-31,BA381,YES,00:00,23:59,
2023-12-31,DY152,NO,,,In Use Elsewhere
2023-12-31,DY157,YES,00:00,23:59,
2023-12-31,DY232,YES,00:00,23:59,
2023-12-31,DY251,YES,00:00,23:59,
2023-12-31,DY321,YES,00:00,23:59,
2023-12-31,DY353,YES,00:00,23:59,
2023-12-31,OH050,YES,00:00,23:59,
2023-12-31,OH088,NO,,,Scheduled Maintenance
2023-12-31,OH125,YES,00:00,23:59,
2023-12-31,OH270,NO,,,Scheduled Maintenance
2023-12-31,OH294,YES,00:00,23:59,
2023-12-31,OH298,YES,00:00,23:59,
2023-12-31,OH366,YES,00:00,23:59,
2023-12-31,OH395,NO,,,Breakdown
2023-12-31,RA013,YES,00:00,23:59,
2023-12-31,RA240,YES,00:00,23:59,
2023-12-31,RA339,YES,00:00,23:59,
2023-12-31,TA078,YES,00:00,23:59,
2023-12-31,TA089,YES,00:00,23:59,
2023-12-31,TA165,YES,00:00,23:59,
2023-12-31,TA226,YES,00:00,23:59,
2023-12-31,TA269,YES,00:00,23:59,
2023-12-31,TO101,YES,00:00,23:59,
2024-01-01,BA042,YES,00:00,23:59,
2024-01-01,BA058,NO,,,Scheduled Maintenance
2024-01-01,BA209,YES,00:00,23:59,
2024-01-01,BA249,YES,00:00,23:59,
2024-01-01,DY232,YES,00:00,23:59,
2024-01-01,DY244,YES,00:00,23:59,
2024-01-01,DY345,YES,00:00,23:59,
2024-01-01,DY399,NO,,,Breakdown
2024-01-01,OH059,YES,00:00,23:59,
2024-01-01,OH092,YES,00:00,23:59,
2024-01-01,OH176,YES,00:00,23:59,
2024-01-01,OH214,YES,00:00,23:59,
2024-01-01,OH245,YES,00:00,23:59,
2024-01-01,OH338,YES,00:00,23:59,
2024-01-01,OH365,YES,00:00,23:59,
2024-01-01,RA114,NO,,,Breakdown
2024-01-01,RA241,YES,00:00,23:59,
2024-01-01,RA265,YES,00:00,23:59,
2024-01-01,TA089,YES,00:00,23:59,
2024-01-01,TA205,YES,00:00,23:59,
2024-01-01,TO056,NO,,,Breakdown
2024-01-02,BA066,YES,00:00,23:59,
2024-01-02,BA084,YES,00:00,23:59,
2024-01-02,BA110,YES,00:00,23:59,
2024-01-02,DY017,YES,00:00,23:59,
2024-01-02,DY251,YES,00:00,23:59,
2024-01-02,DY281,NO,,,Scheduled Maintenance
2024-01-02,OH025,YES,00:00,23:59,
2024-01-02,OH050,YES,00:00,23:59,
2024-01-02,OH182,YES,00:00,23:59,
2024-01-02,OH183,YES,00:00,23:59,
2024-01-02,OH296,YES,00:00,23:59,
2024-01-02,OH384,YES,00:00,23:59,
2024-01-02,RA190,YES,00:00,23:59,
2024-01-02,RA204,YES,00:00,23:59,
2024-01-02,RA265,YES,00:00,23:59,
2024-01-02,RA295,YES,00:00,23:59,
2024-01-02,RA307,YES,00:00,23:59,
2024-01-02,RA308,YES,00:00,23:59,
2024-01-02,RA376,YES,00:00,23:59,
2024-01-02,TO032,YES,00:00,23:59,
2024-01-02,TO316,NO,,,In Use Elsewhere
2024-01-03,BA104,NO,,,In Use Elsewhere
2024-01-03,DY004,YES,00:00,23:59,
2024-01-03,DY057,YES,00:00,23:59,
2024-01-03,DY138,YES,00:00,23:59,
2024-01-03,DY309,YES,00:00,23:59,
2024-01-03,DY322,YES,00:00,23:59,
2024-01-03,DY392,YES,00:00,23:59,
2024-01-03,OH023,YES,00:00,23:59,
2024-01-03,OH086,YES,00:00,23:59,
2024-01-03,OH142,YES,00:00,23:59,
2024-01-03,OH357,YES,00:00,23:59,
2024-01-03,RA062,YES,00:00,23:59,
2024-01-03,RA119,YES,00:00,23:59,
2024-01-03,RA290,NO,,,Scheduled Maintenance
2024-01-03,RA307,NO,,,Scheduled Maintenance
2024-01-03,RA363,YES,00:00,23:59,
2024-01-03,RA387,YES,00:00,23:59,
2024-01-03,TA220,YES,00:00,23:59,
2024-01-03,TA227,YES,00:00,23:59,
2024-01-03,TO326,NO,,,In Use Elsewhere
2024-01-04,BA255,YES,00:00,23:59,
2024-01-04,DY322,NO,,,Scheduled Maintenance
2024-01-04,DY369,YES,00:00,23:59,
2024-01-04,DY399,YES,00:00,23:59,
2024-01-04,OH025,YES,00:00,23:59,
2024-01-04,OH142,YES,00:00,23:59,
2024-01-04,OH362,YES,00:00,23:59,
2024-01-04,RA029,NO,,,Scheduled Maintenance
2024-01-04,RA136,YES,00:00,23:59,
2024-01-04,RA164,NO,,,In Use Elsewhere
2024-01-04,RA367,YES,00:00,23:59,
2024-01-04,TO033,YES,00:00,23:59,
2024-01-04,TO106,YES,00:00,23:59,
2024-01-04,TO149,YES,00:00,23:59,
2024-01-04,TO364,YES,00:00,23:59,
2024-01-05,BA188,YES,00:00,23:59,
2024-01-05,BA324,YES,00:00,23:59,
2024-01-05,DY040,YES,00:00,23:59,
2024-01-05,DY070,YES,00:00,23:59,
2024-01-05,DY167,YES,00:00,23:59,
2024-01-05,DY201,YES,00:00,23:59,
2024-01-05,DY345,YES,00:00,23:59,
2024-01-05,DY380,NO,,,Breakdown
2024-01-05,OH046,YES,00:00,23:59,
2024-01-05,OH076,YES,00:00,23:59,
2024-01-05,OH338,YES,00:00,23:59,
2024-01-05,OH366,YES,00:00,23:59,
2024-01-05,RA031,YES,00:00,23:59,
2024-01-05,RA081,YES,00:00,23:59,
2024-01-05,RA114,YES,00:00,23:59,
2024-01-05,RA155,YES,00:00,23:59,
2024-01-05,TA107,YES,00:00,23:59,
2024-01-05,TA165,NO,,,In Use Elsewhere
2024-01-05,TA171,YES,00:00,23:59,
2024-01-05,TA361,YES,00:00,23:59,
2024-01-05,TA394,YES,00:00,23:59,
2024-01-05,TO335,YES,00:00,23:59,
2024-01-05,TO336,YES,00:00,23:59,
2024-01-06,BA042,YES,00:00,23:59,
2024-01-06,BA127,YES,00:00,23:59,
2024-01-06,BA203,YES,00:00,23:59,
2024-01-06,BA332,YES,00:00,23:59,
2024-01-06,DY281,YES,00:00,23:59,
2024-01-06,DY321,YES,00:00,23:59,
2024-01-06,DY379,YES,00:00,23:59,
2024-01-06,OH253,YES,00:00,23:59,
2024-01-06,OH359,YES,00:00,23:59,
2024-01-06,OH368,YES,00:00,23:59,
2024-01-06,RA062,YES,00:00,23:59,
2024-01-06,RA241,NO,,,Breakdown
2024-01-06,RA286,YES,00:00,23:59,
2024-01-06,TA131,YES,00:00,23:59,
2024-01-06,TA211,YES,00:00,23:59,
2024-01-06,TA282,YES,00:00,23:59,
2024-01-06,TO038,YES,00:00,23:59,
2024-01-06,TO101,YES,00:00,23:59,
2024-01-06,TO272,YES,00:00,23:59,
2024-01-06,TO351,YES,00:00,23:59,
2024-01-07,BA151,NO,,,Scheduled Maintenance
2024-01-07,BA266,YES,00:00,23:59,
2024-01-07,BA304,YES,00:00,23:59,
2024-01-07,DY004,NO,,,Breakdown
2024-01-07,DY244,YES,00:00,23:59,
2024-01-07,DY331,YES,00:00,23:59,
2024-01-07,DY369,YES,00:00,23:59,
2024-01-07,OH006,NO,,,Scheduled Maintenance
2024-01-07,OH071,YES,00:00,23:59,
2024-01-07,OH125,YES,00:00,23:59,
2024-01-07,OH214,YES,00:00,23:59,
2024-01-07,OH365,YES,00:00,23:59,
2024-01-07,OH390,YES,00:00,23:59,
2024-01-07,RA168,YES,00:00,23:59,
2024-01-07,RA252,YES,00:00,23:59,
2024-01-07,RA261,NO,,,Scheduled Maintenance
2024-01-07,TA003,YES,00:00,23:59,
2024-01-07,TA034,YES,00:00,23:59,
2024-01-07,TA229,YES,00:00,23:59,
2024-01-07,TO106,YES,00:00,23:59,
2024-01-08,BA126,YES,00:00,23:59,
2024-01-08,BA159,YES,00:00,23:59,
2024-01-08,BA209,YES,00:00,23:59,
2024-01-08,DY055,NO,,,In Use Elsewhere
2024-01-08,OH046,NO,,,In Use Elsewhere
2024-01-08,OH080,YES,00:00,23:59,
2024-01-08,OH093,YES,00:00,23:59,
2024-01-08,OH111,YES,00:00,23:59,
2024-01-08,OH134,YES,00:00,23:59,
2024-01-08,OH176,YES,00:00,23:59,
2024-01-08,OH239,NO,,,Breakdown
2024-01-08,OH254,YES,00:00,23:59,
2024-01-08,OH312,YES,00:00,23:59,
2024-01-08,OH366,YES,00:00,23:59,
2024-01-08,RA008,YES,00:00,23:59,
2024-01-08,RA024,YES,00:00,23:59,
2024-01-08,RA037,YES,00:00,23:59,
2024-01-08,RA200,YES,00:00,23:59,
2024-01-08,RA238,YES,00:00,23:59,
2024-01-08,TA078,YES,00:00,23:59,
2024-01-08,TA108,YES,00:00,23:59,
2024-01-08,TA218,YES,00:00,23:59,
2024-01-08,TA229,YES,00:00,23:59,
2024-01-08,TA361,YES,00:00,23:59,
2024-01-08,TA396,YES,00:00,23:59,
2024-01-08,TO123,NO,,,In Use Elsewhere
2024-01-08,TO335,YES,00:00,23:59,
2024-01-08,TO336,YES,00:00,23:59,
2024-01-08,TO350,YES,00:00,23:59,
2024-01-09,BA230,YES,00:00,23:59,
2024-01-09,BA358,NO,,,Breakdown
2024-01-09,DY057,NO,,,In Use Elsewhere
2024-01-09,DY201,YES,00:00,23:59,
2024-01-09,DY321,YES,00:00,23:59,
2024-01-09,DY356,YES,00:00,23:59,
2024-01-09,DY379,NO,,,In Use Elsewhere
2024-01-09,DY399,YES,00:00,23:59,
2024-01-09,OH270,YES,00:00,23:59,
2024-01-09,RA156,YES,00:00,23:59,
2024-01-09,RA192,YES,00:00,23:59,
2024-01-09,RA198,YES,00:00,23:59,
2024-01-09,RA265,YES,00:00,23:59,
2024-01-09,RA276,YES,00:00,23:59,
2024-01-09,RA400,YES,00:00,23:59,
2024-01-09,TA120,YES,00:00,23:59,
2024-01-09,TA220,YES,00:00,23:59,
2024-01-09,TO021,YES,00:00,23:59,
2024-01-09,TO041,NO,,,In Use Elsewhere
2024-01-09,TO179,YES,00:00,23:59,
2024-01-09,TO316,YES,00:00,23:59,
2024-01-09,TO351,YES,00:00,23:59,
2024-01-11,BA042,YES,00:00,23:59,
2024-01-11,BA381,YES,00:00,23:59,
2024-01-11,DY001,YES,00:00,23:59,
2024-01-11,DY018,YES,00:00,23:59,
2024-01-11,DY196,NO,,,In Use Elsewhere
2024-01-11,OH071,YES,00:00,23:59,
2024-01-11,OH092,YES,00:00,23:59,
2024-01-11,OH195,YES,00:00,23:59,
2024-01-11,OH382,YES,00:00,23:59,
2024-01-11,RA062,YES,00:00,23:59,
2024-01-11,RA085,YES,00:00,23:59,
2024-01-11,RA210,YES,00:00,23:59,
2024-01-11,TA285,YES,00:00,23:59,
2024-01-11,TA291,YES,00:00,23:59,
2024-01-11,TO101,YES,00:00,23:59,
2024-01-11,TO326,YES,00:00,23:59,
2024-01-11,TO330,YES,00:00,23:59,
2024-01-13,BA208,NO,,,Breakdown
2024-01-13,OH059,YES,00:00,23:59,
2024-01-13,OH082,YES,00:00,23:59,
2024-01-13,OH183,YES,00:00,23:59,
2024-01-13,OH197,YES,00:00,23:59,
2024-01-13,RA156,YES,00:00,23:59,
2024-01-13,RA265,YES,00:00,23:59,
2024-01-13,TA027,YES,00:00,23:59,
2024-01-13,TA107,YES,00:00,23:59,
2024-01-13,TA108,YES,00:00,23:59,
2024-01-13,TA215,YES,00:00,23:59,
2024-01-13,TA225,YES,00:00,23:59,
2024-01-13,TA291,YES,00:00,23:59,
2024-01-13,TO288,YES,00:00,23:59,
2024-01-16,BA383,YES,00:00,23:59,
2024-01-16,DY235,YES,00:00,23:59,
2024-01-16,DY244,YES,00:00,23:59,
2024-01-16,DY345,YES,00:00,23:59,
2024-01-16,DY369,YES,00:00,23:59,
2024-01-16,OH025,YES,00:00,23:59,
2024-01-16,OH080,NO,,,Scheduled Maintenance
2024-01-16,OH254,YES,00:00,23:59,
2024-01-16,OH294,YES,00:00,23:59,
2024-01-16,OH395,YES,00:00,23:59,
2024-01-16,RA240,YES,00:00,23:59,
2024-01-16,RA303,YES,00:00,23:59,
2024-01-16,TA099,YES,00:00,23:59,
2024-01-16,TA289,YES,00:00,23:59,
2024-01-16,TA302,YES,00:00,23:59,
2024-01-16,TA396,YES,00:00,23:59,
2024-01-16,TO106,YES,00:00,23:59,
2024-01-16,TO166,NO,,,In Use Elsewhere
2024-01-16,TO287,YES,00:00,23:59,
2024-01-19,BA069,YES,00:00,23:59,
2024-01-19,BA097,YES,00:00,23:59,
2024-01-19,BA113,YES,00:00,23:59,
2024-01-19,BA151,YES,00:00,23:59,
2024-01-19,BA242,YES,00:00,23:59,
2024-01-19,BA314,YES,00:00,23:59,
2024-01-19,DY067,YES,00:00,23:59,
2024-01-19,DY201,YES,00:00,23:59,
2024-01-19,DY217,YES,00:00,23:59,
2024-01-19,DY353,NO,,,Breakdown
2024-01-19,DY369,YES,00:00,23:59,
2024-01-19,DY392,YES,00:00,23:59,
2024-01-19,OH125,NO,,,In Use Elsewhere
2024-01-19,OH176,NO,,,Scheduled Maintenance
2024-01-19,RA008,YES,00:00,23:59,
2024-01-19,RA155,NO,,,In Use Elsewhere
2024-01-19,RA306,YES,00:00,23:59,
2024-01-19,RA307,YES,00:00,23:59,
2024-01-19,RA397,YES,00:00,23:59,
2024-01-19,TA027,YES,00:00,23:59,
2024-01-19,TA036,NO,,,Scheduled Maintenance
2024-01-19,TA227,NO,,,In Use Elsewhere
2024-01-19,TO021,YES,00:00,23:59,
2024-01-19,TO243,YES,00:00,23:59,
2024-01-19,TO284,YES,00:00,23:59,
2024-01-22,BA064,YES,00:00,23:59,
2024-01-22,BA095,YES,00:00,23:59,
2024-01-22,DY057,YES,00:00,23:59,
2024-01-22,OH111,YES,00:00,23:59,
2024-01-22,OH298,YES,00:00,23:59,
2024-01-22,OH333,YES,00:00,23:59,
2024-01-22,OH359,YES,00:00,23:59,
2024-01-22,RA031,YES,00:00,23:59,
2024-01-22,RA295,YES,00:00,23:59,
2024-01-22,RA308,YES,00:00,23:59,
2024-01-22,RA370,YES,00:00,23:59,
2024-01-22,TA054,YES,00:00,23:59,
2024-01-22,TA075,YES,00:00,23:59,
2024-01-22,TA269,YES,00:00,23:59,
2024-01-22,TO032,YES,00:00,23:59,
2024-01-22,TO038,YES,00:00,23:59,
2024-01-22,TO223,NO,,,Scheduled Maintenance
2024-01-23,BA084,YES,00:00,23:59,
2024-01-23,BA127,YES,00:00,23:59,
2024-01-23,BA266,YES,00:00,23:59,
2024-01-23,BA393,YES,00:00,23:59,
2024-01-23,DY196,YES,00:00,23:59,
2024-01-23,DY219,YES,00:00,23:59,
2024-01-23,DY232,YES,00:00,23:59,
2024-01-23,OH010,YES,00:00,23:59,
2024-01-23,OH023,YES,00:00,23:59,
2024-01-23,OH130,YES,00:00,23:59,
2024-01-23,OH173,YES,00:00,23:59,
2024-01-23,OH207,NO,,,Scheduled Maintenance
2024-01-23,RA051,YES,00:00,23:59,
2024-01-23,RA053,NO,,,Scheduled Maintenance
2024-01-23,RA308,YES,00:00,23:59,
2024-01-23,RA367,YES,00:00,23:59,
2024-01-23,TA005,YES,00:00,23:59,
2024-01-23,TA034,NO,,,Scheduled Maintenance
2024-01-23,TA325,YES,00:00,23:59,
2024-01-23,TO002,YES,00:00,23:59,
2024-01-23,TO030,YES,00:00,23:59,
2024-01-23,TO109,YES,00:00,23:59,
2024-01-23,TO146,YES,00:00,23:59,
2024-01-26,BA113,YES,00:00,23:59,
2024-01-26,BA117,YES,00:00,23:59,
2024-01-26,BA174,YES,00:00,23:59,
2024-01-26,BA386,YES,00:00,23:59,
2024-01-26,DY122,YES,00:00,23:59,
2024-01-26,DY201,NO,,,Scheduled Maintenance
2024-01-26,DY279,NO,,,Breakdown
2024-01-26,DY345,YES,00:00,23:59,
2024-01-26,DY392,YES,00:00,23:59,
2024-01-26,OH019,YES,00:00,23:59,
2024-01-26,OH026,YES,00:00,23:59,
2024-01-26,OH111,YES,00:00,23:59,
2024-01-26,RA116,YES,00:00,23:59,
2024-01-26,RA234,YES,00:00,23:59,
2024-01-26,RA276,YES,00:00,23:59,
2024-01-26,TA003,YES,00:00,23:59,
2024-01-26,TA131,YES,00:00,23:59,
2024-01-26,TA205,YES,00:00,23:59,
2024-01-26,TA220,NO,,,In Use Elsewhere
2024-01-26,TA289,YES,00:00,23:59,
2024-01-26,TO109,YES,00:00,23:59,
2024-01-26,TO112,YES,00:00,23:59,
2024-01-26,TO256,NO,,,Breakdown
2024-01-26,TO284,YES,00:00,23:59,
2024-01-27,BA293,YES,00:00,23:59,
2024-01-27,DY124,YES,00:00,23:59,
2024-01-27,DY217,YES,00:00,23:59,
2024-01-27,DY237,NO,,,Scheduled Maintenance
2024-01-27,DY315,YES,00:00,23:59,
2024-01-27,DY369,YES,00:00,23:59,
2024-01-27,OH023,YES,00:00,23:59,
2024-01-27,OH072,YES,00:00,23:59,
2024-01-27,OH076,YES,00:00,23:59,
2024-01-27,OH365,YES,00:00,23:59,
2024-01-27,RA139,YES,00:00,23:59,
2024-01-27,RA206,NO,,,In Use Elsewhere
2024-01-27,RA360,YES,00:00,23:59,
2024-01-27,TA034,NO,,,Scheduled Maintenance
2024-01-27,TO009,YES,00:00,23:59,
2024-01-27,TO020,YES,00:00,23:59,
2024-01-27,TO109,YES,00:00,23:59,
2024-01-27,TO260,YES,00:00,23:59,
2024-01-28,BA095,YES,00:00,23:59,
2024-01-28,BA144,YES,00:00,23:59,
2024-01-28,BA209,YES,00:00,23:59,
2024-01-28,BA274,YES,00:00,23:59,
2024-01-28,BA355,YES,00:00,23:59,
2024-01-28,DY012,YES,00:00,23:59,
2024-01-28,DY090,YES,00:00,23:59,
2024-01-28,DY217,NO,,,Scheduled Maintenance
2024-01-28,DY279,YES,00:00,23:59,
2024-01-28,DY319,YES,00:00,23:59,
2024-01-28,DY321,NO,,,Scheduled Maintenance
2024-01-28,OH006,YES,00:00,23:59,
2024-01-28,OH125,YES,00:00,23:59,
2024-01-28,OH245,YES,00:00,23:59,
2024-01-28,RA029,YES,00:00,23:59,
2024-01-28,RA031,NO,,,Breakdown
2024-01-28,RA081,YES,00:00,23:59,
2024-01-28,RA268,YES,00:00,23:59,
2024-01-28,RA303,YES,00:00,23:59,
2024-01-28,RA329,YES,00:00,23:59,
2024-01-28,TA049,NO,,,In Use Elsewhere
2024-01-28,TA118,YES,00:00,23:59,
2024-01-28,TA205,YES,00:00,23:59,
2024-01-28,TA212,YES,00:00,23:59,
2024-01-28,TA222,YES,00:00,23:59,
2024-01-28,TA289,YES,00:00,23:59,
2024-01-28,TO041,YES,00:00,23:59,
2024-01-28,TO149,YES,00:00,23:59,
2024-01-30,BA102,YES,00:00,23:59,
2024-01-30,BA323,YES,00:00,23:59,
2024-01-30,BA393,YES,00:00,23:59,
2024-01-30,DY012,YES,00:00,23:59,
2024-01-30,DY091,YES,00:00,23:59,
2024-01-30,DY132,YES,00:00,23:59,
2024-01-30,DY251,YES,00:00,23:59,
2024-01-30,DY346,YES,00:00,23:59,
2024-01-30,OH059,YES,00:00,23:59,
2024-01-30,OH093,YES,00:00,23:59,
2024-01-30,OH182,YES,00:00,23:59,
2024-01-30,OH214,YES,00:00,23:59,
2024-01-30,OH254,NO,,,Breakdown
2024-01-30,OH338,YES,00:00,23:59,
2024-01-30,OH347,YES,00:00,23:59,
2024-01-30,OH384,NO,,,Breakdown
2024-01-30,RA035,YES,00:00,23:59,
2024-01-30,RA155,YES,00:00,23:59,
2024-01-30,RA367,YES,00:00,23:59,
2024-01-30,RA378,NO,,,Breakdown
2024-01-30,TA229,YES,00:00,23:59,
2024-01-30,TA310,YES,00:00,23:59,
2024-01-30,TA396,NO,,,Breakdown
2024-01-30,TO166,YES,00:00,23:59,
2024-01-30,TO250,YES,00:00,23:59,
2024-01-30,TO330,YES,00:00,23:59,
2024-01-31,BA066,YES,00:00,23:59,
2024-01-31,BA159,YES,00:00,23:59,
2024-01-31,BA381,YES,00:00,23:59,
2024-01-31,DY090,YES,00:00,23:59,
2024-01-31,DY184,YES,00:00,23:59,
2024-01-31,DY216,YES,00:00,23:59,
2024-01-31,DY322,YES,00:00,23:59,
2024-01-31,DY380,YES,00:00,23:59,
2024-01-31,OH207,YES,00:00,23:59,
2024-01-31,OH271,YES,00:00,23:59,
2024-01-31,OH347,YES,00:00,23:59,
2024-01-31,RA119,YES,00:00,23:59,
2024-01-31,RA240,YES,00:00,23:59,
2024-01-31,RA277,YES,00:00,23:59,
2024-01-31,RA308,YES,00:00,23:59,
2024-01-31,RA329,YES,00:00,23:59,
2024-01-31,RA375,YES,00:00,23:59,
2024-01-31,RA400,YES,00:00,23:59,
2024-01-31,TA074,YES,00:00,23:59,
2024-01-31,TA291,YES,00:00,23:59,
2024-01-31,TA325,YES,00:00,23:59,
2024-01-31,TO028,YES,00:00,23:59,
2024-01-31,TO038,NO,,,In Use Elsewhere
2024-01-31,TO047,YES,00:00,23:59,
2024-01-31,TO149,YES,00:00,23:59,
2024-01-31,TO223,NO,,,Breakdown
2024-02-02,BA079,NO,,,In Use Elsewhere
2024-02-02,BA084,NO,,,In Use Elsewhere
2024-02-02,BA113,NO,,,In Use Elsewhere
2024-02-02,BA117,YES,00:00,23:59,
2024-02-02,BA300,YES,00:00,23:59,
2024-02-02,DY167,YES,00:00,23:59,
2024-02-02,OH173,YES,00:00,23:59,
2024-02-02,OH195,YES,00:00,23:59,
2024-02-02,RA008,YES,00:00,23:59,
2024-02-02,RA062,YES,00:00,23:59,
2024-02-02,RA136,NO,,,In Use Elsewhere
2024-02-02,RA190,YES,00:00,23:59,
2024-02-02,RA295,YES,00:00,23:59,
2024-02-02,TA118,YES,00:00,23:59,
2024-02-02,TA154,YES,00:00,23:59,
2024-02-02,TA310,NO,,,In Use Elsewhere
2024-02-02,TA394,YES,00:00,23:59,
2024-02-02,TO044,YES,00:00,23:59,
2024-02-02,TO112,YES,00:00,23:59,
2024-02-02,TO187,YES,00:00,23:59,
2024-02-03,BA126,YES,00:00,23:59,
2024-02-03,BA170,YES,00:00,23:59,
2024-02-03,BA259,YES,00:00,23:59,
2024-02-03,BA274,YES,00:00,23:59,
2024-02-03,BA300,YES,00:00,23:59,
2024-02-03,DY122,YES,00:00,23:59,
2024-02-03,DY319,YES,00:00,23:59,
2024-02-03,DY374,YES,00:00,23:59,
2024-02-03,OH195,YES,00:00,23:59,
2024-02-03,OH271,YES,00:00,23:59,
2024-02-03,OH362,YES,00:00,23:59,
2024-02-03,RA354,YES,00:00,23:59,
2024-02-03,RA376,YES,00:00,23:59,
2024-02-03,RA385,YES,00:00,23:59,
2024-02-03,TA222,NO,,,In Use Elsewhere
2024-02-03,TA225,YES,00:00,23:59,
2024-02-03,TA282,YES,00:00,23:59,
2024-02-03,TO020,YES,00:00,23:59,
2024-02-03,TO179,YES,00:00,23:59,
2024-02-06,BA203,YES,00:00,23:59,
2024-02-06,BA274,YES,00:00,23:59,
2024-02-06,DY017,YES,00:00,23:59,
2024-02-06,DY184,YES,00:00,23:59,
2024-02-06,OH086,YES,00:00,23:59,
2024-02-06,OH271,YES,00:00,23:59,
2024-02-06,OH368,YES,00:00,23:59,
2024-02-06,OH372,NO,,,In Use Elsewhere
2024-02-06,RA053,YES,00:00,23:59,
2024-02-06,RA190,YES,00:00,23:59,
2024-02-06,RA339,YES,00:00,23:59,
2024-02-06,TA107,YES,00:00,23:59,
2024-02-06,TA310,YES,00:00,23:59,
2024-02-06,TO002,YES,00:00,23:59,
2024-02-06,TO047,YES,00:00,23:59,
2024-02-07,BA126,YES,00:00,23:59,
2024-02-07,BA151,YES,00:00,23:59,
2024-02-07,BA188,NO,,,In Use Elsewhere
2024-02-07,DY060,YES,00:00,23:59,
2024-02-07,DY096,YES,00:00,23:59,
2024-02-07,DY167,YES,00:00,23:59,
2024-02-07,DY321,NO,,,In Use Elsewhere
2024-02-07,OH077,YES,00:00,23:59,
2024-02-07,OH080,YES,00:00,23:59,
2024-02-07,OH189,YES,00:00,23:59,
2024-02-07,OH213,YES,00:00,23:59,
2024-02-07,OH270,YES,00:00,23:59,
2024-02-07,RA029,YES,00:00,23:59,
2024-02-07,RA039,YES,00:00,23:59,
2024-02-07,RA053,YES,00:00,23:59,
2024-02-07,RA062,YES,00:00,23:59,
2024-02-07,TA147,YES,00:00,23:59,
2024-02-07,TO002,YES,00:00,23:59,
2024-02-07,TO028,YES,00:00,23:59,
2024-02-08,BA094,YES,00:00,23:59,
2024-02-08,BA153,YES,00:00,23:59,
2024-02-08,BA186,YES,00:00,23:59,
2024-02-08,BA203,YES,00:00,23:59,
2024-02-08,BA297,YES,00:00,23:59,
2024-02-08,DY012,YES,00:00,23:59,
2024-02-08,DY135,YES,00:00,23:59,
2024-02-08,DY369,YES,00:00,23:59,
2024-02-08,OH207,YES,00:00,23:59,
2024-02-08,OH213,YES,00:00,23:59,
2024-02-08,OH357,YES,00:00,23:59,
2024-02-08,OH390,NO,,,Breakdown
2024-02-08,OH395,YES,00:00,23:59,
2024-02-08,RA011,YES,00:00,23:59,
2024-02-08,RA053,YES,00:00,23:59,
2024-02-08,RA163,YES,00:00,23:59,
2024-02-08,RA168,YES,00:00,23:59,
2024-02-08,RA337,YES,00:00,23:59,
2024-02-08,RA339,NO,,,In Use Elsewhere
2024-02-08,TA107,YES,00:00,23:59,
2024-02-08,TA280,NO,,,In Use Elsewhere
2024-02-08,TO101,NO,,,Breakdown
2024-02-08,TO257,YES,00:00,23:59,
2024-02-09,BA069,YES,00:00,23:59,
2024-02-09,BA377,YES,00:00,23:59,
2024-02-09,DY057,YES,00:00,23:59,
2024-02-09,DY157,YES,00:00,23:59,
2024-02-09,DY201,YES,00:00,23:59,
2024-02-09,DY235,YES,00:00,23:59,
2024-02-09,OH050,YES,00:00,23:59,
2024-02-09,OH071,YES,00:00,23:59,
2024-02-09,OH214,YES,00:00,23:59,
2024-02-09,RA116,YES,00:00,23:59,
2024-02-09,RA156,YES,00:00,23:59,
2024-02-09,RA164,YES,00:00,23:59,
2024-02-09,RA273,YES,00:00,23:59,
2024-02-09,RA295,YES,00:00,23:59,
2024-02-09,TA222,YES,00:00,23:59,
2024-02-09,TA275,YES,00:00,23:59,
2024-02-09,TA302,YES,00:00,23:59,
2024-02-09,TO175,YES,00:00,23:59,
2024-02-09,TO267,YES,00:00,23:59,
2024-02-09,TO287,NO,,,In Use Elsewhere
2024-02-09,TO288,YES,00:00,23:59,
2024-02-10,DY115,YES,00:00,23:59,
2024-02-10,DY196,YES,00:00,23:59,
2024-02-10,DY237,YES,00:00,23:59,
2024-02-10,OH083,NO,,,In Use Elsewhere
2024-02-10,RA277,YES,00:00,23:59,
2024-02-10,RA286,YES,00:00,23:59,
2024-02-10,RA376,YES,00:00,23:59,
2024-02-10,TA003,YES,00:00,23:59,
2024-02-10,TA171,YES,00:00,23:59,
2024-02-10,TA280,YES,00:00,23:59,
2024-02-10,TO146,YES,00:00,23:59,
2024-02-11,BA066,YES,00:00,23:59,
2024-02-11,BA069,NO,,,Scheduled Maintenance
2024-02-11,BA188,YES,00:00,23:59,
2024-02-11,BA304,YES,00:00,23:59,
2024-02-11,BA323,YES,00:00,23:59,
2024-02-11,DY181,YES,00:00,23:59,
2024-02-11,DY321,NO,,,Scheduled Maintenance
2024-02-11,DY374,YES,00:00,23:59,
2024-02-11,OH052,YES,00:00,23:59,
2024-02-11,OH080,YES,00:00,23:59,
2024-02-11,OH191,YES,00:00,23:59,
2024-02-11,RA192,YES,00:00,23:59,
2024-02-11,RA273,NO,,,Breakdown
2024-02-11,RA376,YES,00:00,23:59,
2024-02-11,TA027,YES,00:00,23:59,
2024-02-11,TA226,NO,,,In Use Elsewhere
2024-02-11,TA396,NO,,,In Use Elsewhere
2024-02-11,TO032,YES,00:00,23:59,
2024-02-11,TO267,YES,00:00,23:59,
2024-02-12,BA208,YES,00:00,23:59,
2024-02-12,DY133,YES,00:00,23:59,
2024-02-12,DY143,NO,,,Scheduled Maintenance
2024-02-12,DY321,YES,00:00,23:59,
2024-02-12,OH072,YES,00:00,23:59,
2024-02-12,OH088,YES,00:00,23:59,
2024-02-12,OH343,YES,00:00,23:59,
2024-02-12,RA039,NO,,,In Use Elsewhere
2024-02-12,RA043,NO,,,In Use Elsewhere
2024-02-12,TA027,YES,00:00,23:59,
2024-02-12,TO100,YES,00:00,23:59,
2024-02-12,TO316,NO,,,Scheduled Maintenance
2024-02-12,TO350,YES,00:00,23:59,
2024-02-13,BA151,YES,00:00,23:59,
2024-02-13,BA377,YES,00:00,23:59,
2024-02-13,DY105,YES,00:00,23:59,
2024-02-13,DY180,YES,00:00,23:59,
2024-02-13,DY216,YES,00:00,23:59,
2024-02-13,DY219,YES,00:00,23:59,
2024-02-13,DY279,YES,00:00,23:59,
2024-02-13,OH025,YES,00:00,23:59,
2024-02-13,OH125,YES,00:00,23:59,
2024-02-13,OH158,YES,00:00,23:59,
2024-02-13,OH311,YES,00:00,23:59,
2024-02-13,OH343,YES,00:00,23:59,
2024-02-13,OH365,YES,00:00,23:59,
2024-02-13,RA039,YES,00:00,23:59,
2024-02-13,RA043,YES,00:00,23:59,
2024-02-13,RA053,YES,00:00,23:59,
2024-02-13,RA062,NO,,,Breakdown
2024-02-13,RA206,YES,00:00,23:59,
2024-02-13,RA388,YES,00:00,23:59,
2024-02-13,TA120,YES,00:00,23:59,
2024-02-13,TA289,YES,00:00,23:59,
2024-02-13,TO002,NO,,,Breakdown
2024-02-15,BA104,YES,00:00,23:59,
2024-02-15,DY279,YES,00:00,23:59,
2024-02-15,OH026,YES,00:00,23:59,
2024-02-15,OH253,YES,00:00,23:59,
2024-02-15,OH294,NO,,,Breakdown
2024-02-15,RA062,YES,00:00,23:59,
2024-02-15,RA206,YES,00:00,23:59,
2024-02-15,RA303,YES,00:00,23:59,
2024-02-15,RA367,YES,00:00,23:59,
2024-02-15,RA385,YES,00:00,23:59,
2024-02-15,TA089,YES,00:00,23:59,
2024-02-15,TA099,YES,00:00,23:59,
2024-02-15,TA165,NO,,,In Use Elsewhere
2024-02-15,TA205,NO,,,Breakdown
2024-02-15,TA218,YES,00:00,23:59,
2024-02-15,TA275,YES,00:00,23:59,
2024-02-15,TO030,NO,,,In Use Elsewhere
2024-02-15,TO146,YES,00:00,23:59,
2024-02-15,TO202,YES,00:00,23:59,
2024-02-15,TO317,YES,00:00,23:59,
2024-02-15,TO351,YES,00:00,23:59,
2024-02-19,BA022,YES,00:00,23:59,
2024-02-19,BA110,YES,00:00,23:59,
2024-02-19,BA186,NO,,,Scheduled Maintenance
2024-02-19,BA348,YES,00:00,23:59,
2024-02-19,DY096,YES,00:00,23:59,
2024-02-19,DY167,NO,,,Breakdown
2024-02-19,DY180,YES,00:00,23:59,
2024-02-19,DY309,YES,00:00,23:59,
2024-02-19,DY328,YES,00:00,23:59,
2024-02-19,DY374,YES,00:00,23:59,
2024-02-19,OH080,YES,00:00,23:59,
2024-02-19,OH189,YES,00:00,23:59,
2024-02-19,RA011,YES,00:00,23:59,
2024-02-19,RA276,YES,00:00,23:59,
2024-02-19,RA278,YES,00:00,23:59,
2024-02-19,RA286,YES,00:00,23:59,
2024-02-19,RA354,YES,00:00,23:59,
2024-02-19,TA068,YES,00:00,23:59,
2024-02-19,TO030,YES,00:00,23:59,
2024-02-19,TO100,YES,00:00,23:59,
2024-02-19,TO257,YES,00:00,23:59,
2024-02-21,DY014,YES,00:00,23:59,
2024-02-21,DY057,YES,00:00,23:59,
2024-02-21,OH298,YES,00:00,23:59,
2024-02-21,OH390,YES,00:00,23:59,
2024-02-21,RA136,YES,00:00,23:59,
2024-02-21,TA302,YES,00:00,23:59,
2024-02-21,TO166,YES,00:00,23:59,
2024-02-21,TO223,YES,00:00,23:59,
2024-02-21,TO330,YES,00:00,23:59,
2024-02-22,BA058,YES,00:00,23:59,
2024-02-22,BA094,YES,00:00,23:59,
2024-02-22,BA097,YES,00:00,23:59,
2024-02-22,BA110,NO,,,Breakdown
2024-02-22,BA349,NO,,,Scheduled Maintenance
2024-02-22,DY152,NO,,,Breakdown
2024-02-22,DY322,YES,00:00,23:59,
2024-02-22,OH071,YES,00:00,23:59,
2024-02-22,OH083,YES,00:00,23:59,
2024-02-22,OH197,YES,00:00,23:59,
2024-02-22,OH366,YES,00:00,23:59,
2024-02-22,RA039,YES,00:00,23:59,
2024-02-22,RA265,YES,00:00,23:59,
2024-02-22,RA290,NO,,,In Use Elsewhere
2024-02-22,RA334,YES,00:00,23:59,
2024-02-22,RA376,YES,00:00,23:59,
2024-02-22,TA118,YES,00:00,23:59,
2024-02-22,TA120,YES,00:00,23:59,
2024-02-22,TA310,YES,00:00,23:59,
2024-02-22,TA325,YES,00:00,23:59,
2024-02-22,TO317,YES,00:00,23:59,
2024-02-23,BA022,YES,00:00,23:59,
2024-02-23,BA102,YES,00:00,23:59,
2024-02-23,BA255,YES,00:00,23:59,
2024-02-23,BA332,YES,00:00,23:59,
2024-02-23,BA381,YES,00:00,23:59,
2024-02-23,DY001,YES,00:00,23:59,
2024-02-23,DY167,YES,00:00,23:59,
2024-02-23,DY169,YES,00:00,23:59,
2024-02-23,DY346,YES,00:00,23:59,
2024-02-23,OH207,YES,00:00,23:59,
2024-02-23,RA116,YES,00:00,23:59,
2024-02-23,RA190,YES,00:00,23:59,
2024-02-23,RA198,YES,00:00,23:59,
2024-02-23,RA354,YES,00:00,23:59,
2024-02-23,RA387,YES,00:00,23:59,
2024-02-23,RA397,NO,,,Scheduled Maintenance
2024-02-23,TA074,YES,00:00,23:59,
2024-02-23,TA229,YES,00:00,23:59,
2024-02-23,TA264,YES,00:00,23:59,
2024-02-23,TO187,YES,00:00,23:59,
2024-02-23,TO336,NO,,,Breakdown
2024-02-24,BA159,YES,00:00,23:59,
2024-02-24,BA242,NO,,,Scheduled Maintenance
2024-02-24,DY133,YES,00:00,23:59,
2024-02-24,DY143,YES,00:00,23:59,
2024-02-24,DY178,YES,00:00,23:59,
2024-02-24,DY196,YES,00:00,23:59,
2024-02-24,DY201,YES,00:00,23:59,
2024-02-24,DY217,YES,00:00,23:59,
2024-02-24,DY315,YES,00:00,23:59,
2024-02-24,DY353,YES,00:00,23:59,
2024-02-24,DY356,YES,00:00,23:59,
2024-02-24,DY374,YES,00:00,23:59,
2024-02-24,OH125,YES,00:00,23:59,
2024-02-24,OH352,YES,00:00,23:59,
2024-02-24,RA204,YES,00:00,23:59,
2024-02-24,RA290,YES,00:00,23:59,
2024-02-24,TA218,NO,,,Scheduled Maintenance
2024-02-24,TA225,YES,00:00,23:59,
2024-02-24,TA291,YES,00:00,23:59,
2024-02-24,TA361,NO,,,Breakdown
2024-02-24,TO038,YES,00:00,23:59,
2024-02-24,TO260,YES,00:00,23:59,
2024-02-24,TO288,YES,00:00,23:59,
2024-02-24,TO351,YES,00:00,23:59,
2024-02-25,BA016,YES,00:00,23:59,
2024-02-25,BA069,YES,00:00,23:59,
2024-02-25,BA393,YES,00:00,23:59,
2024-02-25,DY070,YES,00:00,23:59,
2024-02-25,DY115,YES,00:00,23:59,
2024-02-25,DY224,NO,,,Breakdown
2024-02-25,DY248,YES,00:00,23:59,
2024-02-25,DY315,NO,,,In Use Elsewhere
2024-02-25,DY328,NO,,,In Use Elsewhere
2024-02-25,OH077,YES,00:00,23:59,
2024-02-25,OH197,YES,00:00,23:59,
2024-02-25,RA051,YES,00:00,23:59,
2024-02-25,RA363,YES,00:00,23:59,
2024-02-25,TA108,NO,,,In Use Elsewhere
2024-02-25,TA225,YES,00:00,23:59,
2024-02-25,TA292,NO,,,Breakdown
2024-02-26,BA064,YES,00:00,23:59,
2024-02-26,BA304,YES,00:00,23:59,
2024-02-26,BA344,YES,00:00,23:59,
2024-02-26,DY004,YES,00:00,23:59,
2024-02-26,DY157,YES,00:00,23:59,
2024-02-26,DY167,YES,00:00,23:59,
2024-02-26,OH245,YES,00:00,23:59,
2024-02-26,RA029,YES,00:00,23:59,
2024-02-26,RA241,YES,00:00,23:59,
2024-02-26,TA003,YES,00:00,23:59,
2024-02-26,TA147,YES,00:00,23:59,
2024-02-26,TA154,YES,00:00,23:59,
2024-02-26,TA220,NO,,,In Use Elsewhere
2024-02-26,TA291,YES,00:00,23:59,
2024-02-26,TO228,YES,00:00,23:59,
2024-02-26,TO284,YES,00:00,23:59,
2024-02-27,BA151,YES,00:00,23:59,
2024-02-27,BA304,YES,00:00,23:59,
2024-02-27,DY090,YES,00:00,23:59,
2024-02-27,DY096,YES,00:00,23:59,
2024-02-27,DY122,YES,00:00,23:59,
2024-02-27,DY232,YES,00:00,23:59,
2024-02-27,DY281,YES,00:00,23:59,
2024-02-27,DY369,YES,00:00,23:59,
2024-02-27,DY389,YES,00:00,23:59,
2024-02-27,OH239,YES,00:00,23:59,
2024-02-27,OH245,YES,00:00,23:59,
2024-02-27,RA156,YES,00:00,23:59,
2024-02-27,RA252,YES,00:00,23:59,
2024-02-27,RA265,YES,00:00,23:59,
2024-02-27,RA363,YES,00:00,23:59,
2024-02-27,RA391,YES,00:00,23:59,
2024-02-27,TA341,YES,00:00,23:59,
2024-02-27,TO020,YES,00:00,23:59,
2024-02-27,TO109,YES,00:00,23:59,
2024-02-27,TO256,YES,00:00,23:59,
2024-02-28,BA110,YES,00:00,23:59,
2024-02-28,BA170,YES,00:00,23:59,
2024-02-28,BA266,YES,00:00,23:59,
2024-02-28,BA393,YES,00:00,23:59,
2024-02-28,DY143,YES,00:00,23:59,
2024-02-28,DY161,YES,00:00,23:59,
2024-02-28,OH080,YES,00:00,23:59,
2024-02-28,OH134,YES,00:00,23:59,
2024-02-28,OH270,YES,00:00,23:59,
2024-02-28,OH368,YES,00:00,23:59,
2024-02-28,RA043,YES,00:00,23:59,
2024-02-28,RA081,YES,00:00,23:59,
2024-02-28,RA087,YES,00:00,23:59,
2024-02-28,RA119,YES,00:00,23:59,
2024-02-28,RA190,YES,00:00,23:59,
2024-02-28,RA308,YES,00:00,23:59,
2024-02-28,RA339,YES,00:00,23:59,
2024-02-28,RA340,YES,00:00,23:59,
2024-02-28,TA063,NO,,,In Use Elsewhere
2024-02-28,TA225,YES,00:00,23:59,
2024-02-28,TA227,YES,00:00,23:59,
2024-02-28,TA269,YES,00:00,23:59,
2024-02-28,TA285,YES,00:00,23:59,
2024-02-28,TA341,YES,00:00,23:59,
2024-02-28,TO033,YES,00:00,23:59,
2024-02-28,TO038,YES,00:00,23:59,
2024-02-28,TO146,YES,00:00,23:59,
2024-02-28,TO250,YES,00:00,23:59,
2024-02-29,BA274,NO,,,Breakdown
2024-02-29,BA293,YES,00:00,23:59,
2024-02-29,BA304,YES,00:00,23:59,
2024-02-29,BA349,YES,00:00,23:59,
2024-02-29,DY124,NO,,,Breakdown
2024-02-29,DY141,YES,00:00,23:59,
2024-02-29,DY161,YES,00:00,23:59,
2024-02-29,OH173,YES,00:00,23:59,
2024-02-29,OH312,YES,00:00,23:59,
2024-02-29,OH318,YES,00:00,23:59,
2024-02-29,RA037,YES,00:00,23:59,
2024-02-29,RA163,YES,00:00,23:59,
2024-02-29,RA273,YES,00:00,23:59,
2024-02-29,RA340,YES,00:00,23:59,
2024-02-29,TA218,YES,00:00,23:59,
2024-02-29,TA341,YES,00:00,23:59,
2024-02-29,TO033,YES,00:00,23:59,
2024-02-29,TO187,NO,,,Breakdown
2024-02-29,TO260,YES,00:00,23:59,
2024-03-04,BA185,YES,00:00,23:59,
2024-03-04,BA186,YES,00:00,23:59,
2024-03-04,BA259,YES,00:00,23:59,
2024-03-04,DY105,YES,00:00,23:59,
2024-03-04,DY122,YES,00:00,23:59,
2024-03-04,DY143,YES,00:00,23:59,
2024-03-04,DY244,YES,00:00,23:59,
2024-03-04,OH006,NO,,,In Use Elsewhere
2024-03-04,OH086,YES,00:00,23:59,
2024-03-04,OH270,NO,,,Scheduled Maintenance
2024-03-04,OH301,YES,00:00,23:59,
2024-03-04,OH338,YES,00:00,23:59,
2024-03-04,RA024,YES,00:00,23:59,
2024-03-04,RA164,YES,00:00,23:59,
2024-03-04,RA400,YES,00:00,23:59,
2024-03-04,TA027,YES,00:00,23:59,
2024-03-04,TA118,YES,00:00,23:59,
2024-03-04,TA154,YES,00:00,23:59,
2024-03-04,TO047,YES,00:00,23:59,
2024-03-04,TO146,NO,,,Scheduled Maintenance
2024-03-04,TO228,YES,00:00,23:59,
2024-03-04,TO330,YES,00:00,23:59,
2024-03-05,BA127,YES,00:00,23:59,
2024-03-05,BA249,YES,00:00,23:59,
2024-03-05,BA342,NO,,,Scheduled Maintenance
2024-03-05,DY055,NO,,,Scheduled Maintenance
2024-03-05,DY135,NO,,,Scheduled Maintenance
2024-03-05,DY141,NO,,,Breakdown
2024-03-05,DY178,YES,00:00,23:59,
2024-03-05,DY237,YES,00:00,23:59,
2024-03-05,DY309,YES,00:00,23:59,
2024-03-05,DY389,NO,,,Scheduled Maintenance
2024-03-05,OH046,YES,00:00,23:59,
2024-03-05,OH092,YES,00:00,23:59,
2024-03-05,OH239,NO,,,Scheduled Maintenance
2024-03-05,OH359,YES,00:00,23:59,
2024-03-05,RA388,YES,00:00,23:59,
2024-03-05,TA027,NO,,,In Use Elsewhere
2024-03-05,TA118,YES,00:00,23:59,
2024-03-05,TA140,YES,00:00,23:59,
2024-03-05,TA282,YES,00:00,23:59,
2024-03-05,TO009,YES,00:00,23:59,
2024-03-05,TO020,YES,00:00,23:59,
2024-03-05,TO047,YES,00:00,23:59,
2024-03-06,BA084,YES,00:00,23:59,
2024-03-06,BA170,YES,00:00,23:59,
2024-03-06,BA342,YES,00:00,23:59,
2024-03-06,BA358,YES,00:00,23:59,
2024-03-06,DY070,YES,00:00,23:59,
2024-03-06,DY157,NO,,,Scheduled Maintenance
2024-03-06,DY331,YES,00:00,23:59,
2024-03-06,DY353,YES,00:00,23:59,
2024-03-06,OH023,YES,00:00,23:59,
2024-03-06,OH059,NO,,,Scheduled Maintenance
2024-03-06,OH130,YES,00:00,23:59,
2024-03-06,OH372,YES,00:00,23:59,
2024-03-06,RA024,YES,00:00,23:59,
2024-03-06,RA031,YES,00:00,23:59,
2024-03-06,RA172,NO,,,Scheduled Maintenance
2024-03-06,RA210,YES,00:00,23:59,
2024-03-06,RA277,YES,00:00,23:59,
2024-03-06,RA303,YES,00:00,23:59,
2024-03-06,RA376,YES,00:00,23:59,
2024-03-06,RA388,YES,00:00,23:59,
2024-03-06,TA034,YES,00:00,23:59,
2024-03-06,TA107,YES,00:00,23:59,
2024-03-06,TA171,YES,00:00,23:59,
2024-03-06,TA291,YES,00:00,23:59,
2024-03-06,TO288,YES,00:00,23:59,
2024-03-07,BA185,YES,00:00,23:59,
2024-03-07,BA209,YES,00:00,23:59,
2024-03-07,BA259,YES,00:00,23:59,
2024-03-07,DY014,YES,00:00,23:59,
2024-03-07,DY132,YES,00:00,23:59,
2024-03-07,DY184,YES,00:00,23:59,
2024-03-07,OH077,YES,00:00,23:59,
2024-03-07,OH082,YES,00:00,23:59,
2024-03-07,OH183,YES,00:00,23:59,
2024-03-07,OH195,YES,00:00,23:59,
2024-03-07,OH239,YES,00:00,23:59,
2024-03-07,OH270,NO,,,Scheduled Maintenance
2024-03-07,RA008,YES,00:00,23:59,
2024-03-07,RA053,YES,00:00,23:59,
2024-03-07,RA190,YES,00:00,23:59,
2024-03-07,RA240,YES,00:00,23:59,
2024-03-07,RA252,YES,00:00,23:59,
2024-03-07,RA265,YES,00:00,23:59,
2024-03-07,RA367,YES,00:00,23:59,
2024-03-07,RA376,YES,00:00,23:59,
2024-03-07,RA378,NO,,,Scheduled Maintenance
2024-03-07,TA049,YES,00:00,23:59,
2024-03-07,TA078,YES,00:00,23:59,
2024-03-07,TA099,YES,00:00,23:59,
2024-03-07,TA137,YES,00:00,23:59,
2024-03-07,TA264,NO,,,Breakdown
2024-03-07,TA269,NO,,,In Use Elsewhere
2024-03-07,TA291,YES,00:00,23:59,
2024-03-07,TO056,YES,00:00,23:59,
2024-03-08,BA069,YES,00:00,23:59,
2024-03-08,BA332,YES,00:00,23:59,
2024-03-08,DY017,YES,00:00,23:59,
2024-03-08,DY091,YES,00:00,23:59,
2024-03-08,OH046,YES,00:00,23:59,
2024-03-08,OH082,YES,00:00,23:59,
2024-03-08,RA024,YES,00:00,23:59,
2024-03-08,RA048,YES,00:00,23:59,
2024-03-08,RA268,YES,00:00,23:59,
2024-03-08,TA036,NO,,,Breakdown
2024-03-08,TA054,YES,00:00,23:59,
2024-03-08,TA107,YES,00:00,23:59,
2024-03-08,TA148,YES,00:00,23:59,
2024-03-08,TA225,YES,00:00,23:59,
2024-03-08,TO041,YES,00:00,23:59,
2024-03-08,TO258,YES,00:00,23:59,
2024-03-09,BA110,YES,00:00,23:59,
2024-03-09,BA255,YES,00:00,23:59,
2024-03-09,BA299,YES,00:00,23:59,
2024-03-09,DY004,YES,00:00,23:59,
2024-03-09,DY014,YES,00:00,23:59,
2024-03-09,DY132,YES,00:00,23:59,
2024-03-09,DY251,YES,00:00,23:59,
2024-03-09,OH312,YES,00:00,23:59,
2024-03-09,OH343,NO,,,Scheduled Maintenance
2024-03-09,OH368,YES,00:00,23:59,
2024-03-09,RA119,YES,00:00,23:59,
2024-03-09,RA234,YES,00:00,23:59,
2024-03-09,RA265,YES,00:00,23:59,
2024-03-09,TA118,YES,00:00,23:59,
2024-03-09,TO002,YES,00:00,23:59,
2024-03-09,TO028,YES,00:00,23:59,
2024-03-09,TO112,YES,00:00,23:59,
2024-03-09,TO287,NO,,,In Use Elsewhere
2024-03-09,TO317,YES,00:00,23:59,
2024-03-10,BA344,YES,00:00,23:59,
2024-03-10,DY096,YES,00:00,23:59,
2024-03-10,DY237,YES,00:00,23:59,
2024-03-10,DY279,NO,,,Breakdown
2024-03-10,DY281,NO,,,Breakdown
2024-03-10,OH023,YES,00:00,23:59,
2024-03-10,OH071,NO,,,In Use Elsewhere
2024-03-10,OH083,YES,00:00,23:59,
2024-03-10,OH359,YES,00:00,23:59,
2024-03-10,OH390,NO,,,Scheduled Maintenance
2024-03-10,RA354,YES,00:00,23:59,
2024-03-10,TA005,YES,00:00,23:59,
2024-03-10,TA285,YES,00:00,23:59,
2024-03-10,TO288,YES,00:00,23:59,
2024-03-11,BA022,YES,00:00,23:59,
2024-03-11,BA084,YES,00:00,23:59,
2024-03-11,BA159,YES,00:00,23:59,
2024-03-11,BA293,YES,00:00,23:59,
2024-03-11,BA355,YES,00:00,23:59,
2024-03-11,OH082,NO,,,Scheduled Maintenance
2024-03-11,OH311,YES,00:00,23:59,
2024-03-11,RA037,NO,,,In Use Elsewhere
2024-03-11,RA210,YES,00:00,23:59,
2024-03-11,RA276,YES,00:00,23:59,
2024-03-11,RA290,NO,,,In Use Elsewhere
2024-03-11,RA375,NO,,,Breakdown
2024-03-11,TA341,YES,00:00,23:59,
2024-03-11,TA396,NO,,,In Use Elsewhere
2024-03-11,TO030,YES,00:00,23:59,
2024-03-11,TO316,YES,00:00,23:59,
2024-03-12,BA113,YES,00:00,23:59,
2024-03-12,BA300,YES,00:00,23:59,
2024-03-12,DY060,YES,00:00,23:59,
2024-03-12,DY061,YES,00:00,23:59,
2024-03-12,DY161,YES,00:00,23:59,
2024-03-12,OH026,YES,00:00,23:59,
2024-03-12,OH294,YES,00:00,23:59,
2024-03-12,OH382,NO,,,Scheduled Maintenance
2024-03-12,TA075,YES,00:00,23:59,
2024-03-12,TA227,YES,00:00,23:59,
2024-03-12,TO112,YES,00:00,23:59,
2024-03-12,TO364,YES,00:00,23:59,
2024-03-14,BA069,NO,,,Scheduled Maintenance
2024-03-14,BA170,YES,00:00,23:59,
2024-03-14,BA259,YES,00:00,23:59,
2024-03-14,BA332,YES,00:00,23:59,
2024-03-14,DY180,YES,00:00,23:59,
2024-03-14,DY322,YES,00:00,23:59,
2024-03-14,OH086,YES,00:00,23:59,
2024-03-14,OH195,YES,00:00,23:59,
2024-03-14,OH213,YES,00:00,23:59,
2024-03-14,OH296,YES,00:00,23:59,
2024-03-14,OH318,NO,,,Scheduled Maintenance
2024-03-14,OH357,NO,,,Scheduled Maintenance
2024-03-14,RA008,YES,00:00,23:59,
2024-03-14,RA354,NO,,,In Use Elsewhere
2024-03-14,RA375,YES,00:00,23:59,
2024-03-14,TA074,YES,00:00,23:59,
2024-03-14,TA108,NO,,,Scheduled Maintenance
2024-03-14,TA150,YES,00:00,23:59,
2024-03-14,TO228,YES,00:00,23:59,
2024-03-14,TO288,YES,00:00,23:59,
2024-03-15,BA293,YES,00:00,23:59,
2024-03-15,OH023,NO,,,In Use Elsewhere
2024-03-15,OH052,YES,00:00,23:59,
2024-03-15,OH076,YES,00:00,23:59,
2024-03-15,OH253,YES,00:00,23:59,
2024-03-15,OH343,YES,00:00,23:59,
2024-03-15,RA062,NO,,,In Use Elsewhere
2024-03-15,RA261,YES,00:00,23:59,
2024-03-15,RA295,YES,00:00,23:59,
2024-03-15,RA340,YES,00:00,23:59,
2024-03-15,RA360,YES,00:00,23:59,
2024-03-15,TA310,YES,00:00,23:59,
2024-03-15,TO187,YES,00:00,23:59,
2024-03-15,TO317,NO,,,Scheduled Maintenance
2024-03-16,BA058,YES,00:00,23:59,
2024-03-16,BA095,YES,00:00,23:59,
2024-03-16,BA259,YES,00:00,23:59,
2024-03-16,BA383,YES,00:00,23:59,
2024-03-16,DY180,YES,00:00,23:59,
2024-03-16,DY374,YES,00:00,23:59,
2024-03-16,OH015,YES,00:00,23:59,
2024-03-16,OH077,YES,00:00,23:59,
2024-03-16,OH182,YES,00:00,23:59,
2024-03-16,OH183,YES,00:00,23:59,
2024-03-16,OH191,YES,00:00,23:59,
2024-03-16,OH221,YES,00:00,23:59,
2024-03-16,OH245,YES,00:00,23:59,
2024-03-16,OH366,YES,00:00,23:59,
2024-03-16,OH395,YES,00:00,23:59,
2024-03-16,RA308,NO,,,In Use Elsewhere
2024-03-16,RA391,YES,00:00,23:59,
2024-03-16,TA068,YES,00:00,23:59,
2024-03-16,TA394,YES,00:00,23:59,
2024-03-16,TO187,NO,,,In Use Elsewhere
2024-03-16,TO250,YES,00:00,23:59,
2024-03-19,BA066,YES,00:00,23:59,
2024-03-19,BA079,YES,00:00,23:59,
2024-03-19,BA153,YES,00:00,23:59,
2024-03-19,BA159,YES,00:00,23:59,
2024-03-19,BA186,YES,00:00,23:59,
2024-03-19,BA242,YES,00:00,23:59,
2024-03-19,DY322,YES,00:00,23:59,
2024-03-19,DY399,YES,00:00,23:59,
2024-03-19,OH023,YES,00:00,23:59,
2024-03-19,OH173,YES,00:00,23:59,
2024-03-19,OH318,YES,00:00,23:59,
2024-03-19,RA011,NO,,,In Use Elsewhere
2024-03-19,RA268,YES,00:00,23:59,
2024-03-19,RA378,YES,00:00,23:59,
2024-03-19,TA005,YES,00:00,23:59,
2024-03-19,TA099,YES,00:00,23:59,
2024-03-19,TA140,YES,00:00,23:59,
2024-03-19,TA199,YES,00:00,23:59,
2024-03-19,TA283,YES,00:00,23:59,
2024-03-19,TO002,YES,00:00,23:59,
2024-03-19,TO243,NO,,,In Use Elsewhere
2024-03-19,TO316,NO,,,Scheduled Maintenance
2024-03-19,TO351,YES,00:00,23:59,
2024-03-20,DY281,YES,00:00,23:59,
2024-03-20,OH080,NO,,,Breakdown
2024-03-20,OH158,YES,00:00,23:59,
2024-03-20,OH189,NO,,,Breakdown
2024-03-20,OH221,YES,00:00,23:59,
2024-03-20,OH254,NO,,,Breakdown
2024-03-20,OH343,YES,00:00,23:59,
2024-03-20,OH366,YES,00:00,23:59,
2024-03-20,RA011,NO,,,In Use Elsewhere
2024-03-20,RA029,YES,00:00,23:59,
2024-03-20,RA039,YES,00:00,23:59,
2024-03-20,RA081,YES,00:00,23:59,
2024-03-20,RA370,YES,00:00,23:59,
2024-03-20,RA378,NO,,,Scheduled Maintenance
2024-03-20,TA063,YES,00:00,23:59,
2024-03-20,TA098,YES,00:00,23:59,
2024-03-20,TA148,YES,00:00,23:59,
2024-03-20,TA283,YES,00:00,23:59,
2024-03-20,TA361,YES,00:00,23:59,
2024-03-20,TO123,NO,,,In Use Elsewhere
2024-03-20,TO284,YES,00:00,23:59,
2024-03-21,BA117,YES,00:00,23:59,
2024-03-21,BA170,NO,,,Scheduled Maintenance
2024-03-21,BA230,NO,,,In Use Elsewhere
2024-03-21,BA344,YES,00:00,23:59,
2024-03-21,DY001,YES,00:00,23:59,
2024-03-21,DY138,YES,00:00,23:59,
2024-03-21,DY141,YES,00:00,23:59,
2024-03-21,DY237,NO,,,Scheduled Maintenance
2024-03-21,DY346,NO,,,Scheduled Maintenance
2024-03-21,DY380,YES,00:00,23:59,
2024-03-21,OH019,YES,00:00,23:59,
2024-03-21,OH130,YES,00:00,23:59,
2024-03-21,OH245,NO,,,Breakdown
2024-03-21,RA029,YES,00:00,23:59,
2024-03-21,RA037,YES,00:00,23:59,
2024-03-21,RA087,YES,00:00,23:59,
2024-03-21,TA075,NO,,,Breakdown
2024-03-21,TA394,YES,00:00,23:59,
2024-03-21,TO123,YES,00:00,23:59,
2024-03-21,TO129,YES,00:00,23:59,
2024-03-22,BA186,YES,00:00,23:59,
2024-03-22,DY143,YES,00:00,23:59,
2024-03-22,OH052,YES,00:00,23:59,
2024-03-22,OH082,YES,00:00,23:59,
2024-03-22,OH189,YES,00:00,23:59,
2024-03-22,OH191,YES,00:00,23:59,
2024-03-22,OH311,YES,00:00,23:59,
2024-03-22,OH365,NO,,,Scheduled Maintenance
2024-03-22,OH384,YES,00:00,23:59,
2024-03-22,RA238,YES,00:00,23:59,
2024-03-22,TA074,YES,00:00,23:59,
2024-03-22,TA137,YES,00:00,23:59,
2024-03-22,TA289,YES,00:00,23:59,
2024-03-22,TA292,NO,,,Breakdown
2024-03-22,TO041,YES,00:00,23:59,
2024-03-22,TO109,YES,00:00,23:59,
2024-03-22,TO202,YES,00:00,23:59,
2024-03-23,BA126,YES,00:00,23:59,
2024-03-23,BA393,YES,00:00,23:59,
2024-03-23,DY001,YES,00:00,23:59,
2024-03-23,DY281,YES,00:00,23:59,
2024-03-23,DY371,NO,,,Breakdown
2024-03-23,OH080,YES,00:00,23:59,
2024-03-23,OH093,NO,,,In Use Elsewhere
2024-03-23,OH130,YES,00:00,23:59,
2024-03-23,OH298,YES,00:00,23:59,
2024-03-23,RA053,YES,00:00,23:59,
2024-03-23,RA155,YES,00:00,23:59,
2024-03-23,RA168,YES,00:00,23:59,
2024-03-23,RA204,YES,00:00,23:59,
2024-03-23,RA268,YES,00:00,23:59,
2024-03-23,TO193,YES,00:00,23:59,
2024-03-23,TO258,YES,00:00,23:59,
2024-03-23,TO267,YES,00:00,23:59,
2024-03-23,TO284,YES,00:00,23:59,
2024-03-25,BA016,NO,,,Scheduled Maintenance
2024-03-25,BA324,NO,,,Scheduled Maintenance
2024-03-25,DY105,YES,00:00,23:59,
2024-03-25,DY345,YES,00:00,23:59,
2024-03-25,OH026,YES,00:00,23:59,
2024-03-25,OH077,YES,00:00,23:59,
2024-03-25,OH088,YES,00:00,23:59,
2024-03-25,OH189,YES,00:00,23:59,
2024-03-25,RA053,NO,,,In Use Elsewhere
2024-03-25,RA238,YES,00:00,23:59,
2024-03-25,RA276,YES,00:00,23:59,
2024-03-25,RA278,YES,00:00,23:59,
2024-03-25,TA147,NO,,,Breakdown
2024-03-25,TA211,YES,00:00,23:59,
2024-03-25,TA285,YES,00:00,23:59,
2024-03-25,TO032,YES,00:00,23:59,
2024-03-25,TO112,YES,00:00,23:59,
2024-03-26,BA022,NO,,,In Use Elsewhere
2024-03-26,BA058,YES,00:00,23:59,
2024-03-26,BA170,YES,00:00,23:59,
2024-03-26,BA174,YES,00:00,23:59,
2024-03-26,BA255,YES,00:00,23:59,
2024-03-26,DY061,YES,00:00,23:59,
2024-03-26,DY178,YES,00:00,23:59,
2024-03-26,DY248,YES,00:00,23:59,
2024-03-26,DY262,YES,00:00,23:59,
2024-03-26,DY331,YES,00:00,23:59,
2024-03-26,OH015,YES,00:00,23:59,
2024-03-26,OH019,YES,00:00,23:59,
2024-03-26,OH088,YES,00:00,23:59,
2024-03-26,OH092,YES,00:00,23:59,
2024-03-26,OH239,YES,00:00,23:59,
2024-03-26,OH312,YES,00:00,23:59,
2024-03-26,OH333,YES,00:00,23:59,
2024-03-26,OH365,YES,00:00,23:59,
2024-03-26,RA156,NO,,,In Use Elsewhere
2024-03-26,RA163,YES,00:00,23:59,
2024-03-26,RA190,NO,,,Breakdown
2024-03-26,RA238,YES,00:00,23:59,
2024-03-26,RA400,YES,00:00,23:59,
2024-03-26,TA099,YES,00:00,23:59,
2024-03-26,TA137,YES,00:00,23:59,
2024-03-26,TA215,YES,00:00,23:59,
2024-03-26,TO032,YES,00:00,23:59,
2024-03-27,BA058,NO,,,In Use Elsewhere
2024-03-27,BA159,NO,,,Scheduled Maintenance
2024-03-27,BA230,YES,00:00,23:59,
2024-03-27,BA342,YES,00:00,23:59,
2024-03-27,BA348,YES,00:00,23:59,
2024-03-27,BA386,YES,00:00,23:59,
2024-03-27,DY121,YES,00:00,23:59,
2024-03-27,DY167,YES,00:00,23:59,
2024-03-27,DY262,YES,00:00,23:59,
2024-03-27,RA085,NO,,,Scheduled Maintenance
2024-03-27,RA162,NO,,,Scheduled Maintenance
2024-03-27,RA303,YES,00:00,23:59,
2024-03-27,TA078,YES,00:00,23:59,
2024-03-27,TA222,YES,00:00,23:59,
2024-03-27,TA283,YES,00:00,23:59,
2024-03-27,TO146,YES,00:00,23:59,
2024-03-27,TO223,YES,00:00,23:59,
2024-03-27,TO250,YES,00:00,23:59,
2024-03-27,TO287,YES,00:00,23:59,
2024-03-28,BA174,YES,00:00,23:59,
2024-03-28,BA203,YES,00:00,23:59,
2024-03-28,BA242,YES,00:00,23:59,
2024-03-28,BA358,YES,00:00,23:59,
2024-03-28,DY057,YES,00:00,23:59,
2024-03-28,DY091,YES,00:00,23:59,
2024-03-28,DY096,YES,00:00,23:59,
2024-03-28,DY327,YES,00:00,23:59,
2024-03-28,DY371,YES,00:00,23:59,
2024-03-28,OH093,YES,00:00,23:59,
2024-03-28,OH160,NO,,,Breakdown
2024-03-28,OH182,YES,00:00,23:59,
2024-03-28,OH347,YES,00:00,23:59,
2024-03-28,RA340,NO,,,Breakdown
2024-03-28,TA003,YES,00:00,23:59,
2024-03-28,TA036,YES,00:00,23:59,
2024-03-28,TA283,YES,00:00,23:59,
2024-03-28,TA325,YES,00:00,23:59,
2024-03-28,TO021,YES,00:00,23:59,
2024-03-28,TO129,YES,00:00,23:59,
2024-03-28,TO146,YES,00:00,23:59,
2024-03-28,TO175,YES,00:00,23:59,
2024-03-28,TO256,NO,,,Scheduled Maintenance
2024-03-28,TO364,YES,00:00,23:59,
2024-03-30,BA126,YES,00:00,23:59,
2024-03-30,BA274,YES,00:00,23:59,
2024-03-30,BA349,YES,00:00,23:59,
2024-03-30,DY014,YES,00:00,23:59,
2024-03-30,DY018,YES,00:00,23:59,
2024-03-30,DY178,YES,00:00,23:59,
2024-03-30,DY201,YES,00:00,23:59,
2024-03-30,DY248,YES,00:00,23:59,
2024-03-30,OH142,YES,00:00,23:59,
2024-03-30,OH359,NO,,,Breakdown
2024-03-30,RA048,YES,00:00,23:59,
2024-03-30,RA168,YES,00:00,23:59,
2024-03-30,RA177,YES,00:00,23:59,
2024-03-30,RA204,YES,00:00,23:59,
2024-03-30,RA360,YES,00:00,23:59,
2024-03-30,TA065,YES,00:00,23:59,
2024-03-30,TA078,YES,00:00,23:59,
2024-03-30,TA137,YES,00:00,23:59,
2024-03-30,TA227,YES,00:00,23:59,
2024-03-30,TA269,YES,00:00,23:59,
2024-03-30,TA394,YES,00:00,23:59,
2024-03-30,TO033,YES,00:00,23:59,
2024-03-30,TO202,YES,00:00,23:59,
2024-03-30,TO228,YES,00:00,23:59,
2024-03-31,BA203,YES,00:00,23:59,
2024-03-31,DY067,YES,00:00,23:59,
2024-03-31,DY124,NO,,,Scheduled Maintenance
2024-03-31,DY152,YES,00:00,23:59,
2024-03-31,OH026,YES,00:00,23:59,
2024-03-31,OH365,YES,00:00,23:59,
2024-03-31,RA156,YES,00:00,23:59,
2024-03-31,RA168,YES,00:00,23:59,
2024-03-31,RA192,NO,,,In Use Elsewhere
2024-03-31,RA367,YES,00:00,23:59,
2024-03-31,TA005,YES,00:00,23:59,
2024-03-31,TA078,YES,00:00,23:59,
2024-03-31,TA282,YES,00:00,23:59,
2024-03-31,TO028,YES,00:00,23:59,
2024-03-31,TO047,YES,00:00,23:59,
2024-03-31,TO100,YES,00:00,23:59,
2024-03-31,TO149,YES,00:00,23:59,
2024-03-31,TO257,YES,00:00,23:59,
2024-03-31,TO284,YES,00:00,23:59,
2024-04-02,BA145,YES,00:00,23:59,
2024-04-02,BA349,YES,00:00,23:59,
2024-04-02,DY012,NO,,,Breakdown
2024-04-02,DY141,NO,,,Scheduled Maintenance
2024-04-02,DY201,YES,00:00,23:59,
2024-04-02,DY224,YES,00:00,23:59,
2024-04-02,DY236,YES,00:00,23:59,
2024-04-02,DY279,YES,00:00,23:59,
2024-04-02,OH010,YES,00:00,23:59,
2024-04-02,OH077,YES,00:00,23:59,
2024-04-02,OH191,YES,00:00,23:59,
2024-04-02,RA204,YES,00:00,23:59,
2024-04-02,RA385,NO,,,Breakdown
2024-04-02,RA397,YES,00:00,23:59,
2024-04-02,TA131,YES,00:00,23:59,
2024-04-02,TO175,YES,00:00,23:59,
2024-04-02,TO257,YES,00:00,23:59,
2024-04-02,TO287,YES,00:00,23:59,
2024-04-02,TO288,YES,00:00,23:59,
2024-04-03,BA069,YES,00:00,23:59,
2024-04-03,BA079,YES,00:00,23:59,
2024-04-03,BA242,YES,00:00,23:59,
2024-04-03,DY319,YES,00:00,23:59,
2024-04-03,DY321,YES,00:00,23:59,
2024-04-03,OH019,YES,00:00,23:59,
2024-04-03,OH052,YES,00:00,23:59,
2024-04-03,OH271,YES,00:00,23:59,
2024-04-03,OH366,YES,00:00,23:59,
2024-04-03,OH382,NO,,,In Use Elsewhere
2024-04-03,RA029,YES,00:00,23:59,
2024-04-03,RA048,YES,00:00,23:59,
2024-04-03,RA062,YES,00:00,23:59,
2024-04-03,RA192,YES,00:00,23:59,
2024-04-03,RA206,YES,00:00,23:59,
2024-04-03,TA118,YES,00:00,23:59,
2024-04-03,TA140,YES,00:00,23:59,
2024-04-03,TA229,YES,00:00,23:59,
2024-04-03,TA302,YES,00:00,23:59,
2024-04-03,TO002,YES,00:00,23:59,
2024-04-04,BA128,YES,00:00,23:59,
2024-04-04,BA185,YES,00:00,23:59,
2024-04-04,BA297,YES,00:00,23:59,
2024-04-04,BA348,YES,00:00,23:59,
2024-04-04,DY004,YES,00:00,23:59,
2024-04-04,DY115,YES,00:00,23:59,
2024-04-04,OH052,NO,,,Breakdown
2024-04-04,OH191,YES,00:00,23:59,
2024-04-04,OH270,YES,00:00,23:59,
2024-04-04,OH271,YES,00:00,23:59,
2024-04-04,OH368,YES,00:00,23:59,
2024-04-04,RA024,YES,00:00,23:59,
2024-04-04,RA116,YES,00:00,23:59,
2024-04-04,RA206,YES,00:00,23:59,
2024-04-04,RA290,YES,00:00,23:59,
2024-04-04,RA376,YES,00:00,23:59,
2024-04-04,TA108,YES,00:00,23:59,
2024-04-04,TA199,NO,,,In Use Elsewhere
2024-04-04,TA222,YES,00:00,23:59,
2024-04-04,TA269,YES,00:00,23:59,
2024-04-04,TA341,YES,00:00,23:59,
2024-04-04,TO146,NO,,,In Use Elsewhere
2024-04-06,BA042,YES,00:00,23:59,
2024-04-06,BA159,NO,,,Scheduled Maintenance
2024-04-06,BA249,NO,,,Scheduled Maintenance
2024-04-06,BA300,YES,00:00,23:59,
2024-04-06,DY014,NO,,,Breakdown
2024-04-06,DY091,YES,00:00,23:59,
2024-04-06,DY315,YES,00:00,23:59,
2024-04-06,OH088,YES,00:00,23:59,
2024-04-06,OH093,YES,00:00,23:59,
2024-04-06,RA087,YES,00:00,23:59,
2024-04-06,RA200,YES,00:00,23:59,
2024-04-06,RA231,YES,00:00,23:59,
2024-04-06,TA049,YES,00:00,23:59,
2024-04-06,TA108,YES,00:00,23:59,
2024-04-06,TA220,YES,00:00,23:59,
2024-04-06,TA233,NO,,,In Use Elsewhere
2024-04-07,BA094,NO,,,Breakdown
2024-04-07,BA186,YES,00:00,23:59,
2024-04-07,BA263,YES,00:00,23:59,
2024-04-07,BA297,YES,00:00,23:59,
2024-04-07,BA348,YES,00:00,23:59,
2024-04-07,DY143,YES,00:00,23:59,
2024-04-07,DY345,YES,00:00,23:59,
2024-04-07,DY346,YES,00:00,23:59,
2024-04-07,OH019,NO,,,In Use Elsewhere
2024-04-07,OH071,YES,00:00,23:59,
2024-04-07,OH092,YES,00:00,23:59,
2024-04-07,RA114,YES,00:00,23:59,
2024-04-07,RA241,NO,,,Scheduled Maintenance
2024-04-07,RA252,YES,00:00,23:59,
2024-04-07,TA361,YES,00:00,23:59,
2024-04-07,TA396,YES,00:00,23:59,
2024-04-07,TO033,YES,00:00,23:59,
2024-04-07,TO047,YES,00:00,23:59,
2024-04-07,TO223,YES,00:00,23:59,
2024-04-07,TO256,YES,00:00,23:59,
2024-04-07,TO267,YES,00:00,23:59,
2024-04-08,BA069,YES,00:00,23:59,
2024-04-08,BA144,YES,00:00,23:59,
2024-04-08,BA348,YES,00:00,23:59,
2024-04-08,DY018,YES,00:00,23:59,
2024-04-08,DY345,YES,00:00,23:59,
2024-04-08,DY346,YES,00:00,23:59,
2024-04-08,DY353,YES,00:00,23:59,
2024-04-08,OH183,YES,00:00,23:59,
2024-04-08,OH270,YES,00:00,23:59,
2024-04-08,RA011,YES,00:00,23:59,
2024-04-08,RA031,YES,00:00,23:59,
2024-04-08,RA116,YES,00:00,23:59,
2024-04-08,RA367,YES,00:00,23:59,
2024-04-08,TA063,YES,00:00,23:59,
2024-04-08,TA075,YES,00:00,23:59,
2024-04-08,TA199,YES,00:00,23:59,
2024-04-08,TO002,YES,00:00,23:59,
2024-04-08,TO020,YES,00:00,23:59,
2024-04-08,TO028,YES,00:00,23:59,
2024-04-08,TO179,YES,00:00,23:59,
2024-04-08,TO228,YES,00:00,23:59,
2024-04-09,BA117,YES,00:00,23:59,
2024-04-09,BA185,YES,00:00,23:59,
2024-04-09,BA304,YES,00:00,23:59,
2024-04-09,BA348,YES,00:00,23:59,
2024-04-09,DY014,YES,00:00,23:59,
2024-04-09,DY224,YES,00:00,23:59,
2024-04-09,DY281,YES,00:00,23:59,
2024-04-09,DY371,YES,00:00,23:59,
2024-04-09,OH010,YES,00:00,23:59,
2024-04-09,OH077,YES,00:00,23:59,
2024-04-09,OH160,YES,00:00,23:59,
2024-04-09,OH253,YES,00:00,23:59,
2024-04-09,OH343,YES,00:00,23:59,
2024-04-09,OH359,YES,00:00,23:59,
2024-04-09,OH390,YES,00:00,23:59,
2024-04-09,RA024,YES,00:00,23:59,
2024-04-09,RA198,YES,00:00,23:59,
2024-04-09,RA307,YES,00:00,23:59,
2024-04-09,RA329,YES,00:00,23:59,
2024-04-09,RA370,NO,,,Scheduled Maintenance
2024-04-09,RA373,YES,00:00,23:59,
2024-04-09,TA065,YES,00:00,23:59,
2024-04-09,TA302,YES,00:00,23:59,
2024-04-09,TO146,YES,00:00,23:59,
2024-04-09,TO202,YES,00:00,23:59,
2024-04-09,TO250,YES,00:00,23:59,
2024-04-09,TO364,YES,00:00,23:59,
2024-04-11,BA128,YES,00:00,23:59,
2024-04-11,BA247,YES,00:00,23:59,
2024-04-11,BA314,YES,00:00,23:59,
2024-04-11,BA381,YES,00:00,23:59,
2024-04-11,DY045,NO,,,Breakdown
2024-04-11,DY169,YES,00:00,23:59,
2024-04-11,DY216,YES,00:00,23:59,
2024-04-11,DY237,YES,00:00,23:59,
2024-04-11,DY328,NO,,,Breakdown
2024-04-11,OH046,YES,00:00,23:59,
2024-04-11,OH130,YES,00:00,23:59,
2024-04-11,OH195,YES,00:00,23:59,
2024-04-11,OH271,YES,00:00,23:59,
2024-04-11,OH352,YES,00:00,23:59,
2024-04-11,RA035,YES,00:00,23:59,
2024-04-11,RA051,YES,00:00,23:59,
2024-04-11,RA087,YES,00:00,23:59,
2024-04-11,RA139,YES,00:00,23:59,
2024-04-11,RA388,NO,,,In Use Elsewhere
2024-04-11,TA078,YES,00:00,23:59,
2024-04-11,TA291,NO,,,Breakdown
2024-04-11,TO129,YES,00:00,23:59,
2024-04-11,TO260,YES,00:00,23:59,
2024-04-12,BA079,YES,00:00,23:59,
2024-04-12,DY374,YES,00:00,23:59,
2024-04-12,DY399,YES,00:00,23:59,
2024-04-12,OH050,YES,00:00,23:59,
2024-04-12,OH296,NO,,,Scheduled Maintenance
2024-04-12,OH313,YES,00:00,23:59,
2024-04-12,OH382,YES,00:00,23:59,
2024-04-12,OH384,YES,00:00,23:59,
2024-04-12,RA155,YES,00:00,23:59,
2024-04-12,RA192,YES,00:00,23:59,
2024-04-12,RA198,YES,00:00,23:59,
2024-04-12,RA240,YES,00:00,23:59,
2024-04-12,RA252,YES,00:00,23:59,
2024-04-12,TA120,YES,00:00,23:59,
2024-04-12,TA140,YES,00:00,23:59,
2024-04-12,TA275,YES,00:00,23:59,
2024-04-12,TA291,YES,00:00,23:59,
2024-04-12,TO129,YES,00:00,23:59,
2024-04-12,TO288,YES,00:00,23:59,
2024-04-13,BA066,YES,00:00,23:59,
2024-04-13,BA110,YES,00:00,23:59,
2024-04-13,DY040,NO,,,Scheduled Maintenance
2024-04-13,DY194,YES,00:00,23:59,
2024-04-13,DY201,YES,00:00,23:59,
2024-04-13,DY219,YES,00:00,23:59,
2024-04-13,OH006,YES,00:00,23:59,
2024-04-13,OH007,NO,,,Scheduled Maintenance
2024-04-13,OH195,NO,,,Scheduled Maintenance
2024-04-13,OH207,YES,00:00,23:59,
2024-04-13,OH318,NO,,,Breakdown
2024-04-13,OH352,YES,00:00,23:59,
2024-04-13,OH357,YES,00:00,23:59,
2024-04-13,RA043,YES,00:00,23:59,
2024-04-13,RA273,YES,00:00,23:59,
2024-04-13,RA370,YES,00:00,23:59,
2024-04-13,RA376,YES,00:00,23:59,
2024-04-13,TA098,YES,00:00,23:59,
2024-04-13,TO146,NO,,,Scheduled Maintenance
2024-04-13,TO193,NO,,,In Use Elsewhere
2024-04-13,TO288,YES,00:00,23:59,
2024-04-14,BA127,YES,00:00,23:59,
2024-04-14,DY055,YES,00:00,23:59,
2024-04-14,DY057,YES,00:00,23:59,
2024-04-14,DY091,NO,,,Breakdown
2024-04-14,DY124,YES,00:00,23:59,
2024-04-14,DY319,NO,,,In Use Elsewhere
2024-04-14,DY380,YES,00:00,23:59,
2024-04-14,OH111,YES,00:00,23:59,
2024-04-14,OH160,YES,00:00,23:59,
2024-04-14,OH253,YES,00:00,23:59,
2024-04-14,OH294,YES,00:00,23:59,
2024-04-14,OH362,YES,00:00,23:59,
2024-04-14,RA053,YES,00:00,23:59,
2024-04-14,RA155,YES,00:00,23:59,
2024-04-14,RA200,YES,00:00,23:59,
2024-04-14,RA241,YES,00:00,23:59,
2024-04-14,RA265,YES,00:00,23:59,
2024-04-14,RA373,YES,00:00,23:59,
2024-04-14,TA074,YES,00:00,23:59,
2024-04-14,TA199,YES,00:00,23:59,
2024-04-14,TA264,YES,00:00,23:59,
2024-04-14,TA285,YES,00:00,23:59,
2024-04-14,TO032,YES,00:00,23:59,
2024-04-14,TO112,YES,00:00,23:59,
2024-04-14,TO335,YES,00:00,23:59,
2024-04-15,BA064,YES,00:00,23:59,
2024-04-15,BA079,YES,00:00,23:59,
2024-04-15,BA174,YES,00:00,23:59,
2024-04-15,BA208,YES,00:00,23:59,
2024-04-15,BA358,NO,,,Breakdown
2024-04-15,DY115,YES,00:00,23:59,
2024-04-15,OH207,YES,00:00,23:59,
2024-04-15,OH254,NO,,,Scheduled Maintenance
2024-04-15,OH294,YES,00:00,23:59,
2024-04-15,OH311,YES,00:00,23:59,
2024-04-15,RA031,YES,00:00,23:59,
2024-04-15,RA043,YES,00:00,23:59,
2024-04-15,TA264,YES,00:00,23:59,
2024-04-15,TA292,YES,00:00,23:59,
2024-04-15,TO009,NO,,,Scheduled Maintenance
2024-04-15,TO335,YES,00:00,23:59,
2024-04-16,BA145,YES,00:00,23:59,
2024-04-16,BA151,YES,00:00,23:59,
2024-04-16,BA186,YES,00:00,23:59,
2024-04-16,BA203,NO,,,In Use Elsewhere
2024-04-16,BA209,YES,00:00,23:59,
2024-04-16,BA263,YES,00:00,23:59,
2024-04-16,DY180,YES,00:00,23:59,
2024-04-16,DY224,YES,00:00,23:59,
2024-04-16,DY246,YES,00:00,23:59,
2024-04-16,DY319,YES,00:00,23:59,
2024-04-16,OH010,YES,00:00,23:59,
2024-04-16,OH026,YES,00:00,23:59,
2024-04-16,OH093,YES,00:00,23:59,
2024-04-16,OH312,YES,00:00,23:59,
2024-04-16,OH318,YES,00:00,23:59,
2024-04-16,RA024,YES,00:00,23:59,
2024-04-16,RA037,YES,00:00,23:59,
2024-04-16,RA261,YES,00:00,23:59,
2024-04-16,RA286,NO,,,Scheduled Maintenance
2024-04-16,RA337,YES,00:00,23:59,
2024-04-16,TA049,NO,,,Breakdown
2024-04-16,TA140,YES,00:00,23:59,
2024-04-16,TA222,YES,00:00,23:59,
2024-04-16,TA291,YES,00:00,23:59,
2024-04-16,TO028,NO,,,Breakdown
2024-04-16,TO101,NO,,,Breakdown
2024-04-16,TO335,YES,00:00,23:59,
2024-04-17,BA153,NO,,,Scheduled Maintenance
2024-04-17,DY121,YES,00:00,23:59,
2024-04-17,DY178,YES,00:00,23:59,
2024-04-17,DY399,YES,00:00,23:59,
2024-04-17,OH026,YES,00:00,23:59,
2024-04-17,OH254,YES,00:00,23:59,
2024-04-17,RA035,YES,00:00,23:59,
2024-04-17,RA155,YES,00:00,23:59,
2024-04-17,RA164,NO,,,Breakdown
2024-04-17,RA378,YES,00:00,23:59,
2024-04-17,TA089,YES,00:00,23:59,
2024-04-17,TA211,YES,00:00,23:59,
2024-04-17,TA212,YES,00:00,23:59,
2024-04-17,TA280,NO,,,Scheduled Maintenance
2024-04-17,TO330,YES,00:00,23:59,
2024-04-19,BA113,YES,00:00,23:59,
2024-04-19,BA127,YES,00:00,23:59,
2024-04-19,BA128,YES,00:00,23:59,
2024-04-19,DY017,YES,00:00,23:59,
2024-04-19,DY217,YES,00:00,23:59,
2024-04-19,DY374,NO,,,Breakdown
2024-04-19,DY379,YES,00:00,23:59,
2024-04-19,OH254,YES,00:00,23:59,
2024-04-19,OH312,YES,00:00,23:59,
2024-04-19,RA085,YES,00:00,23:59,
2024-04-19,RA204,YES,00:00,23:59,
2024-04-19,RA400,YES,00:00,23:59,
2024-04-19,TA227,YES,00:00,23:59,
2024-04-19,TA280,YES,00:00,23:59,
2024-04-19,TO326,YES,00:00,23:59,
2024-04-20,BA102,YES,00:00,23:59,
2024-04-20,BA126,YES,00:00,23:59,
2024-04-20,BA185,YES,00:00,23:59,
2024-04-20,DY055,YES,00:00,23:59,
2024-04-20,DY216,YES,00:00,23:59,
2024-04-20,DY327,YES,00:00,23:59,
2024-04-20,DY331,YES,00:00,23:59,
2024-04-20,DY399,YES,00:00,23:59,
2024-04-20,OH019,NO,,,Breakdown
2024-04-20,OH023,YES,00:00,23:59,
2024-04-20,OH026,YES,00:00,23:59,
2024-04-20,OH298,YES,00:00,23:59,
2024-04-20,RA013,YES,00:00,23:59,
2024-04-20,RA035,YES,00:00,23:59,
2024-04-20,RA085,YES,00:00,23:59,
2024-04-20,RA172,YES,00:00,23:59,
2024-04-20,TA054,YES,00:00,23:59,
2024-04-20,TA068,YES,00:00,23:59,
2024-04-20,TO033,YES,00:00,23:59,
2024-04-20,TO316,YES,00:00,23:59,
2024-04-22,BA064,YES,00:00,23:59,
2024-04-22,BA185,NO,,,Scheduled Maintenance
2024-04-22,DY124,YES,00:00,23:59,
2024-04-22,DY248,YES,00:00,23:59,
2024-04-22,DY345,NO,,,Scheduled Maintenance
2024-04-22,RA164,NO,,,In Use Elsewhere
2024-04-22,RA261,YES,00:00,23:59,
2024-04-22,TA068,YES,00:00,23:59,
2024-04-22,TO287,NO,,,Breakdown
2024-04-22,TO326,YES,00:00,23:59,
2024-04-23,BA058,YES,00:00,23:59,
2024-04-23,BA113,NO,,,In Use Elsewhere
2024-04-23,BA324,YES,00:00,23:59,
2024-04-23,BA355,YES,00:00,23:59,
2024-04-23,DY133,YES,00:00,23:59,
2024-04-23,OH214,YES,00:00,23:59,
2024-04-23,OH296,YES,00:00,23:59,
2024-04-23,RA163,YES,00:00,23:59,
2024-04-23,RA168,YES,00:00,23:59,
2024-04-23,RA241,YES,00:00,23:59,
2024-04-23,RA306,NO,,,Scheduled Maintenance
2024-04-23,RA391,YES,00:00,23:59,
2024-04-23,TA165,YES,00:00,23:59,
2024-04-23,TA212,YES,00:00,23:59,
2024-04-23,TA215,NO,,,Breakdown
2024-04-23,TA218,YES,00:00,23:59,
2024-04-23,TO047,YES,00:00,23:59,
2024-04-24,BA042,NO,,,Scheduled Maintenance
2024-04-24,BA064,NO,,,Breakdown
2024-04-24,BA127,YES,00:00,23:59,
2024-04-24,BA153,YES,00:00,23:59,
2024-04-24,BA208,YES,00:00,23:59,
2024-04-24,BA249,YES,00:00,23:59,
2024-04-24,BA259,YES,00:00,23:59,
2024-04-24,BA263,YES,00:00,23:59,
2024-04-24,BA323,YES,00:00,23:59,
2024-04-24,DY040,YES,00:00,23:59,
2024-04-24,DY115,NO,,,In Use Elsewhere
2024-04-24,DY132,YES,00:00,23:59,
2024-04-24,DY141,YES,00:00,23:59,
2024-04-24,DY181,YES,00:00,23:59,
2024-04-24,DY196,YES,00:00,23:59,
2024-04-24,DY216,YES,00:00,23:59,
2024-04-24,OH019,YES,00:00,23:59,
2024-04-24,OH059,YES,00:00,23:59,
2024-04-24,OH086,YES,00:00,23:59,
2024-04-24,OH093,YES,00:00,23:59,
2024-04-24,RA043,YES,00:00,23:59,
2024-04-24,RA200,YES,00:00,23:59,
2024-04-24,RA240,YES,00:00,23:59,
2024-04-24,RA354,YES,00:00,23:59,
2024-04-24,TA171,YES,00:00,23:59,
2024-04-24,TA269,NO,,,Breakdown
2024-04-24,TA394,YES,00:00,23:59,
2024-04-24,TO112,YES,00:00,23:59,
2024-04-24,TO272,YES,00:00,23:59,
2024-04-25,BA174,YES,00:00,23:59,
2024-04-25,BA247,YES,00:00,23:59,
2024-04-25,BA348,NO,,,In Use Elsewhere
2024-04-25,DY012,YES,00:00,23:59,
2024-04-25,DY132,YES,00:00,23:59,
2024-04-25,DY138,YES,00:00,23:59,
2024-04-25,DY167,YES,00:00,23:59,
2024-04-25,DY279,YES,00:00,23:59,
2024-04-25,OH191,YES,00:00,23:59,
2024-04-25,OH214,NO,,,Scheduled Maintenance
2024-04-25,OH245,NO,,,Scheduled Maintenance
2024-04-25,RA043,YES,00:00,23:59,
2024-04-25,RA306,YES,00:00,23:59,
2024-04-25,TA034,YES,00:00,23:59,
2024-04-25,TA140,YES,00:00,23:59,
2024-04-25,TO030,YES,00:00,23:59,
2024-04-26,BA188,YES,00:00,23:59,
2024-04-26,DY018,YES,00:00,23:59,
2024-04-26,DY143,YES,00:00,23:59,
2024-04-26,DY196,YES,00:00,23:59,
2024-04-26,DY380,YES,00:00,23:59,
2024-04-26,OH333,YES,00:00,23:59,
2024-04-26,RA043,YES,00:00,23:59,
2024-04-26,RA081,YES,00:00,23:59,
2024-04-26,RA139,YES,00:00,23:59,
2024-04-26,RA308,YES,00:00,23:59,
2024-04-26,RA367,NO,,,Breakdown
2024-04-26,TA148,YES,00:00,23:59,
2024-04-26,TA283,YES,00:00,23:59,
2024-04-26,TO030,YES,00:00,23:59,
2024-04-26,TO056,YES,00:00,23:59,
2024-04-26,TO193,YES,00:00,23:59,
2024-04-26,TO257,YES,00:00,23:59,
2024-04-26,TO287,YES,00:00,23:59,
2024-04-26,TO288,YES,00:00,23:59,
2024-04-27,BA097,YES,00:00,23:59,
2024-04-27,BA381,YES,00:00,23:59,
2024-04-27,BA393,YES,00:00,23:59,
2024-04-27,DY060,YES,00:00,23:59,
2024-04-27,DY244,NO,,,Breakdown
2024-04-27,DY369,NO,,,Breakdown
2024-04-27,DY392,YES,00:00,23:59,
2024-04-27,OH173,YES,00:00,23:59,
2024-04-27,OH189,NO,,,In Use Elsewhere
2024-04-27,OH362,YES,00:00,23:59,
2024-04-27,RA029,NO,,,Scheduled Maintenance
2024-04-27,RA051,YES,00:00,23:59,
2024-04-27,RA162,YES,00:00,23:59,
2024-04-27,RA190,YES,00:00,23:59,
2024-04-27,RA277,YES,00:00,23:59,
2024-04-27,RA295,NO,,,In Use Elsewhere
2024-04-27,TA233,YES,00:00,23:59,
2024-04-27,TA275,YES,00:00,23:59,
2024-04-27,TO009,YES,00:00,23:59,
2024-04-27,TO033,YES,00:00,23:59,
2024-04-27,TO044,YES,00:00,23:59,
2024-04-27,TO175,YES,00:00,23:59,
2024-04-27,TO257,NO,,,In Use Elsewhere
2024-04-27,TO350,NO,,,In Use Elsewhere
2024-04-28,BA095,NO,,,Scheduled Maintenance
2024-04-28,BA104,YES,00:00,23:59,
2024-04-28,BA358,NO,,,Scheduled Maintenance
2024-04-28,BA393,NO,,,Scheduled Maintenance
2024-04-28,DY091,YES,00:00,23:59,
2024-04-28,DY122,NO,,,Scheduled Maintenance
2024-04-28,OH134,YES,00:00,23:59,
2024-04-28,OH214,YES,00:00,23:59,
2024-04-28,OH298,YES,00:00,23:59,
2024-04-28,OH338,NO,,,Scheduled Maintenance
2024-04-28,OH372,YES,00:00,23:59,
2024-04-28,OH390,YES,00:00,23:59,
2024-04-28,RA011,YES,00:00,23:59,
2024-04-28,RA087,YES,00:00,23:59,
2024-04-28,RA116,YES,00:00,23:59,
2024-04-28,RA277,YES,00:00,23:59,
2024-04-28,RA290,YES,00:00,23:59,
2024-04-28,RA334,YES,00:00,23:59,
2024-04-28,TA003,YES,00:00,23:59,
2024-04-28,TA225,YES,00:00,23:59,
2024-04-28,TA289,YES,00:00,23:59,
2024-04-28,TA396,NO,,,Breakdown
2024-04-29,BA102,YES,00:00,23:59,
2024-04-29,BA127,YES,00:00,23:59,
2024-04-29,BA263,YES,00:00,23:59,
2024-04-29,BA274,YES,00:00,23:59,
2024-04-29,BA355,YES,00:00,23:59,
2024-04-29,DY040,YES,00:00,23:59,
2024-04-29,DY122,YES,00:00,23:59,
2024-04-29,DY196,YES,00:00,23:59,
2024-04-29,DY279,NO,,,Breakdown
2024-04-29,DY315,YES,00:00,23:59,
2024-04-29,DY327,YES,00:00,23:59,
2024-04-29,OH019,YES,00:00,23:59,
2024-04-29,OH026,YES,00:00,23:59,
2024-04-29,OH384,NO,,,Breakdown
2024-04-29,RA062,YES,00:00,23:59,
2024-04-29,RA261,YES,00:00,23:59,
2024-04-29,TA107,YES,00:00,23:59,
2024-04-29,TA205,YES,00:00,23:59,
2024-04-29,TA211,YES,00:00,23:59,
2024-04-29,TA220,YES,00:00,23:59,
2024-04-29,TA227,YES,00:00,23:59,
2024-04-29,TO032,YES,00:00,23:59,
2024-04-29,TO250,YES,00:00,23:59,
2024-04-29,TO335,NO,,,Scheduled Maintenance
2024-04-29,TO364,YES,00:00,23:59,
2024-04-30,BA064,YES,00:00,23:59,
2024-04-30,BA117,YES,00:00,23:59,
2024-04-30,BA230,YES,00:00,23:59,
2024-04-30,DY090,YES,00:00,23:59,
2024-04-30,DY157,YES,00:00,23:59,
2024-04-30,DY184,YES,00:00,23:59,
2024-04-30,OH006,YES,00:00,23:59,
2024-04-30,OH050,YES,00:00,23:59,
2024-04-30,OH103,YES,00:00,23:59,
2024-04-30,OH365,YES,00:00,23:59,
2024-04-30,RA062,NO,,,Scheduled Maintenance
2024-04-30,RA162,NO,,,In Use Elsewhere
2024-04-30,RA234,YES,00:00,23:59,
2024-04-30,RA273,YES,00:00,23:59,
2024-04-30,RA388,YES,00:00,23:59,
2024-04-30,TA074,NO,,,In Use Elsewhere
2024-04-30,TA098,YES,00:00,23:59,
2024-04-30,TA118,YES,00:00,23:59,
2024-04-30,TA222,YES,00:00,23:59,
2024-04-30,TA227,YES,00:00,23:59,
2024-04-30,TO021,NO,,,Breakdown
2024-04-30,TO056,YES,00:00,23:59,
2024-04-30,TO146,YES,00:00,23:59,
2024-04-30,TO175,YES,00:00,23:59,
2024-04-30,TO243,YES,00:00,23:59,
2024-05-02,BA058,YES,00:00,23:59,
2024-05-02,DY061,YES,00:00,23:59,
2024-05-02,DY124,YES,00:00,23:59,
2024-05-02,DY184,NO,,,Scheduled Maintenance
2024-05-02,DY224,YES,00:00,23:59,
2024-05-02,DY315,YES,00:00,23:59,
2024-05-02,DY356,YES,00:00,23:59,
2024-05-02,OH015,YES,00:00,23:59,
2024-05-02,OH182,YES,00:00,23:59,
2024-05-02,OH362,YES,00:00,23:59,
2024-05-02,OH395,NO,,,In Use Elsewhere
2024-05-02,RA087,NO,,,In Use Elsewhere
2024-05-02,RA337,YES,00:00,23:59,
2024-05-02,TA099,YES,00:00,23:59,
2024-05-02,TA140,NO,,,Scheduled Maintenance
2024-05-02,TO109,YES,00:00,23:59,
2024-05-02,TO223,YES,00:00,23:59,
2024-05-02,TO243,YES,00:00,23:59,
2024-05-02,TO287,YES,00:00,23:59,
2024-05-02,TO351,YES,00:00,23:59,
2024-05-03,BA094,YES,00:00,23:59,
2024-05-03,BA203,YES,00:00,23:59,
2024-05-03,DY040,YES,00:00,23:59,
2024-05-03,DY060,YES,00:00,23:59,
2024-05-03,DY122,YES,00:00,23:59,
2024-05-03,DY138,NO,,,Breakdown
2024-05-03,DY180,NO,,,In Use Elsewhere
2024-05-03,OH072,YES,00:00,23:59,
2024-05-03,OH130,YES,00:00,23:59,
2024-05-03,OH191,YES,00:00,23:59,
2024-05-03,OH313,YES,00:00,23:59,
2024-05-03,RA156,YES,00:00,23:59,
2024-05-03,RA177,YES,00:00,23:59,
2024-05-03,RA295,YES,00:00,23:59,
2024-05-03,RA307,YES,00:00,23:59,
2024-05-03,RA337,YES,00:00,23:59,
2024-05-03,RA339,YES,00:00,23:59,
2024-05-03,RA363,YES,00:00,23:59,
2024-05-03,RA373,YES,00:00,23:59,
2024-05-03,RA387,YES,00:00,23:59,
2024-05-03,TA049,YES,00:00,23:59,
2024-05-03,TA150,YES,00:00,23:59,
2024-05-03,TA220,NO,,,Scheduled Maintenance
2024-05-03,TO032,YES,00:00,23:59,
2024-05-03,TO041,YES,00:00,23:59,
2024-05-03,TO287,YES,00:00,23:59,
2024-05-05,BA128,NO,,,Scheduled Maintenance
2024-05-05,BA383,YES,00:00,23:59,
2024-05-05,DY004,YES,00:00,23:59,
2024-05-05,DY105,YES,00:00,23:59,
2024-05-05,DY135,YES,00:00,23:59,
2024-05-05,DY161,YES,00:00,23:59,
2024-05-05,DY196,YES,00:00,23:59,
2024-05-05,DY251,YES,00:00,23:59,
2024-05-05,DY328,YES,00:00,23:59,
2024-05-05,OH015,YES,00:00,23:59,
2024-05-05,OH125,NO,,,Scheduled Maintenance
2024-05-05,OH142,NO,,,Breakdown
2024-05-05,OH254,YES,00:00,23:59,
2024-05-05,OH347,YES,00:00,23:59,
2024-05-05,OH359,YES,00:00,23:59,
2024-05-05,RA013,YES,00:00,23:59,
2024-05-05,RA192,YES,00:00,23:59,
2024-05-05,RA234,YES,00:00,23:59,
2024-05-05,RA308,YES,00:00,23:59,
2024-05-05,TA074,NO,,,In Use Elsewhere
2024-05-05,TA289,YES,00:00,23:59,
2024-05-05,TA292,YES,00:00,23:59,
2024-05-05,TO056,YES,00:00,23:59,
2024-05-05,TO149,YES,00:00,23:59,
2024-05-05,TO272,YES,00:00,23:59,
2024-05-06,BA203,NO,,,Breakdown
2024-05-06,DY001,YES,00:00,23:59,
2024-05-06,DY061,YES,00:00,23:59,
2024-05-06,DY201,YES,00:00,23:59,
2024-05-06,DY353,YES,00:00,23:59,
2024-05-06,OH059,YES,00:00,23:59,
2024-05-06,OH142,YES,00:00,23:59,
2024-05-06,OH160,YES,00:00,23:59,
2024-05-06,OH318,YES,00:00,23:59,
2024-05-06,OH365,YES,00:00,23:59,
2024-05-06,RA029,YES,00:00,23:59,
2024-05-06,RA136,YES,00:00,23:59,
2024-05-06,RA177,YES,00:00,23:59,
2024-05-06,RA206,YES,00:00,23:59,
2024-05-06,RA234,YES,00:00,23:59,
2024-05-06,RA240,YES,00:00,23:59,
2024-05-06,RA376,YES,00:00,23:59,
2024-05-06,RA397,NO,,,In Use Elsewhere
2024-05-06,TA140,YES,00:00,23:59,
2024-05-06,TO109,YES,00:00,23:59,
2024-05-06,TO179,YES,00:00,23:59,
2024-05-06,TO223,YES,00:00,23:59,
2024-05-06,TO258,YES,00:00,23:59,
2024-05-06,TO364,YES,00:00,23:59,
2024-05-09,BA079,YES,00:00,23:59,
2024-05-09,BA174,YES,00:00,23:59,
2024-05-09,BA297,YES,00:00,23:59,
2024-05-09,DY017,YES,00:00,23:59,
2024-05-09,DY143,YES,00:00,23:59,
2024-05-09,DY167,YES,00:00,23:59,
2024-05-09,OH092,YES,00:00,23:59,
2024-05-09,OH125,NO,,,Scheduled Maintenance
2024-05-09,OH313,NO,,,Breakdown
2024-05-09,OH338,YES,00:00,23:59,
2024-05-09,RA011,YES,00:00,23:59,
2024-05-09,RA024,YES,00:00,23:59,
2024-05-09,RA139,YES,00:00,23:59,
2024-05-09,RA164,NO,,,In Use Elsewhere
2024-05-09,RA198,YES,00:00,23:59,
2024-05-09,RA241,YES,00:00,23:59,
2024-05-09,RA373,YES,00:00,23:59,
2024-05-09,TA034,YES,00:00,23:59,
2024-05-09,TA036,NO,,,In Use Elsewhere
2024-05-09,TA150,YES,00:00,23:59,
2024-05-09,TA211,YES,00:00,23:59,
2024-05-09,TO101,NO,,,Scheduled Maintenance
2024-05-09,TO187,NO,,,In Use Elsewhere
2024-05-09,TO243,YES,00:00,23:59,
2024-05-10,BA042,YES,00:00,23:59,
2024-05-10,BA188,YES,00:00,23:59,
2024-05-10,BA247,YES,00:00,23:59,
2024-05-10,BA266,NO,,,Scheduled Maintenance
2024-05-10,BA299,YES,00:00,23:59,
2024-05-10,BA304,YES,00:00,23:59,
2024-05-10,DY067,YES,00:00,23:59,
2024-05-10,DY121,YES,00:00,23:59,
2024-05-10,DY180,NO,,,Scheduled Maintenance
2024-05-10,DY262,YES,00:00,23:59,
2024-05-10,DY309,YES,00:00,23:59,
2024-05-10,DY331,YES,00:00,23:59,
2024-05-10,OH025,YES,00:00,23:59,
2024-05-10,OH077,YES,00:00,23:59,
2024-05-10,OH083,YES,00:00,23:59,
2024-05-10,OH142,YES,00:00,23:59,
2024-05-10,OH313,YES,00:00,23:59,
2024-05-10,OH357,YES,00:00,23:59,
2024-05-10,OH372,YES,00:00,23:59,
2024-05-10,RA190,NO,,,In Use Elsewhere
2024-05-10,RA192,YES,00:00,23:59,
2024-05-10,RA261,YES,00:00,23:59,
2024-05-10,TA229,YES,00:00,23:59,
2024-05-10,TO228,YES,00:00,23:59,
2024-05-10,TO257,YES,00:00,23:59,
2024-05-10,TO267,YES,00:00,23:59,
2024-05-11,BA127,NO,,,In Use Elsewhere
2024-05-11,BA203,NO,,,In Use Elsewhere
2024-05-11,BA209,YES,00:00,23:59,
2024-05-11,OH007,YES,00:00,23:59,
2024-05-11,OH050,YES,00:00,23:59,
2024-05-11,OH086,NO,,,Breakdown
2024-05-11,RA081,YES,00:00,23:59,
2024-05-11,RA252,YES,00:00,23:59,
2024-05-11,RA268,YES,00:00,23:59,
2024-05-11,TA036,YES,00:00,23:59,
2024-05-11,TA220,YES,00:00,23:59,
2024-05-11,TA280,YES,00:00,23:59,
2024-05-11,TA361,YES,00:00,23:59,
2024-05-11,TA394,NO,,,Breakdown
2024-05-11,TO033,YES,00:00,23:59,
2024-05-12,BA042,YES,00:00,23:59,
2024-05-12,DY143,NO,,,Breakdown
2024-05-12,DY180,YES,00:00,23:59,
2024-05-12,DY219,YES,00:00,23:59,
2024-05-12,DY248,YES,00:00,23:59,
2024-05-12,DY345,YES,00:00,23:59,
2024-05-12,DY371,YES,00:00,23:59,
2024-05-12,DY374,YES,00:00,23:59,
2024-05-12,OH026,NO,,,In Use Elsewhere
2024-05-12,OH071,YES,00:00,23:59,
2024-05-12,OH093,NO,,,Scheduled Maintenance
2024-05-12,RA177,NO,,,In Use Elsewhere
2024-05-12,RA278,YES,00:00,23:59,
2024-05-12,TA027,YES,00:00,23:59,
2024-05-12,TA049,YES,00:00,23:59,
2024-05-12,TA098,YES,00:00,23:59,
2024-05-12,TA396,YES,00:00,23:59,
2024-05-12,TO038,NO,,,Breakdown
2024-05-12,TO101,YES,00:00,23:59,
2024-05-12,TO166,YES,00:00,23:59,
2024-05-13,BA386,YES,00:00,23:59,
2024-05-13,DY057,YES,00:00,23:59,
2024-05-13,DY319,NO,,,In Use Elsewhere
2024-05-13,OH026,YES,00:00,23:59,
2024-05-13,OH052,NO,,,Breakdown
2024-05-13,OH093,YES,00:00,23:59,
2024-05-13,OH182,YES,00:00,23:59,
2024-05-13,OH245,YES,00:00,23:59,
2024-05-13,OH347,YES,00:00,23:59,
2024-05-13,RA081,YES,00:00,23:59,
2024-05-13,RA114,YES,00:00,23:59,
2024-05-13,RA238,NO,,,In Use Elsewhere
2024-05-13,RA252,YES,00:00,23:59,
2024-05-13,RA307,YES,00:00,23:59,
2024-05-13,RA340,YES,00:00,23:59,
2024-05-13,RA391,YES,00:00,23:59,
2024-05-13,TA054,YES,00:00,23:59,
2024-05-13,TA099,YES,00:00,23:59,
2024-05-13,TA199,NO,,,Scheduled Maintenance
2024-05-13,TA226,YES,00:00,23:59,
2024-05-13,TA341,YES,00:00,23:59,
2024-05-13,TO175,YES,00:00,23:59,
2024-05-13,TO288,NO,,,In Use Elsewhere
2024-05-14,BA381,YES,00:00,23:59,
2024-05-14,DY115,YES,00:00,23:59,
2024-05-14,DY309,YES,00:00,23:59,
2024-05-14,DY315,YES,00:00,23:59,
2024-05-14,DY346,YES,00:00,23:59,
2024-05-14,OH059,YES,00:00,23:59,
2024-05-14,OH111,YES,00:00,23:59,
2024-05-14,OH134,YES,00:00,23:59,
2024-05-14,OH160,NO,,,Breakdown
2024-05-14,OH294,YES,00:00,23:59,
2024-05-14,RA029,YES,00:00,23:59,
2024-05-14,RA119,YES,00:00,23:59,
2024-05-14,RA136,YES,00:00,23:59,
2024-05-14,RA268,NO,,,Scheduled Maintenance
2024-05-14,RA303,YES,00:00,23:59,
2024-05-14,TA120,NO,,,Breakdown
2024-05-14,TA291,YES,00:00,23:59,
2024-05-14,TA361,YES,00:00,23:59,
2024-05-14,TA396,YES,00:00,23:59,
2024-05-14,TO021,YES,00:00,23:59,
2024-05-14,TO257,YES,00:00,23:59,
2024-05-15,BA300,YES,00:00,23:59,
2024-05-15,BA304,YES,00:00,23:59,
2024-05-15,BA349,YES,00:00,23:59,
2024-05-15,DY012,NO,,,In Use Elsewhere
2024-05-15,DY141,YES,00:00,23:59,
2024-05-15,DY194,YES,00:00,23:59,
2024-05-15,OH239,YES,00:00,23:59,
2024-05-15,OH359,YES,00:00,23:59,
2024-05-15,RA168,YES,00:00,23:59,
2024-05-15,RA190,YES,00:00,23:59,
2024-05-15,RA240,YES,00:00,23:59,
2024-05-15,RA363,YES,00:00,23:59,
2024-05-15,TA108,YES,00:00,23:59,
2024-05-15,TO038,YES,00:00,23:59,
2024-05-15,TO123,YES,00:00,23:59,
2024-05-15,TO146,YES,00:00,23:59,
2024-05-16,BA208,YES,00:00,23:59,
2024-05-16,BA293,YES,00:00,23:59,
2024-05-16,DY014,YES,00:00,23:59,
2024-05-16,DY090,NO,,,Breakdown
2024-05-16,DY279,YES,00:00,23:59,
2024-05-16,OH052,YES,00:00,23:59,
2024-05-16,OH088,YES,00:00,23:59,
2024-05-16,OH092,YES,00:00,23:59,
2024-05-16,OH183,YES,00:00,23:59,
2024-05-16,OH195,YES,00:00,23:59,
2024-05-16,OH333,YES,00:00,23:59,
2024-05-16,RA210,YES,00:00,23:59,
2024-05-16,RA238,YES,00:00,23:59,
2024-05-16,RA273,YES,00:00,23:59,
2024-05-16,TA068,YES,00:00,23:59,
2024-05-16,TA140,YES,00:00,23:59,
2024-05-16,TO047,YES,00:00,23:59,
2024-05-19,BA186,YES,00:00,23:59,
2024-05-19,BA300,YES,00:00,23:59,
2024-05-19,DY061,NO,,,Scheduled Maintenance
2024-05-19,DY201,YES,00:00,23:59,
2024-05-19,DY236,YES,00:00,23:59,
2024-05-19,OH046,YES,00:00,23:59,
2024-05-19,OH088,YES,00:00,23:59,
2024-05-19,OH362,YES,00:00,23:59,
2024-05-19,RA234,YES,00:00,23:59,
2024-05-19,RA378,NO,,,Breakdown
2024-05-19,TA036,YES,00:00,23:59,
2024-05-19,TA065,YES,00:00,23:59,
2024-05-19,TO101,YES,00:00,23:59,
2024-05-20,BA084,YES,00:00,23:59,
2024-05-20,BA104,YES,00:00,23:59,
2024-05-20,BA242,YES,00:00,23:59,
2024-05-20,BA255,YES,00:00,23:59,
2024-05-20,DY018,YES,00:00,23:59,
2024-05-20,DY067,YES,00:00,23:59,
2024-05-20,DY091,YES,00:00,23:59,
2024-05-20,OH015,YES,00:00,23:59,
2024-05-20,OH338,YES,00:00,23:59,
2024-05-20,OH382,YES,00:00,23:59,
2024-05-20,RA114,YES,00:00,23:59,
2024-05-20,RA200,YES,00:00,23:59,
2024-05-20,RA306,NO,,,Scheduled Maintenance
2024-05-20,TA264,NO,,,In Use Elsewhere
2024-05-20,TA292,YES,00:00,23:59,
2024-05-20,TA394,YES,00:00,23:59,
2024-05-20,TO056,YES,00:00,23:59,
2024-05-20,TO316,YES,00:00,23:59,
2024-05-21,BA170,YES,00:00,23:59,
2024-05-21,DY060,NO,,,Breakdown
2024-05-21,DY152,YES,00:00,23:59,
2024-05-21,OH025,YES,00:00,23:59,
2024-05-21,OH176,YES,00:00,23:59,
2024-05-21,OH182,YES,00:00,23:59,
2024-05-21,OH183,NO,,,In Use Elsewhere
2024-05-21,OH214,NO,,,Breakdown
2024-05-21,OH301,YES,00:00,23:59,
2024-05-21,OH390,YES,00:00,23:59,
2024-05-21,RA053,YES,00:00,23:59,
2024-05-21,RA163,YES,00:00,23:59,
2024-05-21,RA378,YES,00:00,23:59,
2024-05-21,TA078,YES,00:00,23:59,
2024-05-21,TA089,YES,00:00,23:59,
2024-05-21,TA137,YES,00:00,23:59,
2024-05-21,TA269,YES,00:00,23:59,
2024-05-21,TA341,YES,00:00,23:59,
2024-05-21,TO351,YES,00:00,23:59,
2024-05-23,BA113,YES,00:00,23:59,
2024-05-23,BA266,YES,00:00,23:59,
2024-05-23,BA323,YES,00:00,23:59,
2024-05-23,DY045,YES,00:00,23:59,
2024-05-23,DY232,YES,00:00,23:59,
2024-05-23,DY309,NO,,,Breakdown
2024-05-23,DY379,YES,00:00,23:59,
2024-05-23,OH025,YES,00:00,23:59,
2024-05-23,OH072,YES,00:00,23:59,
2024-05-23,OH103,YES,00:00,23:59,
2024-05-23,OH130,YES,00:00,23:59,
2024-05-23,RA337,YES,00:00,23:59,
2024-05-23,TA107,YES,00:00,23:59,
2024-05-23,TA154,YES,00:00,23:59,
2024-05-23,TO193,YES,00:00,23:59,
2024-05-23,TO202,YES,00:00,23:59,
2024-05-23,TO267,YES,00:00,23:59,
2024-05-23,TO284,YES,00:00,23:59,
2024-05-23,TO326,YES,00:00,23:59,
2024-05-24,BA145,YES,00:00,23:59,
2024-05-24,DY017,YES,00:00,23:59,
2024-05-24,DY161,YES,00:00,23:59,
2024-05-24,DY169,YES,00:00,23:59,
2024-05-24,DY251,YES,00:00,23:59,
2024-05-24,DY319,NO,,,Scheduled Maintenance
2024-05-24,OH072,NO,,,In Use Elsewhere
2024-05-24,OH214,YES,00:00,23:59,
2024-05-24,OH357,YES,00:00,23:59,
2024-05-24,OH382,YES,00:00,23:59,
2024-05-24,RA119,YES,00:00,23:59,
2024-05-24,RA234,YES,00:00,23:59,
2024-05-24,RA363,YES,00:00,23:59,
2024-05-24,TA269,YES,00:00,23:59,
2024-05-24,TA285,YES,00:00,23:59,
2024-05-24,TO047,NO,,,In Use Elsewhere
2024-05-24,TO243,YES,00:00,23:59,
2024-05-24,TO260,YES,00:00,23:59,
2024-05-26,BA274,YES,00:00,23:59,
2024-05-26,BA324,YES,00:00,23:59,
2024-05-26,BA377,YES,00:00,23:59,
2024-05-26,BA381,YES,00:00,23:59,
2024-05-26,DY057,NO,,,In Use Elsewhere
2024-05-26,DY096,YES,00:00,23:59,
2024-05-26,DY331,YES,00:00,23:59,
2024-05-26,OH093,YES,00:00,23:59,
2024-05-26,OH296,YES,00:00,23:59,
2024-05-26,RA387,YES,00:00,23:59,
2024-05-26,TA212,NO,,,Breakdown
2024-05-26,TA302,YES,00:00,23:59,
2024-05-26,TA310,YES,00:00,23:59,
2024-05-26,TA394,YES,00:00,23:59,
2024-05-26,TO101,NO,,,Breakdown
2024-05-26,TO106,YES,00:00,23:59,
2024-05-26,TO123,YES,00:00,23:59,
2024-05-26,TO260,NO,,,Scheduled Maintenance
2024-05-27,BA266,YES,00:00,23:59,
2024-05-27,DY194,YES,00:00,23:59,
2024-05-27,DY389,YES,00:00,23:59,
2024-05-27,OH046,YES,00:00,23:59,
2024-05-27,OH270,YES,00:00,23:59,
2024-05-27,OH382,YES,00:00,23:59,
2024-05-27,RA039,YES,00:00,23:59,
2024-05-27,RA204,NO,,,In Use Elsewhere
2024-05-27,RA206,YES,00:00,23:59,
2024-05-27,RA306,YES,00:00,23:59,
2024-05-27,RA385,YES,00:00,23:59,
2024-05-27,RA397,YES,00:00,23:59,
2024-05-27,TA003,YES,00:00,23:59,
2024-05-27,TA154,YES,00:00,23:59,
2024-05-27,TA215,YES,00:00,23:59,
2024-05-27,TO129,YES,00:00,23:59,
2024-05-27,TO193,YES,00:00,23:59,
2024-05-27,TO250,YES,00:00,23:59,
2024-05-28,BA299,YES,00:00,23:59,
2024-05-28,DY169,YES,00:00,23:59,
2024-05-28,OH015,NO,,,In Use Elsewhere
2024-05-28,OH026,YES,00:00,23:59,
2024-05-28,OH072,YES,00:00,23:59,
2024-05-28,OH221,YES,00:00,23:59,
2024-05-28,OH298,YES,00:00,23:59,
2024-05-28,RA363,YES,00:00,23:59,
2024-05-28,TA063,YES,00:00,23:59,
2024-05-28,TA302,YES,00:00,23:59,
2024-05-28,TO041,YES,00:00,23:59,
2024-05-28,TO175,YES,00:00,23:59,
2024-05-28,TO335,YES,00:00,23:59,
2024-05-29,BA300,NO,,,Breakdown
2024-05-29,DY001,YES,00:00,23:59,
2024-05-29,DY143,YES,00:00,23:59,
2024-05-29,DY157,YES,00:00,23:59,
2024-05-29,DY184,YES,00:00,23:59,
2024-05-29,DY244,YES,00:00,23:59,
2024-05-29,DY379,YES,00:00,23:59,
2024-05-29,DY389,YES,00:00,23:59,
2024-05-29,OH082,NO,,,In Use Elsewhere
2024-05-29,OH213,YES,00:00,23:59,
2024-05-29,OH254,YES,00:00,23:59,
2024-05-29,RA073,YES,00:00,23:59,
2024-05-29,RA306,YES,00:00,23:59,
2024-05-29,RA320,YES,00:00,23:59,
2024-05-29,RA329,YES,00:00,23:59,
2024-05-29,RA370,YES,00:00,23:59,
2024-05-29,TA199,YES,00:00,23:59,
2024-05-29,TO129,YES,00:00,23:59,
2024-05-29,TO305,YES,00:00,23:59,
2024-05-30,BA022,YES,00:00,23:59,
2024-05-30,DY001,NO,,,Scheduled Maintenance
2024-05-30,DY216,YES,00:00,23:59,
2024-05-30,DY246,YES,00:00,23:59,
2024-05-30,DY331,YES,00:00,23:59,
2024-05-30,DY346,YES,00:00,23:59,
2024-05-30,DY380,NO,,,Breakdown
2024-05-30,OH214,YES,00:00,23:59,
2024-05-30,OH254,YES,00:00,23:59,
2024-05-30,OH294,YES,00:00,23:59,
2024-05-30,OH384,YES,00:00,23:59,
2024-05-30,RA008,NO,,,In Use Elsewhere
2024-05-30,RA155,YES,00:00,23:59,
2024-05-30,RA162,YES,00:00,23:59,
2024-05-30,RA200,YES,00:00,23:59,
2024-05-30,RA238,YES,00:00,23:59,
2024-05-30,RA261,NO,,,In Use Elsewhere
2024-05-30,RA290,YES,00:00,23:59,
2024-05-30,TA120,YES,00:00,23:59,
2024-05-30,TA171,YES,00:00,23:59,
2024-05-30,TA205,YES,00:00,23:59,
2024-05-30,TO021,YES,00:00,23:59,
2024-05-30,TO351,YES,00:00,23:59,
2024-06-01,BA058,YES,00:00,23:59,
2024-06-01,BA208,YES,00:00,23:59,
2024-06-01,BA230,NO,,,Scheduled Maintenance
2024-06-01,DY040,YES,00:00,23:59,
2024-06-01,DY196,YES,00:00,23:59,
2024-06-01,DY251,YES,00:00,23:59,
2024-06-01,DY327,YES,00:00,23:59,
2024-06-01,DY346,YES,00:00,23:59,
2024-06-01,OH080,YES,00:00,23:59,
2024-06-01,OH092,YES,00:00,23:59,
2024-06-01,OH103,NO,,,In Use Elsewhere
2024-06-01,OH189,YES,00:00,23:59,
2024-06-01,OH384,NO,,,Breakdown
2024-06-01,RA192,YES,00:00,23:59,
2024-06-01,RA252,NO,,,Breakdown
2024-06-01,TO033,YES,00:00,23:59,
2024-06-01,TO047,YES,00:00,23:59,
2024-06-01,TO228,YES,00:00,23:59,
2024-06-01,TO288,NO,,,In Use Elsewhere
2024-06-01,TO335,YES,00:00,23:59,
2024-06-02,BA094,YES,00:00,23:59,
2024-06-02,BA110,YES,00:00,23:59,
2024-06-02,BA126,YES,00:00,23:59,
2024-06-02,BA247,YES,00:00,23:59,
2024-06-02,BA255,YES,00:00,23:59,
2024-06-02,BA274,YES,00:00,23:59,
2024-06-02,BA383,NO,,,Breakdown
2024-06-02,DY001,YES,00:00,23:59,
2024-06-02,DY157,YES,00:00,23:59,
2024-06-02,DY184,YES,00:00,23:59,
2024-06-02,DY262,YES,00:00,23:59,
2024-06-02,OH239,YES,00:00,23:59,
2024-06-02,OH245,YES,00:00,23:59,
2024-06-02,RA039,YES,00:00,23:59,
2024-06-02,RA206,NO,,,Scheduled Maintenance
2024-06-02,RA277,YES,00:00,23:59,
2024-06-02,TA005,YES,00:00,23:59,
2024-06-02,TA063,YES,00:00,23:59,
2024-06-02,TA068,YES,00:00,23:59,
2024-06-02,TA212,YES,00:00,23:59,
2024-06-02,TA341,YES,00:00,23:59,
2024-06-02,TO187,YES,00:00,23:59,
2024-06-02,TO257,YES,00:00,23:59,
2024-06-04,BA186,YES,00:00,23:59,
2024-06-04,DY040,YES,00:00,23:59,
2024-06-04,DY246,YES,00:00,23:59,
2024-06-04,DY369,YES,00:00,23:59,
2024-06-04,OH015,YES,00:00,23:59,
2024-06-04,OH296,YES,00:00,23:59,
2024-06-04,OH395,YES,00:00,23:59,
2024-06-04,RA051,YES,00:00,23:59,
2024-06-04,RA363,NO,,,Breakdown
2024-06-04,TA107,YES,00:00,23:59,
2024-06-04,TA118,YES,00:00,23:59,
2024-06-04,TO038,YES,00:00,23:59,
2024-06-04,TO047,NO,,,In Use Elsewhere
2024-06-04,TO146,YES,00:00,23:59,
2024-06-04,TO258,YES,00:00,23:59,
2024-06-05,BA102,YES,00:00,23:59,
2024-06-05,BA259,YES,00:00,23:59,
2024-06-05,BA344,YES,00:00,23:59,
2024-06-05,BA393,YES,00:00,23:59,
2024-06-05,DY070,YES,00:00,23:59,
2024-06-05,DY194,YES,00:00,23:59,
2024-06-05,DY315,YES,00:00,23:59,
2024-06-05,DY398,YES,00:00,23:59,
2024-06-05,OH076,NO,,,In Use Elsewhere
2024-06-05,OH083,YES,00:00,23:59,
2024-06-05,OH294,YES,00:00,23:59,
2024-06-05,OH318,YES,00:00,23:59,
2024-06-05,RA073,YES,00:00,23:59,
2024-06-05,RA162,YES,00:00,23:59,
2024-06-05,RA168,NO,,,Breakdown
2024-06-05,RA192,YES,00:00,23:59,
2024-06-05,RA261,YES,00:00,23:59,
2024-06-05,TA003,YES,00:00,23:59,
2024-06-05,TA120,YES,00:00,23:59,
2024-06-05,TA171,YES,00:00,23:59,
2024-06-05,TO002,YES,00:00,23:59,
2024-06-05,TO106,NO,,,Scheduled Maintenance
2024-06-05,TO257,YES,00:00,23:59,
2024-06-05,TO336,YES,00:00,23:59,
2024-06-06,BA042,YES,00:00,23:59,
2024-06-06,BA145,YES,00:00,23:59,
2024-06-06,BA185,YES,00:00,23:59,
2024-06-06,BA203,YES,00:00,23:59,
2024-06-06,DY237,NO,,,In Use Elsewhere
2024-06-06,DY345,YES,00:00,23:59,
2024-06-06,DY398,YES,00:00,23:59,
2024-06-06,OH023,YES,00:00,23:59,
2024-06-06,OH050,YES,00:00,23:59,
2024-06-06,OH103,YES,00:00,23:59,
2024-06-06,OH176,YES,00:00,23:59,
2024-06-06,OH207,YES,00:00,23:59,
2024-06-06,RA238,YES,00:00,23:59,
2024-06-06,RA400,YES,00:00,23:59,
2024-06-06,TA034,YES,00:00,23:59,
2024-06-06,TA269,YES,00:00,23:59,
2024-06-06,TO260,YES,00:00,23:59,
2024-06-07,BA042,YES,00:00,23:59,
2024-06-07,BA263,YES,00:00,23:59,
2024-06-07,DY001,YES,00:00,23:59,
2024-06-07,DY201,NO,,,In Use Elsewhere
2024-06-07,OH015,NO,,,Breakdown
2024-06-07,OH019,YES,00:00,23:59,
2024-06-07,OH077,YES,00:00,23:59,
2024-06-07,OH093,YES,00:00,23:59,
2024-06-07,OH125,YES,00:00,23:59,
2024-06-07,OH271,YES,00:00,23:59,
2024-06-07,RA177,YES,00:00,23:59,
2024-06-07,RA210,YES,00:00,23:59,
2024-06-07,TA154,YES,00:00,23:59,
2024-06-07,TA211,NO,,,Breakdown
2024-06-07,TA229,YES,00:00,23:59,
2024-06-07,TA292,YES,00:00,23:59,
2024-06-07,TO044,YES,00:00,23:59,
2024-06-07,TO047,YES,00:00,23:59,
2024-06-07,TO101,YES,00:00,23:59,
2024-06-07,TO123,YES,00:00,23:59,
2024-06-07,TO336,YES,00:00,23:59,
2024-06-07,TO350,YES,00:00,23:59,
2024-06-08,BA094,YES,00:00,23:59,
2024-06-08,BA104,YES,00:00,23:59,
2024-06-08,BA186,NO,,,In Use Elsewhere
2024-06-08,BA255,YES,00:00,23:59,
2024-06-08,DY004,YES,00:00,23:59,
2024-06-08,DY091,YES,00:00,23:59,
2024-06-08,DY169,NO,,,In Use Elsewhere
2024-06-08,DY194,YES,00:00,23:59,
2024-06-08,DY235,YES,00:00,23:59,
2024-06-08,DY345,YES,00:00,23:59,
2024-06-08,OH088,YES,00:00,23:59,
2024-06-08,OH176,YES,00:00,23:59,
2024-06-08,OH221,YES,00:00,23:59,
2024-06-08,OH366,YES,00:00,23:59,
2024-06-08,RA307,YES,00:00,23:59,
2024-06-08,RA391,YES,00:00,23:59,
2024-06-08,TA150,YES,00:00,23:59,
2024-06-08,TA154,YES,00:00,23:59,
2024-06-08,TA205,YES,00:00,23:59,
2024-06-08,TA218,YES,00:00,23:59,
2024-06-08,TA275,YES,00:00,23:59,
2024-06-08,TA302,YES,00:00,23:59,
2024-06-08,TO149,YES,00:00,23:59,
2024-06-09,BA042,YES,00:00,23:59,
2024-06-09,BA094,YES,00:00,23:59,
2024-06-09,BA208,YES,00:00,23:59,
2024-06-09,BA259,NO,,,In Use Elsewhere
2024-06-09,BA381,YES,00:00,23:59,
2024-06-09,DY057,NO,,,Scheduled Maintenance
2024-06-09,DY090,YES,00:00,23:59,
2024-06-09,DY235,YES,00:00,23:59,
2024-06-09,DY244,YES,00:00,23:59,
2024-06-09,DY346,YES,00:00,23:59,
2024-06-09,DY371,YES,00:00,23:59,
2024-06-09,DY398,YES,00:00,23:59,
2024-06-09,OH103,NO,,,Scheduled Maintenance
2024-06-09,OH333,YES,00:00,23:59,
2024-06-09,RA162,NO,,,In Use Elsewhere
2024-06-09,RA400,YES,00:00,23:59,
2024-06-09,TA068,YES,00:00,23:59,
2024-06-09,TA171,YES,00:00,23:59,
2024-06-09,TA361,YES,00:00,23:59,
2024-06-09,TA394,YES,00:00,23:59,
2024-06-09,TO243,YES,00:00,23:59,
2024-06-09,TO288,YES,00:00,23:59,
2024-06-09,TO330,YES,00:00,23:59,
2024-06-11,BA095,YES,00:00,23:59,
2024-06-11,BA113,YES,00:00,23:59,
2024-06-11,BA186,YES,00:00,23:59,
2024-06-11,BA255,YES,00:00,23:59,
2024-06-11,BA259,YES,00:00,23:59,
2024-06-11,DY201,YES,00:00,23:59,
2024-06-11,DY322,YES,00:00,23:59,
2024-06-11,OH088,YES,00:00,23:59,
2024-06-11,RA053,YES,00:00,23:59,
2024-06-11,RA231,YES,00:00,23:59,
2024-06-11,RA303,YES,00:00,23:59,
2024-06-11,RA337,YES,00:00,23:59,
2024-06-11,TA027,YES,00:00,23:59,
2024-06-11,TA131,YES,00:00,23:59,
2024-06-11,TA229,NO,,,Breakdown
2024-06-11,TA282,NO,,,In Use Elsewhere
2024-06-14,DY236,NO,,,Breakdown
2024-06-14,DY309,YES,00:00,23:59,
2024-06-14,DY346,YES,00:00,23:59,
2024-06-14,OH093,NO,,,In Use Elsewhere
2024-06-14,OH176,YES,00:00,23:59,
2024-06-14,OH182,YES,00:00,23:59,
2024-06-14,OH253,YES,00:00,23:59,
2024-06-14,RA081,YES,00:00,23:59,
2024-06-14,TA003,YES,00:00,23:59,
2024-06-14,TO020,YES,00:00,23:59,
2024-06-16,BA209,NO,,,Breakdown
2024-06-16,DY055,YES,00:00,23:59,
2024-06-16,DY143,YES,00:00,23:59,
2024-06-16,DY328,YES,00:00,23:59,
2024-06-16,DY331,YES,00:00,23:59,
2024-06-16,OH080,YES,00:00,23:59,
2024-06-16,OH366,YES,00:00,23:59,
2024-06-16,RA037,NO,,,In Use Elsewhere
2024-06-16,RA155,YES,00:00,23:59,
2024-06-16,RA241,YES,00:00,23:59,
2024-06-16,RA391,YES,00:00,23:59,
2024-06-16,TA003,YES,00:00,23:59,
2024-06-16,TA034,NO,,,Scheduled Maintenance
2024-06-16,TA108,YES,00:00,23:59,
2024-06-16,TA225,YES,00:00,23:59,
2024-06-16,TO032,NO,,,Scheduled Maintenance
2024-06-16,TO109,YES,00:00,23:59,
2024-06-16,TO330,YES,00:00,23:59,
2024-06-17,DY067,YES,00:00,23:59,
2024-06-17,DY132,YES,00:00,23:59,
2024-06-17,DY135,YES,00:00,23:59,
2024-06-17,DY235,YES,00:00,23:59,
2024-06-17,DY328,YES,00:00,23:59,
2024-06-17,DY399,YES,00:00,23:59,
2024-06-17,OH072,YES,00:00,23:59,
2024-06-17,OH086,YES,00:00,23:59,
2024-06-17,OH088,NO,,,Scheduled Maintenance
2024-06-17,OH239,YES,00:00,23:59,
2024-06-17,RA035,YES,00:00,23:59,
2024-06-17,RA087,YES,00:00,23:59,
2024-06-17,RA190,YES,00:00,23:59,
2024-06-17,RA252,YES,00:00,23:59,
2024-06-17,TA218,YES,00:00,23:59,
2024-06-17,TA341,YES,00:00,23:59,
2024-06-17,TO047,YES,00:00,23:59,
2024-06-17,TO129,NO,,,Breakdown
2024-06-18,BA058,YES,00:00,23:59,
2024-06-18,BA249,YES,00:00,23:59,
2024-06-18,DY105,YES,00:00,23:59,
2024-06-18,DY322,YES,00:00,23:59,
2024-06-18,DY328,NO,,,Scheduled Maintenance
2024-06-18,OH019,YES,00:00,23:59,
2024-06-18,OH160,YES,00:00,23:59,
2024-06-18,OH176,YES,00:00,23:59,
2024-06-18,OH294,NO,,,Scheduled Maintenance
2024-06-18,RA048,YES,00:00,23:59,
2024-06-18,TA054,YES,00:00,23:59,
2024-06-18,TA154,YES,00:00,23:59,
2024-06-18,TA289,YES,00:00,23:59,
2024-06-18,TO101,YES,00:00,23:59,
2024-06-18,TO187,YES,00:00,23:59,
2024-06-18,TO243,NO,,,Breakdown
2024-06-19,BA293,YES,00:00,23:59,
2024-06-19,BA377,YES,00:00,23:59,
2024-06-19,DY105,YES,00:00,23:59,
2024-06-19,DY345,YES,00:00,23:59,
2024-06-19,DY371,YES,00:00,23:59,
2024-06-19,OH195,YES,00:00,23:59,
2024-06-19,TA226,YES,00:00,23:59,
2024-06-19,TA396,YES,00:00,23:59,
2024-06-19,TO288,YES,00:00,23:59,
2024-06-21,BA022,NO,,,Scheduled Maintenance
2024-06-21,BA314,NO,,,In Use Elsewhere
2024-06-21,DY004,YES,00:00,23:59,
2024-06-21,DY096,YES,00:00,23:59,
2024-06-21,DY327,NO,,,Breakdown
2024-06-21,DY346,NO,,,In Use Elsewhere
2024-06-21,OH026,YES,00:00,23:59,
2024-06-21,OH046,YES,00:00,23:59,
2024-06-21,OH082,YES,00:00,23:59,
2024-06-21,OH254,YES,00:00,23:59,
2024-06-21,RA029,YES,00:00,23:59,
2024-06-21,RA119,NO,,,Scheduled Maintenance
2024-06-21,RA164,YES,00:00,23:59,
2024-06-21,RA385,YES,00:00,23:59,
2024-06-21,TA212,YES,00:00,23:59,
2024-06-21,TA283,YES,00:00,23:59,
2024-06-21,TA341,YES,00:00,23:59,
2024-06-21,TO038,YES,00:00,23:59,
2024-06-21,TO109,YES,00:00,23:59,
2024-06-22,BA022,YES,00:00,23:59,
2024-06-22,BA042,YES,00:00,23:59,
2024-06-22,BA058,NO,,,Breakdown
2024-06-22,BA079,NO,,,Breakdown
2024-06-22,BA304,YES,00:00,23:59,
2024-06-22,DY040,YES,00:00,23:59,
2024-06-22,DY132,YES,00:00,23:59,
2024-06-22,DY133,NO,,,Scheduled Maintenance
2024-06-22,DY244,YES,00:00,23:59,
2024-06-22,OH395,YES,00:00,23:59,
2024-06-22,TO364,YES,00:00,23:59,
2024-06-23,BA144,YES,00:00,23:59,
2024-06-23,BA188,YES,00:00,23:59,
2024-06-23,BA208,YES,00:00,23:59,
2024-06-23,BA242,YES,00:00,23:59,
2024-06-23,BA255,YES,00:00,23:59,
2024-06-23,BA297,YES,00:00,23:59,
2024-06-23,BA324,YES,00:00,23:59,
2024-06-23,BA332,NO,,,In Use Elsewhere
2024-06-23,DY090,NO,,,Scheduled Maintenance
2024-06-23,DY180,NO,,,In Use Elsewhere
2024-06-23,DY321,YES,00:00,23:59,
2024-06-23,OH173,YES,00:00,23:59,
2024-06-23,OH253,YES,00:00,23:59,
2024-06-23,OH382,YES,00:00,23:59,
2024-06-23,RA073,YES,00:00,23:59,
2024-06-23,RA139,YES,00:00,23:59,
2024-06-23,RA198,YES,00:00,23:59,
2024-06-23,RA231,YES,00:00,23:59,
2024-06-23,RA308,YES,00:00,23:59,
2024-06-23,RA367,YES,00:00,23:59,
2024-06-23,TA054,YES,00:00,23:59,
2024-06-23,TA098,YES,00:00,23:59,
2024-06-23,TA148,YES,00:00,23:59,
2024-06-23,TA205,YES,00:00,23:59,
2024-06-23,TA289,YES,00:00,23:59,
2024-06-23,TO021,NO,,,Breakdown
2024-06-23,TO047,NO,,,Scheduled Maintenance
2024-06-23,TO100,YES,00:00,23:59,
2024-06-23,TO364,YES,00:00,23:59,
2024-06-24,BA159,YES,00:00,23:59,
2024-06-24,BA293,YES,00:00,23:59,
2024-06-24,BA355,YES,00:00,23:59,
2024-06-24,DY040,YES,00:00,23:59,
2024-06-24,DY138,YES,00:00,23:59,
2024-06-24,DY201,NO,,,Breakdown
2024-06-24,DY331,YES,00:00,23:59,
2024-06-24,OH007,NO,,,In Use Elsewhere
2024-06-24,OH125,YES,00:00,23:59,
2024-06-24,OH221,NO,,,Breakdown
2024-06-24,OH239,YES,00:00,23:59,
2024-06-24,OH318,YES,00:00,23:59,
2024-06-24,OH359,YES,00:00,23:59,
2024-06-24,OH390,YES,00:00,23:59,
2024-06-24,RA156,YES,00:00,23:59,
2024-06-24,RA241,NO,,,In Use Elsewhere
2024-06-24,RA360,YES,00:00,23:59,
2024-06-24,TA027,NO,,,Scheduled Maintenance
2024-06-24,TA063,YES,00:00,23:59,
2024-06-24,TO112,YES,00:00,23:59,
2024-06-25,BA113,YES,00:00,23:59,
2024-06-25,BA348,NO,,,In Use Elsewhere
2024-06-25,BA355,YES,00:00,23:59,
2024-06-25,DY061,NO,,,In Use Elsewhere
2024-06-25,DY138,NO,,,In Use Elsewhere
2024-06-25,DY196,YES,00:00,23:59,
2024-06-25,DY232,YES,00:00,23:59,
2024-06-25,DY246,YES,00:00,23:59,
2024-06-25,OH019,YES,00:00,23:59,
2024-06-25,OH076,YES,00:00,23:59,
2024-06-25,OH086,YES,00:00,23:59,
2024-06-25,OH093,YES,00:00,23:59,
2024-06-25,OH313,NO,,,Scheduled Maintenance
2024-06-25,RA198,YES,00:00,23:59,
2024-06-25,RA340,NO,,,In Use Elsewhere
2024-06-25,RA354,NO,,,Breakdown
2024-06-25,TA065,YES,00:00,23:59,
2024-06-25,TO109,YES,00:00,23:59,
2024-06-25,TO175,YES,00:00,23:59,
2024-06-25,TO223,YES,00:00,23:59,
2024-06-25,TO267,YES,00:00,23:59,
2024-06-26,BA127,YES,00:00,23:59,
2024-06-26,BA300,NO,,,Scheduled Maintenance
2024-06-26,DY012,YES,00:00,23:59,
2024-06-26,DY133,YES,00:00,23:59,
2024-06-26,DY152,NO,,,In Use Elsewhere
2024-06-26,DY237,YES,00:00,23:59,
2024-06-26,DY328,YES,00:00,23:59,
2024-06-26,OH071,YES,00:00,23:59,
2024-06-26,OH125,YES,00:00,23:59,
2024-06-26,OH160,NO,,,In Use Elsewhere
2024-06-26,OH191,YES,00:00,23:59,
2024-06-26,OH254,NO,,,In Use Elsewhere
2024-06-26,OH372,YES,00:00,23:59,
2024-06-26,RA273,YES,00:00,23:59,
2024-06-26,RA337,YES,00:00,23:59,
2024-06-26,TA089,YES,00:00,23:59,
2024-06-26,TO002,YES,00:00,23:59,
2024-06-26,TO106,YES,00:00,23:59,
2024-06-26,TO223,YES,00:00,23:59,
2024-06-26,TO258,NO,,,In Use Elsewhere
2024-06-29,BA151,YES,00:00,23:59,
2024-06-29,BA203,YES,00:00,23:59,
2024-06-29,BA314,YES,00:00,23:59,
2024-06-29,DY040,YES,00:00,23:59,
2024-06-29,DY090,YES,00:00,23:59,
2024-06-29,DY122,YES,00:00,23:59,
2024-06-29,DY196,YES,00:00,23:59,
2024-06-29,DY319,YES,00:00,23:59,
2024-06-29,OH311,YES,00:00,23:59,
2024-06-29,RA073,YES,00:00,23:59,
2024-06-29,RA354,YES,00:00,23:59,
2024-06-29,TA275,YES,00:00,23:59,
2024-06-29,TO149,YES,00:00,23:59,
2024-06-29,TO179,YES,00:00,23:59,
2024-06-29,TO193,YES,00:00,23:59,
2024-06-29,TO364,YES,00:00,23:59,
2024-07-01,BA016,YES,00:00,23:59,
2024-07-01,BA110,NO,,,In Use Elsewhere
2024-07-01,BA209,YES,00:00,23:59,
2024-07-01,BA299,YES,00:00,23:59,
2024-07-01,BA323,YES,00:00,23:59,
2024-07-01,DY090,YES,00:00,23:59,
2024-07-01,DY115,YES,00:00,23:59,
2024-07-01,DY217,YES,00:00,23:59,
2024-07-01,DY322,YES,00:00,23:59,
2024-07-01,OH254,YES,00:00,23:59,
2024-07-01,OH352,YES,00:00,23:59,
2024-07-01,RA252,YES,00:00,23:59,
2024-07-01,TA078,YES,00:00,23:59,
2024-07-01,TA120,YES,00:00,23:59,
2024-07-01,TA233,YES,00:00,23:59,
2024-07-01,TO112,NO,,,Scheduled Maintenance
2024-07-01,TO350,YES,00:00,23:59,
2024-07-02,BA117,YES,00:00,23:59,
2024-07-02,BA126,YES,00:00,23:59,
2024-07-02,BA314,YES,00:00,23:59,
2024-07-02,BA324,YES,00:00,23:59,
2024-07-02,BA355,YES,00:00,23:59,
2024-07-02,DY001,YES,00:00,23:59,
2024-07-02,DY194,YES,00:00,23:59,
2024-07-02,DY236,YES,00:00,23:59,
2024-07-02,DY369,YES,00:00,23:59,
2024-07-02,OH182,YES,00:00,23:59,
2024-07-02,OH301,YES,00:00,23:59,
2024-07-02,RA231,YES,00:00,23:59,
2024-07-02,RA340,YES,00:00,23:59,
2024-07-02,RA388,YES,00:00,23:59,
2024-07-02,TA108,YES,00:00,23:59,
2024-07-02,TA211,YES,00:00,23:59,
2024-07-02,TO106,NO,,,Scheduled Maintenance
2024-07-02,TO175,YES,00:00,23:59,
2024-07-02,TO187,YES,00:00,23:59,
2024-07-02,TO258,YES,00:00,23:59,
2024-07-03,BA188,YES,00:00,23:59,
2024-07-03,BA266,YES,00:00,23:59,
2024-07-03,BA274,YES,00:00,23:59,
2024-07-03,DY135,YES,00:00,23:59,
2024-07-03,DY157,YES,00:00,23:59,
2024-07-03,DY327,YES,00:00,23:59,
2024-07-03,OH019,YES,00:00,23:59,
2024-07-03,OH214,NO,,,In Use Elsewhere
2024-07-03,OH301,YES,00:00,23:59,
2024-07-03,OH382,YES,00:00,23:59,
2024-07-03,OH395,YES,00:00,23:59,
2024-07-03,RA013,YES,00:00,23:59,
2024-07-03,RA156,YES,00:00,23:59,
2024-07-03,RA172,NO,,,In Use Elsewhere
2024-07-03,RA231,YES,00:00,23:59,
2024-07-03,RA307,YES,00:00,23:59,
2024-07-03,RA397,YES,00:00,23:59,
2024-07-03,TA036,YES,00:00,23:59,
2024-07-03,TA099,NO,,,In Use Elsewhere
2024-07-03,TA131,YES,00:00,23:59,
2024-07-03,TA215,YES,00:00,23:59,
2024-07-03,TA341,YES,00:00,23:59,
2024-07-03,TO100,YES,00:00,23:59,
2024-07-03,TO326,YES,00:00,23:59,
2024-07-04,BA042,YES,00:00,23:59,
2024-07-04,BA144,YES,00:00,23:59,
2024-07-04,BA174,NO,,,Scheduled Maintenance
2024-07-04,BA185,YES,00:00,23:59,
2024-07-04,DY061,YES,00:00,23:59,
2024-07-04,DY133,YES,00:00,23:59,
2024-07-04,DY169,YES,00:00,23:59,
2024-07-04,DY236,YES,00:00,23:59,
2024-07-04,DY251,YES,00:00,23:59,
2024-07-04,OH006,YES,00:00,23:59,
2024-07-04,OH059,YES,00:00,23:59,
2024-07-04,RA029,NO,,,In Use Elsewhere
2024-07-04,RA053,NO,,,Breakdown
2024-07-04,RA116,YES,00:00,23:59,
2024-07-04,RA286,YES,00:00,23:59,
2024-07-04,TA227,YES,00:00,23:59,
2024-07-04,TA291,NO,,,Scheduled Maintenance
2024-07-04,TO041,YES,00:00,23:59,
2024-07-05,BA016,YES,00:00,23:59,
2024-07-05,BA079,YES,00:00,23:59,
2024-07-05,BA145,YES,00:00,23:59,
2024-07-05,BA293,YES,00:00,23:59,
2024-07-05,BA304,YES,00:00,23:59,
2024-07-05,BA323,YES,00:00,23:59,
2024-07-05,DY105,YES,00:00,23:59,
2024-07-05,DY161,YES,00:00,23:59,
2024-07-05,DY180,NO,,,Breakdown
2024-07-05,DY319,NO,,,Scheduled Maintenance
2024-07-05,RA053,NO,,,In Use Elsewhere
2024-07-05,RA087,YES,00:00,23:59,
2024-07-05,RA238,NO,,,Scheduled Maintenance
2024-07-05,RA306,YES,00:00,23:59,
2024-07-05,TA078,YES,00:00,23:59,
2024-07-05,TA341,YES,00:00,23:59,
2024-07-05,TO002,YES,00:00,23:59,
2024-07-05,TO350,YES,00:00,23:59,
2024-07-08,BA159,NO,,,Scheduled Maintenance
2024-07-08,BA324,NO,,,Scheduled Maintenance
2024-07-08,DY017,YES,00:00,23:59,
2024-07-08,DY070,YES,00:00,23:59,
2024-07-08,DY096,YES,00:00,23:59,
2024-07-08,DY121,YES,00:00,23:59,
2024-07-08,DY232,YES,00:00,23:59,
2024-07-08,DY236,YES,00:00,23:59,
2024-07-08,DY322,YES,00:00,23:59,
2024-07-08,DY398,YES,00:00,23:59,
2024-07-08,OH006,YES,00:00,23:59,
2024-07-08,OH015,YES,00:00,23:59,
2024-07-08,OH071,NO,,,In Use Elsewhere
2024-07-08,OH072,YES,00:00,23:59,
2024-07-08,OH253,YES,00:00,23:59,
2024-07-08,OH294,YES,00:00,23:59,
2024-07-08,OH359,NO,,,Breakdown
2024-07-08,RA156,YES,00:00,23:59,
2024-07-08,RA387,YES,00:00,23:59,
2024-07-08,TA269,NO,,,In Use Elsewhere
2024-07-08,TA396,YES,00:00,23:59,
2024-07-08,TO056,NO,,,In Use Elsewhere
2024-07-08,TO202,YES,00:00,23:59,
2024-07-09,BA095,YES,00:00,23:59,
2024-07-09,BA185,YES,00:00,23:59,
2024-07-09,DY004,YES,00:00,23:59,
2024-07-09,DY169,NO,,,Breakdown
2024-07-09,DY322,YES,00:00,23:59,
2024-07-09,DY392,YES,00:00,23:59,
2024-07-09,OH130,YES,00:00,23:59,
2024-07-09,OH207,YES,00:00,23:59,
2024-07-09,RA011,YES,00:00,23:59,
2024-07-09,RA162,YES,00:00,23:59,
2024-07-09,RA190,YES,00:00,23:59,
2024-07-09,TA074,YES,00:00,23:59,
2024-07-09,TA147,YES,00:00,23:59,
2024-07-09,TA154,YES,00:00,23:59,
2024-07-09,TO021,YES,00:00,23:59,
2024-07-09,TO041,YES,00:00,23:59,
2024-07-09,TO243,YES,00:00,23:59,
2024-07-09,TO260,YES,00:00,23:59,
2024-07-10,BA209,YES,00:00,23:59,
2024-07-10,BA300,YES,00:00,23:59,
2024-07-10,BA304,YES,00:00,23:59,
2024-07-10,BA332,NO,,,In Use Elsewhere
2024-07-10,DY067,YES,00:00,23:59,
2024-07-10,DY122,YES,00:00,23:59,
2024-07-10,DY161,NO,,,Breakdown
2024-07-10,DY315,NO,,,Breakdown
2024-07-10,DY380,YES,00:00,23:59,
2024-07-10,OH023,YES,00:00,23:59,
2024-07-10,OH318,YES,00:00,23:59,
2024-07-10,RA204,YES,00:00,23:59,
2024-07-10,RA240,YES,00:00,23:59,
2024-07-10,RA268,YES,00:00,23:59,
2024-07-10,RA308,YES,00:00,23:59,
2024-07-10,RA337,YES,00:00,23:59,
2024-07-10,TA005,YES,00:00,23:59,
2024-07-10,TA150,YES,00:00,23:59,
2024-07-10,TA225,NO,,,Scheduled Maintenance
2024-07-10,TA310,YES,00:00,23:59,
2024-07-10,TO129,YES,00:00,23:59,
2024-07-10,TO179,NO,,,Scheduled Maintenance
2024-07-10,TO202,YES,00:00,23:59,
2024-07-11,BA097,YES,00:00,23:59,
2024-07-11,BA126,YES,00:00,23:59,
2024-07-11,BA185,YES,00:00,23:59,
2024-07-11,BA266,YES,00:00,23:59,
2024-07-11,BA332,YES,00:00,23:59,
2024-07-11,BA342,YES,00:00,23:59,
2024-07-11,DY040,YES,00:00,23:59,
2024-07-11,DY061,YES,00:00,23:59,
2024-07-11,DY121,YES,00:00,23:59,
2024-07-11,OH197,YES,00:00,23:59,
2024-07-11,RA172,YES,00:00,23:59,
2024-07-11,RA252,YES,00:00,23:59,
2024-07-11,RA286,YES,00:00,23:59,
2024-07-11,RA308,YES,00:00,23:59,
2024-07-11,TA005,YES,00:00,23:59,
2024-07-11,TA049,NO,,,In Use Elsewhere
2024-07-11,TA063,YES,00:00,23:59,
2024-07-11,TA074,YES,00:00,23:59,
2024-07-11,TA205,YES,00:00,23:59,
2024-07-11,TA215,NO,,,Breakdown
2024-07-11,TA220,YES,00:00,23:59,
2024-07-11,TA275,YES,00:00,23:59,
2024-07-11,TA361,YES,00:00,23:59,
2024-07-11,TO009,YES,00:00,23:59,
2024-07-11,TO028,YES,00:00,23:59,
2024-07-11,TO101,YES,00:00,23:59,
2024-07-11,TO123,YES,00:00,23:59,
2024-07-11,TO326,YES,00:00,23:59,
2024-07-14,BA144,YES,00:00,23:59,
2024-07-14,BA304,YES,00:00,23:59,
2024-07-14,BA377,YES,00:00,23:59,
2024-07-14,DY132,YES,00:00,23:59,
2024-07-14,DY138,YES,00:00,23:59,
2024-07-14,DY392,YES,00:00,23:59,
2024-07-14,OH191,YES,00:00,23:59,
2024-07-14,RA035,NO,,,In Use Elsewhere
2024-07-14,RA114,YES,00:00,23:59,
2024-07-14,RA164,YES,00:00,23:59,
2024-07-14,RA373,YES,00:00,23:59,
2024-07-14,TA131,YES,00:00,23:59,
2024-07-14,TA171,NO,,,In Use Elsewhere
2024-07-14,TA222,NO,,,In Use Elsewhere
2024-07-14,TO193,YES,00:00,23:59,
2024-07-14,TO250,YES,00:00,23:59,
2024-07-16,BA069,NO,,,Breakdown
2024-07-16,BA084,YES,00:00,23:59,
2024-07-16,BA188,YES,00:00,23:59,
2024-07-16,BA297,YES,00:00,23:59,
2024-07-16,BA393,YES,00:00,23:59,
2024-07-16,DY122,YES,00:00,23:59,
2024-07-16,DY181,YES,00:00,23:59,
2024-07-16,DY279,YES,00:00,23:59,
2024-07-16,DY319,NO,,,Breakdown
2024-07-16,OH019,YES,00:00,23:59,
2024-07-16,OH026,YES,00:00,23:59,
2024-07-16,OH092,YES,00:00,23:59,
2024-07-16,OH214,YES,00:00,23:59,
2024-07-16,OH311,YES,00:00,23:59,
2024-07-16,TA003,YES,00:00,23:59,
2024-07-16,TA120,YES,00:00,23:59,
2024-07-16,TA131,YES,00:00,23:59,
2024-07-16,TO193,YES,00:00,23:59,
2024-07-16,TO330,YES,00:00,23:59,
2024-07-17,BA016,YES,00:00,23:59,
2024-07-17,BA042,YES,00:00,23:59,
2024-07-17,DY004,YES,00:00,23:59,
2024-07-17,DY045,YES,00:00,23:59,
2024-07-17,DY132,YES,00:00,23:59,
2024-07-17,DY135,YES,00:00,23:59,
2024-07-17,RA011,NO,,,Scheduled Maintenance
2024-07-17,RA043,YES,00:00,23:59,
2024-07-17,RA206,YES,00:00,23:59,
2024-07-17,RA277,YES,00:00,23:59,
2024-07-17,RA334,YES,00:00,23:59,
2024-07-17,TA361,YES,00:00,23:59,
2024-07-17,TO112,YES,00:00,23:59,
2024-07-17,TO305,YES,00:00,23:59,
2024-07-18,BA102,YES,00:00,23:59,
2024-07-18,BA151,YES,00:00,23:59,
2024-07-18,BA188,YES,00:00,23:59,
2024-07-18,DY181,YES,00:00,23:59,
2024-07-18,DY380,YES,00:00,23:59,
2024-07-18,OH093,NO,,,Scheduled Maintenance
2024-07-18,OH197,NO,,,In Use Elsewhere
2024-07-18,OH221,YES,00:00,23:59,
2024-07-18,OH372,YES,00:00,23:59,
2024-07-18,RA136,YES,00:00,23:59,
2024-07-18,RA240,NO,,,Breakdown
2024-07-18,TA361,YES,00:00,23:59,
2024-07-18,TO101,YES,00:00,23:59,
2024-07-18,TO228,YES,00:00,23:59,
2024-07-18,TO335,YES,00:00,23:59,
2024-07-20,BA383,YES,00:00,23:59,
2024-07-20,DY012,YES,00:00,23:59,
2024-07-20,DY057,YES,00:00,23:59,
2024-07-20,DY216,YES,00:00,23:59,
2024-07-20,DY244,YES,00:00,23:59,
2024-07-20,DY251,YES,00:00,23:59,
2024-07-20,DY374,YES,00:00,23:59,
2024-07-20,OH019,YES,00:00,23:59,
2024-07-20,OH086,YES,00:00,23:59,
2024-07-20,OH239,NO,,,Scheduled Maintenance
2024-07-20,OH347,YES,00:00,23:59,
2024-07-20,RA295,YES,00:00,23:59,
2024-07-20,TA036,YES,00:00,23:59,
2024-07-20,TA068,YES,00:00,23:59,
2024-07-20,TA226,YES,00:00,23:59,
2024-07-20,TA283,NO,,,In Use Elsewhere
2024-07-20,TO009,YES,00:00,23:59,
2024-07-21,BA128,YES,00:00,23:59,
2024-07-21,DY143,YES,00:00,23:59,
2024-07-21,DY345,YES,00:00,23:59,
2024-07-21,DY399,NO,,,Breakdown
2024-07-21,OH183,YES,00:00,23:59,
2024-07-21,OH191,YES,00:00,23:59,
2024-07-21,RA048,YES,00:00,23:59,
2024-07-21,RA062,YES,00:00,23:59,
2024-07-21,RA114,NO,,,Scheduled Maintenance
2024-07-21,RA252,YES,00:00,23:59,
2024-07-21,RA376,YES,00:00,23:59,
2024-07-21,TA068,YES,00:00,23:59,
2024-07-21,TA098,YES,00:00,23:59,
2024-07-21,TA218,YES,00:00,23:59,
2024-07-21,TA227,YES,00:00,23:59,
2024-07-21,TA310,YES,00:00,23:59,
2024-07-21,TO187,YES,00:00,23:59,
2024-07-22,BA113,NO,,,In Use Elsewhere
2024-07-22,BA126,YES,00:00,23:59,
2024-07-22,BA144,YES,00:00,23:59,
2024-07-22,DY152,YES,00:00,23:59,
2024-07-22,DY319,NO,,,Scheduled Maintenance
2024-07-22,DY374,YES,00:00,23:59,
2024-07-22,OH092,YES,00:00,23:59,
2024-07-22,OH195,YES,00:00,23:59,
2024-07-22,OH366,YES,00:00,23:59,
2024-07-22,OH384,YES,00:00,23:59,
2024-07-22,RA210,YES,00:00,23:59,
2024-07-22,TA078,NO,,,In Use Elsewhere
2024-07-22,TA225,YES,00:00,23:59,
2024-07-22,TA325,YES,00:00,23:59,
2024-07-22,TO193,YES,00:00,23:59,
2024-07-22,TO272,NO,,,Scheduled Maintenance
2024-07-22,TO287,YES,00:00,23:59,
2024-07-22,TO326,NO,,,Breakdown
2024-07-23,BA066,YES,00:00,23:59,
2024-07-23,BA170,YES,00:00,23:59,
2024-07-23,BA314,YES,00:00,23:59,
2024-07-23,BA342,YES,00:00,23:59,
2024-07-23,BA349,YES,00:00,23:59,
2024-07-23,BA386,YES,00:00,23:59,
2024-07-23,DY067,YES,00:00,23:59,
2024-07-23,DY091,YES,00:00,23:59,
2024-07-23,DY236,YES,00:00,23:59,
2024-07-23,DY321,NO,,,Breakdown
2024-07-23,DY371,YES,00:00,23:59,
2024-07-23,DY399,YES,00:00,23:59,
2024-07-23,OH015,YES,00:00,23:59,
2024-07-23,OH088,YES,00:00,23:59,
2024-07-23,OH158,NO,,,Scheduled Maintenance
2024-07-23,OH312,YES,00:00,23:59,
2024-07-23,OH384,YES,00:00,23:59,
2024-07-23,RA024,YES,00:00,23:59,
2024-07-23,RA048,YES,00:00,23:59,
2024-07-23,RA340,YES,00:00,23:59,
2024-07-23,RA376,YES,00:00,23:59,
2024-07-23,RA387,YES,00:00,23:59,
2024-07-23,TA118,YES,00:00,23:59,
2024-07-23,TO021,YES,00:00,23:59,
2024-07-23,TO041,YES,00:00,23:59,
2024-07-23,TO100,YES,00:00,23:59,
2024-07-23,TO350,YES,00:00,23:59,
2024-07-23,TO364,YES,00:00,23:59,
2024-07-25,BA084,YES,00:00,23:59,
2024-07-25,BA097,YES,00:00,23:59,
2024-07-25,BA159,YES,00:00,23:59,
2024-07-25,BA208,YES,00:00,23:59,
2024-07-25,BA299,YES,00:00,23:59,
2024-07-25,BA383,YES,00:00,23:59,
2024-07-25,RA008,YES,00:00,23:59,
2024-07-25,RA011,YES,00:00,23:59,
2024-07-25,RA337,YES,00:00,23:59,
2024-07-25,TA098,YES,00:00,23:59,
2024-07-25,TA264,NO,,,Scheduled Maintenance
2024-07-25,TA289,YES,00:00,23:59,
2024-07-25,TO260,YES,00:00,23:59,
2024-07-25,TO287,YES,00:00,23:59,
2024-07-27,DY060,YES,00:00,23:59,
2024-07-27,DY224,YES,00:00,23:59,
2024-07-27,DY232,YES,00:00,23:59,
2024-07-27,DY398,YES,00:00,23:59,
2024-07-27,OH059,YES,00:00,23:59,
2024-07-27,OH130,YES,00:00,23:59,
2024-07-27,OH182,YES,00:00,23:59,
2024-07-27,OH213,NO,,,Breakdown
2024-07-27,OH368,YES,00:00,23:59,
2024-07-27,RA008,YES,00:00,23:59,
2024-07-27,RA048,YES,00:00,23:59,
2024-07-27,RA136,YES,00:00,23:59,
2024-07-27,RA163,NO,,,Scheduled Maintenance
2024-07-27,RA198,YES,00:00,23:59,
2024-07-27,RA273,YES,00:00,23:59,
2024-07-27,RA308,YES,00:00,23:59,
2024-07-27,RA363,YES,00:00,23:59,
2024-07-27,TA065,YES,00:00,23:59,
2024-07-27,TA131,YES,00:00,23:59,
2024-07-27,TO056,YES,00:00,23:59,
2024-07-27,TO100,YES,00:00,23:59,
2024-07-28,BA266,YES,00:00,23:59,
2024-07-28,BA314,NO,,,In Use Elsewhere
2024-07-28,BA323,YES,00:00,23:59,
2024-07-28,BA393,YES,00:00,23:59,
2024-07-28,DY060,YES,00:00,23:59,
2024-07-28,DY152,NO,,,In Use Elsewhere
2024-07-28,DY196,YES,00:00,23:59,
2024-07-28,DY216,YES,00:00,23:59,
2024-07-28,DY219,YES,00:00,23:59,
2024-07-28,DY315,YES,00:00,23:59,
2024-07-28,DY392,NO,,,In Use Elsewhere
2024-07-28,OH025,YES,00:00,23:59,
2024-07-28,OH072,YES,00:00,23:59,
2024-07-28,OH338,YES,00:00,23:59,
2024-07-28,RA163,YES,00:00,23:59,
2024-07-28,RA303,YES,00:00,23:59,
2024-07-28,TA054,YES,00:00,23:59,
2024-07-28,TA154,YES,00:00,23:59,
2024-07-28,TA199,YES,00:00,23:59,
2024-07-28,TA269,YES,00:00,23:59,
2024-07-28,TA310,YES,00:00,23:59,
2024-07-29,BA113,YES,00:00,23:59,
2024-07-29,BA153,YES,00:00,23:59,
2024-07-29,BA174,YES,00:00,23:59,
2024-07-29,BA188,YES,00:00,23:59,
2024-07-29,BA263,YES,00:00,23:59,
2024-07-29,BA332,YES,00:00,23:59,
2024-07-29,DY070,YES,00:00,23:59,
2024-07-29,DY115,YES,00:00,23:59,
2024-07-29,DY399,NO,,,In Use Elsewhere
2024-07-29,OH006,YES,00:00,23:59,
2024-07-29,OH134,YES,00:00,23:59,
2024-07-29,OH253,YES,00:00,23:59,
2024-07-29,RA168,YES,00:00,23:59,
2024-07-29,RA177,YES,00:00,23:59,
2024-07-29,RA261,YES,00:00,23:59,
2024-07-29,RA276,YES,00:00,23:59,
2024-07-29,RA295,YES,00:00,23:59,
2024-07-29,TA005,YES,00:00,23:59,
2024-07-29,TA285,YES,00:00,23:59,
2024-07-29,TA310,NO,,,In Use Elsewhere
2024-07-29,TO109,YES,00:00,23:59,
2024-07-30,BA016,YES,00:00,23:59,
2024-07-30,BA058,YES,00:00,23:59,
2024-07-30,BA126,YES,00:00,23:59,
2024-07-30,BA127,NO,,,Scheduled Maintenance
2024-07-30,BA174,YES,00:00,23:59,
2024-07-30,DY398,YES,00:00,23:59,
2024-07-30,OH071,YES,00:00,23:59,
2024-07-30,RA164,NO,,,Scheduled Maintenance
2024-07-30,RA190,YES,00:00,23:59,
2024-07-30,RA234,YES,00:00,23:59,
2024-07-30,RA261,YES,00:00,23:59,
2024-07-30,RA265,YES,00:00,23:59,
2024-07-30,TA049,YES,00:00,23:59,
2024-07-30,TA148,NO,,,Scheduled Maintenance
2024-07-30,TA310,NO,,,In Use Elsewhere
2024-07-30,TO202,YES,00:00,23:59,
2024-08-02,BA383,YES,00:00,23:59,
2024-08-02,DY001,YES,00:00,23:59,
2024-08-02,DY105,YES,00:00,23:59,
2024-08-02,DY152,YES,00:00,23:59,
2024-08-02,DY237,YES,00:00,23:59,
2024-08-02,OH382,YES,00:00,23:59,
2024-08-02,OH384,YES,00:00,23:59,
2024-08-02,RA119,YES,00:00,23:59,
2024-08-02,RA234,NO,,,In Use Elsewhere
2024-08-02,RA306,YES,00:00,23:59,
2024-08-02,RA334,YES,00:00,23:59,
2024-08-02,TA054,YES,00:00,23:59,
2024-08-02,TA078,NO,,,Breakdown
2024-08-02,TA225,YES,00:00,23:59,
2024-08-02,TA226,NO,,,In Use Elsewhere
2024-08-02,TA229,NO,,,Breakdown
2024-08-02,TO028,NO,,,Scheduled Maintenance
2024-08-02,TO187,YES,00:00,23:59,
2024-08-02,TO202,YES,00:00,23:59,
2024-08-02,TO316,YES,00:00,23:59,
2024-08-02,TO364,YES,00:00,23:59,
2024-08-03,BA104,YES,00:00,23:59,
2024-08-03,BA145,YES,00:00,23:59,
2024-08-03,BA203,NO,,,Breakdown
2024-08-03,BA249,YES,00:00,23:59,
2024-08-03,BA263,NO,,,Breakdown
2024-08-03,BA332,YES,00:00,23:59,
2024-08-03,BA358,YES,00:00,23:59,
2024-08-03,BA386,YES,00:00,23:59,
2024-08-03,DY012,YES,00:00,23:59,
2024-08-03,DY194,YES,00:00,23:59,
2024-08-03,DY321,YES,00:00,23:59,
2024-08-03,DY327,YES,00:00,23:59,
2024-08-03,OH134,YES,00:00,23:59,
2024-08-03,OH173,YES,00:00,23:59,
2024-08-03,RA062,YES,00:00,23:59,
2024-08-03,RA155,YES,00:00,23:59,
2024-08-03,RA252,YES,00:00,23:59,
2024-08-03,RA388,YES,00:00,23:59,
2024-08-03,TA099,NO,,,In Use Elsewhere
2024-08-03,TO187,NO,,,Breakdown
2024-08-03,TO267,YES,00:00,23:59,
2024-08-05,BA079,YES,00:00,23:59,
2024-08-05,BA170,YES,00:00,23:59,
2024-08-05,BA377,YES,00:00,23:59,
2024-08-05,DY017,YES,00:00,23:59,
2024-08-05,DY178,YES,00:00,23:59,
2024-08-05,DY309,YES,00:00,23:59,
2024-08-05,DY392,YES,00:00,23:59,
2024-08-05,OH046,YES,00:00,23:59,
2024-08-05,OH221,YES,00:00,23:59,
2024-08-05,OH253,YES,00:00,23:59,
2024-08-05,OH390,YES,00:00,23:59,
2024-08-05,OH395,YES,00:00,23:59,
2024-08-05,RA116,YES,00:00,23:59,
2024-08-05,RA276,YES,00:00,23:59,
2024-08-05,TA118,YES,00:00,23:59,
2024-08-05,TA137,YES,00:00,23:59,
2024-08-05,TA147,YES,00:00,23:59,
2024-08-05,TA229,YES,00:00,23:59,
2024-08-05,TA285,YES,00:00,23:59,
2024-08-05,TA292,YES,00:00,23:59,
2024-08-05,TO149,YES,00:00,23:59,
2024-08-05,TO250,YES,00:00,23:59,
2024-08-05,TO330,YES,00:00,23:59,
2024-08-05,TO335,YES,00:00,23:59,
2024-08-06,BA208,YES,00:00,23:59,
2024-08-06,BA349,YES,00:00,23:59,
2024-08-06,DY001,YES,00:00,23:59,
2024-08-06,DY157,YES,00:00,23:59,
2024-08-06,DY161,NO,,,Scheduled Maintenance
2024-08-06,DY327,YES,00:00,23:59,
2024-08-06,OH010,NO,,,Breakdown
2024-08-06,OH312,NO,,,Breakdown
2024-08-06,OH347,YES,00:00,23:59,
2024-08-06,OH357,YES,00:00,23:59,
2024-08-06,RA085,YES,00:00,23:59,
2024-08-06,RA177,YES,00:00,23:59,
2024-08-06,RA337,YES,00:00,23:59,
2024-08-06,RA385,YES,00:00,23:59,
2024-08-06,TA325,YES,00:00,23:59,
2024-08-06,TA396,YES,00:00,23:59,
2024-08-06,TO187,YES,00:00,23:59,
2024-08-08,BA104,YES,00:00,23:59,
2024-08-08,BA110,NO,,,In Use Elsewhere
2024-08-08,BA127,YES,00:00,23:59,
2024-08-08,BA144,YES,00:00,23:59,
2024-08-08,BA393,YES,00:00,23:59,
2024-08-08,DY328,YES,00:00,23:59,
2024-08-08,OH019,YES,00:00,23:59,
2024-08-08,OH025,YES,00:00,23:59,
2024-08-08,OH059,YES,00:00,23:59,
2024-08-08,OH077,YES,00:00,23:59,
2024-08-08,OH092,NO,,,Scheduled Maintenance
2024-08-08,OH134,YES,00:00,23:59,
2024-08-08,OH298,YES,00:00,23:59,
2024-08-08,OH362,YES,00:00,23:59,
2024-08-08,OH395,YES,00:00,23:59,
2024-08-08,RA043,YES,00:00,23:59,
2024-08-08,RA062,YES,00:00,23:59,
2024-08-08,RA087,YES,00:00,23:59,
2024-08-08,RA116,YES,00:00,23:59,
2024-08-08,RA240,NO,,,Scheduled Maintenance
2024-08-08,TA148,YES,00:00,23:59,
2024-08-08,TA280,YES,00:00,23:59,
2024-08-08,TA361,YES,00:00,23:59,
2024-08-10,DY001,YES,00:00,23:59,
2024-08-10,DY045,YES,00:00,23:59,
2024-08-10,DY070,YES,00:00,23:59,
2024-08-10,DY124,YES,00:00,23:59,
2024-08-10,DY251,NO,,,Scheduled Maintenance
2024-08-10,DY380,YES,00:00,23:59,
2024-08-10,OH023,NO,,,In Use Elsewhere
2024-08-10,OH052,YES,00:00,23:59,
2024-08-10,OH253,YES,00:00,23:59,
2024-08-10,OH311,YES,00:00,23:59,
2024-08-10,RA163,NO,,,Breakdown
2024-08-10,RA204,YES,00:00,23:59,
2024-08-10,RA375,YES,00:00,23:59,
2024-08-10,RA391,YES,00:00,23:59,
2024-08-10,TA154,NO,,,In Use Elsewhere
2024-08-10,TO030,YES,00:00,23:59,
2024-08-10,TO179,YES,00:00,23:59,
2024-08-10,TO260,YES,00:00,23:59,
2024-08-12,BA102,YES,00:00,23:59,
2024-08-12,BA126,YES,00:00,23:59,
2024-08-12,BA247,YES,00:00,23:59,
2024-08-12,DY090,YES,00:00,23:59,
2024-08-12,DY105,NO,,,In Use Elsewhere
2024-08-12,DY143,NO,,,Scheduled Maintenance
2024-08-12,DY321,YES,00:00,23:59,
2024-08-12,OH080,YES,00:00,23:59,
2024-08-12,OH372,YES,00:00,23:59,
2024-08-12,OH390,YES,00:00,23:59,
2024-08-12,RA031,YES,00:00,23:59,
2024-08-12,RA307,YES,00:00,23:59,
2024-08-12,TO175,YES,00:00,23:59,
2024-08-13,BA145,YES,00:00,23:59,
2024-08-13,BA159,YES,00:00,23:59,
2024-08-13,BA230,NO,,,Breakdown
2024-08-13,BA304,YES,00:00,23:59,
2024-08-13,BA314,NO,,,Scheduled Maintenance
2024-08-13,DY001,YES,00:00,23:59,
2024-08-13,DY018,YES,00:00,23:59,
2024-08-13,DY224,YES,00:00,23:59,
2024-08-13,DY279,YES,00:00,23:59,
2024-08-13,DY371,YES,00:00,23:59,
2024-08-13,OH010,YES,00:00,23:59,
2024-08-13,OH046,NO,,,In Use Elsewhere
2024-08-13,OH072,YES,00:00,23:59,
2024-08-13,OH207,YES,00:00,23:59,
2024-08-13,OH254,YES,00:00,23:59,
2024-08-13,OH271,YES,00:00,23:59,
2024-08-13,OH301,YES,00:00,23:59,
2024-08-13,OH313,YES,00:00,23:59,
2024-08-13,RA031,YES,00:00,23:59,
2024-08-13,RA290,YES,00:00,23:59,
2024-08-13,RA370,YES,00:00,23:59,
2024-08-13,RA375,YES,00:00,23:59,
2024-08-13,RA391,YES,00:00,23:59,
2024-08-13,TA003,NO,,,Scheduled Maintenance
2024-08-13,TA049,YES,00:00,23:59,
2024-08-13,TA098,NO,,,Breakdown
2024-08-13,TA171,YES,00:00,23:59,
2024-08-13,TA283,YES,00:00,23:59,
2024-08-13,TO350,YES,00:00,23:59,
2024-08-14,BA344,YES,00:00,23:59,
2024-08-14,DY121,YES,00:00,23:59,
2024-08-14,DY246,YES,00:00,23:59,
2024-08-14,DY322,YES,00:00,23:59,
2024-08-14,OH080,YES,00:00,23:59,
2024-08-14,OH191,YES,00:00,23:59,
2024-08-14,OH372,NO,,,Breakdown
2024-08-14,RA037,YES,00:00,23:59,
2024-08-14,RA172,YES,00:00,23:59,
2024-08-14,RA375,YES,00:00,23:59,
2024-08-14,RA378,YES,00:00,23:59,
2024-08-14,RA387,YES,00:00,23:59,
2024-08-14,TA098,YES,00:00,23:59,
2024-08-14,TA118,YES,00:00,23:59,
2024-08-14,TA218,NO,,,In Use Elsewhere
2024-08-14,TO258,NO,,,In Use Elsewhere
2024-08-14,TO336,YES,00:00,23:59,
2024-08-16,BA159,YES,00:00,23:59,
2024-08-16,BA255,YES,00:00,23:59,
2024-08-16,BA381,YES,00:00,23:59,
2024-08-16,DY014,YES,00:00,23:59,
2024-08-16,DY017,NO,,,In Use Elsewhere
2024-08-16,DY096,YES,00:00,23:59,
2024-08-16,DY180,YES,00:00,23:59,
2024-08-16,DY371,YES,00:00,23:59,
2024-08-16,DY398,YES,00:00,23:59,
2024-08-16,OH026,YES,00:00,23:59,
2024-08-16,OH059,YES,00:00,23:59,
2024-08-16,RA164,YES,00:00,23:59,
2024-08-16,TA120,YES,00:00,23:59,
2024-08-16,TA289,YES,00:00,23:59,
2024-08-16,TO336,YES,00:00,23:59,
2024-08-17,BA022,NO,,,In Use Elsewhere
2024-08-17,BA230,YES,00:00,23:59,
2024-08-17,BA255,YES,00:00,23:59,
2024-08-17,BA274,YES,00:00,23:59,
2024-08-17,BA349,YES,00:00,23:59,
2024-08-17,DY374,YES,00:00,23:59,
2024-08-17,OH071,YES,00:00,23:59,
2024-08-17,OH072,YES,00:00,23:59,
2024-08-17,OH134,YES,00:00,23:59,
2024-08-17,OH390,YES,00:00,23:59,
2024-08-17,RA085,YES,00:00,23:59,
2024-08-17,RA234,NO,,,Breakdown
2024-08-17,RA276,YES,00:00,23:59,
2024-08-17,RA286,YES,00:00,23:59,
2024-08-17,TA075,NO,,,In Use Elsewhere
2024-08-17,TA154,YES,00:00,23:59,
2024-08-17,TA226,YES,00:00,23:59,
2024-08-17,TA275,YES,00:00,23:59,
2024-08-17,TO028,YES,00:00,23:59,
2024-08-17,TO243,NO,,,Breakdown
2024-08-18,BA097,YES,00:00,23:59,
2024-08-18,BA113,YES,00:00,23:59,
2024-08-18,BA185,YES,00:00,23:59,
2024-08-18,BA188,YES,00:00,23:59,
2024-08-18,DY018,YES,00:00,23:59,
2024-08-18,DY138,YES,00:00,23:59,
2024-08-18,DY232,YES,00:00,23:59,
2024-08-18,OH076,NO,,,Scheduled Maintenance
2024-08-18,OH086,YES,00:00,23:59,
2024-08-18,OH213,YES,00:00,23:59,
2024-08-18,OH214,YES,00:00,23:59,
2024-08-18,OH359,YES,00:00,23:59,
2024-08-18,RA062,YES,00:00,23:59,
2024-08-18,RA136,YES,00:00,23:59,
2024-08-18,RA261,YES,00:00,23:59,
2024-08-18,RA367,YES,00:00,23:59,
2024-08-18,TA154,YES,00:00,23:59,
2024-08-18,TA394,YES,00:00,23:59,
2024-08-18,TO056,YES,00:00,23:59,
2024-08-18,TO109,YES,00:00,23:59,
2024-08-18,TO166,YES,00:00,23:59,
2024-08-18,TO336,YES,00:00,23:59,
2024-08-19,BA110,YES,00:00,23:59,
2024-08-19,BA344,YES,00:00,23:59,
2024-08-19,DY167,YES,00:00,23:59,
2024-08-19,DY248,YES,00:00,23:59,
2024-08-19,DY353,YES,00:00,23:59,
2024-08-19,OH130,NO,,,Breakdown
2024-08-19,OH183,YES,00:00,23:59,
2024-08-19,OH338,YES,00:00,23:59,
2024-08-19,RA295,YES,00:00,23:59,
2024-08-19,RA308,YES,00:00,23:59,
2024-08-19,RA329,YES,00:00,23:59,
2024-08-19,TA003,YES,00:00,23:59,
2024-08-19,TA027,YES,00:00,23:59,
2024-08-19,TA034,YES,00:00,23:59,
2024-08-19,TA227,NO,,,Breakdown
2024-08-19,TA396,NO,,,In Use Elsewhere
2024-08-19,TO020,YES,00:00,23:59,
2024-08-19,TO112,YES,00:00,23:59,
2024-08-19,TO129,YES,00:00,23:59,
2024-08-19,TO243,YES,00:00,23:59,
2024-08-20,BA128,YES,00:00,23:59,
2024-08-20,BA159,YES,00:00,23:59,
2024-08-20,BA263,YES,00:00,23:59,
2024-08-20,BA299,YES,00:00,23:59,
2024-08-20,BA323,YES,00:00,23:59,
2024-08-20,DY141,YES,00:00,23:59,
2024-08-20,DY345,YES,00:00,23:59,
2024-08-20,DY380,YES,00:00,23:59,
2024-08-20,OH160,YES,00:00,23:59,
2024-08-20,OH173,YES,00:00,23:59,
2024-08-20,OH221,YES,00:00,23:59,
2024-08-20,OH254,NO,,,Scheduled Maintenance
2024-08-20,OH270,YES,00:00,23:59,
2024-08-20,OH298,YES,00:00,23:59,
2024-08-20,OH311,YES,00:00,23:59,
2024-08-20,RA011,NO,,,Breakdown
2024-08-20,RA163,YES,00:00,23:59,
2024-08-20,RA204,YES,00:00,23:59,
2024-08-20,RA238,YES,00:00,23:59,
2024-08-20,RA273,YES,00:00,23:59,
2024-08-20,RA277,YES,00:00,23:59,
2024-08-20,RA367,NO,,,In Use Elsewhere
2024-08-20,RA385,YES,00:00,23:59,
2024-08-20,TA205,YES,00:00,23:59,
2024-08-20,TO256,YES,00:00,23:59,
2024-08-20,TO267,YES,00:00,23:59,
2024-08-20,TO287,YES,00:00,23:59,
2024-08-21,BA042,YES,00:00,23:59,
2024-08-21,BA095,NO,,,Breakdown
2024-08-21,BA174,YES,00:00,23:59,
2024-08-21,BA209,YES,00:00,23:59,
2024-08-21,BA386,YES,00:00,23:59,
2024-08-21,DY167,YES,00:00,23:59,
2024-08-21,DY184,YES,00:00,23:59,
2024-08-21,DY309,YES,00:00,23:59,
2024-08-21,DY315,YES,00:00,23:59,
2024-08-21,OH052,YES,00:00,23:59,
2024-08-21,OH072,YES,00:00,23:59,
2024-08-21,OH080,NO,,,Scheduled Maintenance
2024-08-21,OH368,YES,00:00,23:59,
2024-08-21,RA031,YES,00:00,23:59,
2024-08-21,RA073,YES,00:00,23:59,
2024-08-21,RA172,YES,00:00,23:59,
2024-08-21,TA054,YES,00:00,23:59,
2024-08-21,TA099,YES,00:00,23:59,
2024-08-21,TA131,YES,00:00,23:59,
2024-08-21,TA212,YES,00:00,23:59,
2024-08-21,TA264,YES,00:00,23:59,
2024-08-21,TA396,YES,00:00,23:59,
2024-08-21,TO056,NO,,,Scheduled Maintenance
2024-08-21,TO101,YES,00:00,23:59,
2024-08-21,TO260,YES,00:00,23:59,
2024-08-21,TO330,YES,00:00,23:59,
2024-08-21,TO336,YES,00:00,23:59,
2024-08-23,BA069,YES,00:00,23:59,
2024-08-23,BA079,YES,00:00,23:59,
2024-08-23,BA153,YES,00:00,23:59,
2024-08-23,BA342,YES,00:00,23:59,
2024-08-23,BA393,YES,00:00,23:59,
2024-08-23,DY161,NO,,,Scheduled Maintenance
2024-08-23,OH046,YES,00:00,23:59,
2024-08-23,OH189,YES,00:00,23:59,
2024-08-23,OH207,YES,00:00,23:59,
2024-08-23,OH221,YES,00:00,23:59,
2024-08-23,OH359,YES,00:00,23:59,
2024-08-23,OH362,YES,00:00,23:59,
2024-08-23,RA031,NO,,,Breakdown
2024-08-23,RA116,YES,00:00,23:59,
2024-08-23,RA164,YES,00:00,23:59,
2024-08-23,RA400,YES,00:00,23:59,
2024-08-23,TA003,YES,00:00,23:59,
2024-08-23,TA282,YES,00:00,23:59,
2024-08-23,TO033,YES,00:00,23:59,
2024-08-23,TO149,YES,00:00,23:59,
2024-08-23,TO243,YES,00:00,23:59,
2024-08-23,TO257,YES,00:00,23:59,
2024-08-24,BA079,YES,00:00,23:59,
2024-08-24,BA153,YES,00:00,23:59,
2024-08-24,BA230,YES,00:00,23:59,
2024-08-24,BA314,YES,00:00,23:59,
2024-08-24,DY070,YES,00:00,23:59,
2024-08-24,DY096,YES,00:00,23:59,
2024-08-24,DY251,YES,00:00,23:59,
2024-08-24,DY281,YES,00:00,23:59,
2024-08-24,DY356,NO,,,Breakdown
2024-08-24,OH006,YES,00:00,23:59,
2024-08-24,OH312,YES,00:00,23:59,
2024-08-24,OH343,NO,,,In Use Elsewhere
2024-08-24,RA231,YES,00:00,23:59,
2024-08-24,RA273,YES,00:00,23:59,
2024-08-24,TA063,YES,00:00,23:59,
2024-08-24,TA131,YES,00:00,23:59,
2024-08-24,TA147,YES,00:00,23:59,
2024-08-24,TO179,YES,00:00,23:59,
2024-08-24,TO223,YES,00:00,23:59,
2024-08-24,TO272,YES,00:00,23:59,
2024-08-25,BA016,YES,00:00,23:59,
2024-08-25,BA174,YES,00:00,23:59,
2024-08-25,BA203,YES,00:00,23:59,
2024-08-25,BA263,YES,00:00,23:59,
2024-08-25,DY115,YES,00:00,23:59,
2024-08-25,DY157,YES,00:00,23:59,
2024-08-25,DY194,YES,00:00,23:59,
2024-08-25,DY246,YES,00:00,23:59,
2024-08-25,OH050,NO,,,Breakdown
2024-08-25,OH270,YES,00:00,23:59,
2024-08-25,RA073,YES,00:00,23:59,
2024-08-25,RA370,YES,00:00,23:59,
2024-08-25,RA385,YES,00:00,23:59,
2024-08-25,TA131,YES,00:00,23:59,
2024-08-25,TA150,YES,00:00,23:59,
2024-08-25,TA165,YES,00:00,23:59,
2024-08-25,TA226,YES,00:00,23:59,
2024-08-25,TA233,YES,00:00,23:59,
2024-08-25,TO193,YES,00:00,23:59,
2024-08-26,BA358,YES,00:00,23:59,
2024-08-26,DY141,YES,00:00,23:59,
2024-08-26,DY246,YES,00:00,23:59,
2024-08-26,OH071,YES,00:00,23:59,
2024-08-26,OH372,YES,00:00,23:59,
2024-08-26,RA136,YES,00:00,23:59,
2024-08-26,RA286,NO,,,In Use Elsewhere
2024-08-26,RA370,YES,00:00,23:59,
2024-08-26,TA154,YES,00:00,23:59,
2024-08-26,TA171,NO,,,Breakdown
2024-08-26,TA218,YES,00:00,23:59,
2024-08-26,TA291,YES,00:00,23:59,
2024-08-26,TO009,YES,00:00,23:59,
2024-08-26,TO129,YES,00:00,23:59,
2024-08-26,TO149,YES,00:00,23:59,
2024-08-26,TO228,YES,00:00,23:59,
2024-08-27,BA126,YES,00:00,23:59,
2024-08-27,BA174,YES,00:00,23:59,
2024-08-27,BA293,YES,00:00,23:59,
2024-08-27,DY096,YES,00:00,23:59,
2024-08-27,DY246,YES,00:00,23:59,
2024-08-27,DY392,YES,00:00,23:59,
2024-08-27,OH025,YES,00:00,23:59,
2024-08-27,OH082,YES,00:00,23:59,
2024-08-27,OH189,YES,00:00,23:59,
2024-08-27,OH195,YES,00:00,23:59,
2024-08-27,OH301,YES,00:00,23:59,
2024-08-27,RA062,NO,,,In Use Elsewhere
2024-08-27,RA087,YES,00:00,23:59,
2024-08-27,RA376,YES,00:00,23:59,
2024-08-27,TA065,YES,00:00,23:59,
2024-08-27,TA275,YES,00:00,23:59,
2024-08-27,TA325,YES,00:00,23:59,
2024-08-27,TO038,NO,,,Scheduled Maintenance
2024-08-27,TO041,YES,00:00,23:59,
2024-08-27,TO250,YES,00:00,23:59,
2024-08-27,TO350,YES,00:00,23:59,
2024-08-27,TO364,YES,00:00,23:59,
2024-08-28,BA263,YES,00:00,23:59,
2024-08-28,BA297,YES,00:00,23:59,
2024-08-28,DY040,YES,00:00,23:59,
2024-08-28,DY105,YES,00:00,23:59,
2024-08-28,DY157,YES,00:00,23:59,
2024-08-28,DY235,YES,00:00,23:59,
2024-08-28,DY319,YES,00:00,23:59,
2024-08-28,DY345,NO,,,Scheduled Maintenance
2024-08-28,DY369,YES,00:00,23:59,
2024-08-28,DY398,YES,00:00,23:59,
2024-08-28,OH071,YES,00:00,23:59,
2024-08-28,OH072,YES,00:00,23:59,
2024-08-28,OH086,YES,00:00,23:59,
2024-08-28,OH359,YES,00:00,23:59,
2024-08-28,RA087,YES,00:00,23:59,
2024-08-28,RA168,YES,00:00,23:59,
2024-08-28,RA172,YES,00:00,23:59,
2024-08-28,RA190,YES,00:00,23:59,
2024-08-28,RA273,NO,,,Breakdown
2024-08-28,RA307,YES,00:00,23:59,
2024-08-28,RA339,YES,00:00,23:59,
2024-08-28,RA360,YES,00:00,23:59,
2024-08-28,TO028,YES,00:00,23:59,
2024-08-28,TO250,YES,00:00,23:59,
2024-08-28,TO258,NO,,,Scheduled Maintenance
2024-08-28,TO284,YES,00:00,23:59,
2024-08-28,TO305,YES,00:00,23:59,
2024-08-28,TO364,YES,00:00,23:59,
2024-08-30,BA153,YES,00:00,23:59,
2024-08-30,BA249,YES,00:00,23:59,
2024-08-30,DY004,NO,,,Breakdown
2024-08-30,DY157,YES,00:00,23:59,
2024-08-30,DY346,YES,00:00,23:59,
2024-08-30,DY398,NO,,,In Use Elsewhere
2024-08-30,OH253,YES,00:00,23:59,
2024-08-30,RA062,YES,00:00,23:59,
2024-08-30,RA306,YES,00:00,23:59,
2024-08-30,RA334,NO,,,In Use Elsewhere
2024-08-30,RA375,YES,00:00,23:59,
2024-08-30,TA078,YES,00:00,23:59,
2024-08-30,TA118,YES,00:00,23:59,
2024-08-30,TA148,YES,00:00,23:59,
2024-08-30,TO030,YES,00:00,23:59,
2024-08-30,TO056,YES,00:00,23:59,
2024-08-30,TO106,YES,00:00,23:59,
2024-08-30,TO243,YES,00:00,23:59,
2024-08-30,TO287,YES,00:00,23:59,
2024-08-30,TO336,NO,,,In Use Elsewhere
2024-08-31,BA297,YES,00:00,23:59,
2024-08-31,DY070,YES,00:00,23:59,
2024-08-31,DY091,YES,00:00,23:59,
2024-08-31,DY132,YES,00:00,23:59,
2024-08-31,DY194,YES,00:00,23:59,
2024-08-31,DY389,YES,00:00,23:59,
2024-08-31,OH026,YES,00:00,23:59,
2024-08-31,OH071,YES,00:00,23:59,
2024-08-31,OH080,YES,00:00,23:59,
2024-08-31,OH093,YES,00:00,23:59,
2024-08-31,OH296,YES,00:00,23:59,
2024-08-31,RA238,YES,00:00,23:59,
2024-08-31,RA320,YES,00:00,23:59,
2024-08-31,RA340,YES,00:00,23:59,
2024-08-31,TA005,YES,00:00,23:59,
2024-08-31,TA098,YES,00:00,23:59,
2024-08-31,TA220,YES,00:00,23:59,
2024-08-31,TA227,YES,00:00,23:59,
2024-08-31,TA264,YES,00:00,23:59,
2024-08-31,TA269,YES,00:00,23:59,
2024-08-31,TA291,YES,00:00,23:59,
2024-08-31,TA302,YES,00:00,23:59,
2024-08-31,TO002,YES,00:00,23:59,
2024-08-31,TO100,NO,,,In Use Elsewhere
2024-08-31,TO112,YES,00:00,23:59,
2024-08-31,TO243,YES,00:00,23:59,
2024-09-01,BA110,YES,00:00,23:59,
2024-09-01,BA348,YES,00:00,23:59,
2024-09-01,BA386,YES,00:00,23:59,
2024-09-01,DY161,YES,00:00,23:59,
2024-09-01,OH052,YES,00:00,23:59,
2024-09-01,OH082,NO,,,In Use Elsewhere
2024-09-01,OH134,YES,00:00,23:59,
2024-09-01,OH213,YES,00:00,23:59,
2024-09-01,RA295,NO,,,Breakdown
2024-09-01,TA068,YES,00:00,23:59,
2024-09-01,TA118,YES,00:00,23:59,
2024-09-01,TA140,YES,00:00,23:59,
2024-09-01,TA269,YES,00:00,23:59,
2024-09-01,TA341,YES,00:00,23:59,
2024-09-01,TA361,YES,00:00,23:59,
2024-09-01,TO041,YES,00:00,23:59,
2024-09-02,BA104,YES,00:00,23:59,
2024-09-02,BA128,YES,00:00,23:59,
2024-09-02,BA188,YES,00:00,23:59,
2024-09-02,BA299,YES,00:00,23:59,
2024-09-02,BA314,YES,00:00,23:59,
2024-09-02,BA348,YES,00:00,23:59,
2024-09-02,BA377,NO,,,In Use Elsewhere
2024-09-02,DY181,YES,00:00,23:59,
2024-09-02,DY219,YES,00:00,23:59,
2024-09-02,DY248,YES,00:00,23:59,
2024-09-02,DY356,YES,00:00,23:59,
2024-09-02,OH134,NO,,,Breakdown
2024-09-02,OH173,NO,,,Breakdown
2024-09-02,OH301,YES,00:00,23:59,
2024-09-02,OH333,YES,00:00,23:59,
2024-09-02,RA011,YES,00:00,23:59,
2024-09-02,RA024,YES,00:00,23:59,
2024-09-02,RA048,YES,00:00,23:59,
2024-09-02,RA261,YES,00:00,23:59,
2024-09-02,RA339,YES,00:00,23:59,
2024-09-02,RA397,NO,,,Scheduled Maintenance
2024-09-02,TA120,YES,00:00,23:59,
2024-09-02,TA171,NO,,,Scheduled Maintenance
2024-09-02,TO187,YES,00:00,23:59,
2024-09-05,BA127,NO,,,Scheduled Maintenance
2024-09-05,BA230,YES,00:00,23:59,
2024-09-05,DY180,YES,00:00,23:59,
2024-09-05,OH072,YES,00:00,23:59,
2024-09-05,OH080,NO,,,Breakdown
2024-09-05,OH191,YES,00:00,23:59,
2024-09-05,OH347,NO,,,Scheduled Maintenance
2024-09-05,RA024,YES,00:00,23:59,
2024-09-05,RA204,NO,,,In Use Elsewhere
2024-09-05,RA206,YES,00:00,23:59,
2024-09-05,RA337,YES,00:00,23:59,
2024-09-05,RA370,NO,,,Scheduled Maintenance
2024-09-05,TA098,YES,00:00,23:59,
2024-09-05,TA165,YES,00:00,23:59,
2024-09-05,TA171,YES,00:00,23:59,
2024-09-05,TA269,YES,00:00,23:59,
2024-09-05,TO149,YES,00:00,23:59,
2024-09-05,TO364,YES,00:00,23:59,
2024-09-06,BA022,YES,00:00,23:59,
2024-09-06,BA113,YES,00:00,23:59,
2024-09-06,BA185,YES,00:00,23:59,
2024-09-06,BA386,YES,00:00,23:59,
2024-09-06,DY055,YES,00:00,23:59,
2024-09-06,DY143,YES,00:00,23:59,
2024-09-06,DY181,YES,00:00,23:59,
2024-09-06,OH006,YES,00:00,23:59,
2024-09-06,RA162,YES,00:00,23:59,
2024-09-06,RA240,YES,00:00,23:59,
2024-09-06,RA337,YES,00:00,23:59,
2024-09-06,RA360,YES,00:00,23:59,
2024-09-06,TA005,YES,00:00,23:59,
2024-09-06,TA065,YES,00:00,23:59,
2024-09-06,TA068,YES,00:00,23:59,
2024-09-06,TA099,YES,00:00,23:59,
2024-09-06,TA131,YES,00:00,23:59,
2024-09-06,TA215,YES,00:00,23:59,
2024-09-06,TA302,YES,00:00,23:59,
2024-09-06,TO030,NO,,,Breakdown
2024-09-06,TO056,YES,00:00,23:59,
2024-09-06,TO149,YES,00:00,23:59,
2024-09-06,TO223,YES,00:00,23:59,
2024-09-07,BA128,YES,00:00,23:59,
2024-09-07,BA348,NO,,,Breakdown
2024-09-07,DY138,YES,00:00,23:59,
2024-09-07,DY224,YES,00:00,23:59,
2024-09-07,DY236,NO,,,In Use Elsewhere
2024-09-07,DY389,YES,00:00,23:59,
2024-09-07,OH010,YES,00:00,23:59,
2024-09-07,OH088,YES,00:00,23:59,
2024-09-07,OH176,YES,00:00,23:59,
2024-09-07,RA119,YES,00:00,23:59,
2024-09-07,RA329,YES,00:00,23:59,
2024-09-07,RA354,NO,,,Scheduled Maintenance
2024-09-07,TA074,YES,00:00,23:59,
2024-09-07,TA099,YES,00:00,23:59,
2024-09-07,TA302,YES,00:00,23:59,
2024-09-07,TO330,NO,,,In Use Elsewhere
2024-09-07,TO335,YES,00:00,23:59,
2024-09-09,BA022,YES,00:00,23:59,
2024-09-09,BA064,YES,00:00,23:59,
2024-09-09,BA144,YES,00:00,23:59,
2024-09-09,DY001,NO,,,Breakdown
2024-09-09,DY061,YES,00:00,23:59,
2024-09-09,DY096,YES,00:00,23:59,
2024-09-09,DY132,YES,00:00,23:59,
2024-09-09,DY232,YES,00:00,23:59,
2024-09-09,DY281,YES,00:00,23:59,
2024-09-09,DY315,YES,00:00,23:59,
2024-09-09,DY327,YES,00:00,23:59,
2024-09-09,OH111,YES,00:00,23:59,
2024-09-09,RA039,YES,00:00,23:59,
2024-09-09,RA320,YES,00:00,23:59,
2024-09-09,RA354,NO,,,Scheduled Maintenance
2024-09-09,TA074,YES,00:00,23:59,
2024-09-09,TA289,YES,00:00,23:59,
2024-09-11,BA170,YES,00:00,23:59,
2024-09-11,BA230,YES,00:00,23:59,
2024-09-11,BA386,YES,00:00,23:59,
2024-09-11,DY124,YES,00:00,23:59,
2024-09-11,DY232,YES,00:00,23:59,
2024-09-11,DY235,YES,00:00,23:59,
2024-09-11,RA051,YES,00:00,23:59,
2024-09-11,RA155,YES,00:00,23:59,
2024-09-11,RA190,YES,00:00,23:59,
2024-09-11,RA278,YES,00:00,23:59,
2024-09-11,RA290,YES,00:00,23:59,
2024-09-11,RA339,YES,00:00,23:59,
2024-09-11,TO033,YES,00:00,23:59,
2024-09-11,TO038,YES,00:00,23:59,
2024-09-11,TO316,YES,00:00,23:59,
2024-09-14,BA263,NO,,,Scheduled Maintenance
2024-09-14,BA274,YES,00:00,23:59,
2024-09-14,BA300,YES,00:00,23:59,
2024-09-14,DY067,YES,00:00,23:59,
2024-09-14,DY090,YES,00:00,23:59,
2024-09-14,DY121,YES,00:00,23:59,
2024-09-14,DY201,YES,00:00,23:59,
2024-09-14,DY315,YES,00:00,23:59,
2024-09-14,DY353,YES,00:00,23:59,
2024-09-14,OH023,NO,,,In Use Elsewhere
2024-09-14,OH197,YES,00:00,23:59,
2024-09-14,OH318,YES,00:00,23:59,
2024-09-14,OH368,YES,00:00,23:59,
2024-09-14,OH390,YES,00:00,23:59,
2024-09-14,RA043,YES,00:00,23:59,
2024-09-14,RA231,YES,00:00,23:59,
2024-09-14,RA391,YES,00:00,23:59,
2024-09-14,TA199,YES,00:00,23:59,
2024-09-14,TA264,YES,00:00,23:59,
2024-09-14,TA282,YES,00:00,23:59,
2024-09-14,TA285,YES,00:00,23:59,
2024-09-14,TA341,YES,00:00,23:59,
2024-09-14,TA396,YES,00:00,23:59,
2024-09-14,TO028,YES,00:00,23:59,
2024-09-14,TO106,YES,00:00,23:59,
2024-09-14,TO202,YES,00:00,23:59,
2024-09-15,BA084,YES,00:00,23:59,
2024-09-15,BA230,YES,00:00,23:59,
2024-09-15,BA247,YES,00:00,23:59,
2024-09-15,BA332,YES,00:00,23:59,
2024-09-15,DY045,YES,00:00,23:59,
2024-09-15,DY184,NO,,,Breakdown
2024-09-15,RA008,YES,00:00,23:59,
2024-09-15,RA011,YES,00:00,23:59,
2024-09-15,RA164,YES,00:00,23:59,
2024-09-15,RA290,YES,00:00,23:59,
2024-09-15,RA391,YES,00:00,23:59,
2024-09-15,TA310,YES,00:00,23:59,
2024-09-15,TA341,YES,00:00,23:59,
2024-09-15,TA394,YES,00:00,23:59,
2024-09-15,TO100,YES,00:00,23:59,
2024-09-15,TO112,YES,00:00,23:59,
2024-09-15,TO193,YES,00:00,23:59,
2024-09-15,TO202,YES,00:00,23:59,
2024-09-17,BA022,YES,00:00,23:59,
2024-09-17,BA064,YES,00:00,23:59,
2024-09-17,BA274,YES,00:00,23:59,
2024-09-17,BA297,YES,00:00,23:59,
2024-09-17,BA342,YES,00:00,23:59,
2024-09-17,DY055,YES,00:00,23:59,
2024-09-17,DY067,NO,,,Breakdown
2024-09-17,DY090,NO,,,In Use Elsewhere
2024-09-17,OH019,YES,00:00,23:59,
2024-09-17,RA062,YES,00:00,23:59,
2024-09-17,RA163,YES,00:00,23:59,
2024-09-17,RA306,YES,00:00,23:59,
2024-09-17,TA147,YES,00:00,23:59,
2024-09-17,TO028,YES,00:00,23:59,
2024-09-17,TO056,YES,00:00,23:59,
2024-09-17,TO129,YES,00:00,23:59,
2024-09-17,TO228,YES,00:00,23:59,
2024-09-17,TO256,YES,00:00,23:59,
2024-09-17,TO330,YES,00:00,23:59,
2024-09-17,TO335,NO,,,Breakdown
2024-09-18,BA304,YES,00:00,23:59,
2024-09-18,BA332,YES,00:00,23:59,
2024-09-18,DY141,YES,00:00,23:59,
2024-09-18,DY169,YES,00:00,23:59,
2024-09-18,DY178,YES,00:00,23:59,
2024-09-18,OH072,YES,00:00,23:59,
2024-09-18,OH271,YES,00:00,23:59,
2024-09-18,OH301,YES,00:00,23:59,
2024-09-18,OH368,YES,00:00,23:59,
2024-09-18,OH372,YES,00:00,23:59,
2024-09-18,RA192,YES,00:00,23:59,
2024-09-18,RA204,YES,00:00,23:59,
2024-09-18,RA277,YES,00:00,23:59,
2024-09-18,RA295,YES,00:00,23:59,
2024-09-18,RA337,NO,,,Breakdown
2024-09-18,RA400,YES,00:00,23:59,
2024-09-18,TA147,YES,00:00,23:59,
2024-09-18,TA275,NO,,,In Use Elsewhere
2024-09-18,TA285,YES,00:00,23:59,
2024-09-18,TO257,YES,00:00,23:59,
2024-09-19,BA110,YES,00:00,23:59,
2024-09-19,BA266,YES,00:00,23:59,
2024-09-19,BA274,NO,,,In Use Elsewhere
2024-09-19,BA344,YES,00:00,23:59,
2024-09-19,BA355,YES,00:00,23:59,
2024-09-19,DY169,YES,00:00,23:59,
2024-09-19,DY224,YES,00:00,23:59,
2024-09-19,DY369,YES,00:00,23:59,
2024-09-19,OH026,YES,00:00,23:59,
2024-09-19,RA276,NO,,,In Use Elsewhere
2024-09-19,RA295,YES,00:00,23:59,
2024-09-19,RA378,YES,00:00,23:59,
2024-09-19,RA400,YES,00:00,23:59,
2024-09-19,TA078,YES,00:00,23:59,
2024-09-19,TA118,YES,00:00,23:59,
2024-09-19,TA289,YES,00:00,23:59,
2024-09-19,TA341,YES,00:00,23:59,
2024-09-19,TO149,YES,00:00,23:59,
2024-09-19,TO287,YES,00:00,23:59,
2024-09-20,BA153,YES,00:00,23:59,
2024-09-20,BA342,YES,00:00,23:59,
2024-09-20,BA377,YES,00:00,23:59,
2024-09-20,DY135,YES,00:00,23:59,
2024-09-20,OH076,YES,00:00,23:59,
2024-09-20,OH125,YES,00:00,23:59,
2024-09-20,OH158,YES,00:00,23:59,
2024-09-20,RA114,YES,00:00,23:59,
2024-09-20,RA164,NO,,,Breakdown
2024-09-20,RA295,YES,00:00,23:59,
2024-09-20,RA340,YES,00:00,23:59,
2024-09-20,TA074,YES,00:00,23:59,
2024-09-20,TA283,NO,,,Breakdown
2024-09-20,TO223,YES,00:00,23:59,
2024-09-21,BA042,YES,00:00,23:59,
2024-09-21,BA058,NO,,,Breakdown
2024-09-21,BA064,YES,00:00,23:59,
2024-09-21,BA247,NO,,,Breakdown
2024-09-21,DY067,YES,00:00,23:59,
2024-09-21,DY157,YES,00:00,23:59,
2024-09-21,DY217,YES,00:00,23:59,
2024-09-21,DY224,YES,00:00,23:59,
2024-09-21,DY237,YES,00:00,23:59,
2024-09-21,DY281,YES,00:00,23:59,
2024-09-21,OH059,YES,00:00,23:59,
2024-09-21,OH071,YES,00:00,23:59,
2024-09-21,OH347,YES,00:00,23:59,
2024-09-21,OH359,YES,00:00,23:59,
2024-09-21,OH368,YES,00:00,23:59,
2024-09-21,OH382,YES,00:00,23:59,
2024-09-21,RA073,YES,00:00,23:59,
2024-09-21,RA156,YES,00:00,23:59,
2024-09-21,RA273,YES,00:00,23:59,
2024-09-21,RA276,YES,00:00,23:59,
2024-09-21,RA340,NO,,,Scheduled Maintenance
2024-09-21,RA367,YES,00:00,23:59,
2024-09-21,TA065,YES,00:00,23:59,
2024-09-21,TA089,YES,00:00,23:59,
2024-09-21,TA226,NO,,,In Use Elsewhere
2024-09-21,TA280,YES,00:00,23:59,
2024-09-21,TA341,YES,00:00,23:59,
2024-09-21,TO020,YES,00:00,23:59,
2024-09-21,TO033,NO,,,In Use Elsewhere
2024-09-21,TO187,NO,,,Breakdown
2024-09-21,TO287,YES,00:00,23:59,
2024-09-21,TO288,YES,00:00,23:59,
2024-09-21,TO364,YES,00:00,23:59,
2024-09-22,BA016,NO,,,In Use Elsewhere
2024-09-22,BA094,NO,,,Scheduled Maintenance
2024-09-22,BA102,NO,,,Breakdown
2024-09-22,BA117,YES,00:00,23:59,
2024-09-22,BA249,YES,00:00,23:59,
2024-09-22,DY135,YES,00:00,23:59,
2024-09-22,DY178,YES,00:00,23:59,
2024-09-22,DY235,YES,00:00,23:59,
2024-09-22,DY281,YES,00:00,23:59,
2024-09-22,DY322,NO,,,Scheduled Maintenance
2024-09-22,DY374,YES,00:00,23:59,
2024-09-22,OH046,YES,00:00,23:59,
2024-09-22,OH072,YES,00:00,23:59,
2024-09-22,OH083,YES,00:00,23:59,
2024-09-22,RA008,YES,00:00,23:59,
2024-09-22,RA114,YES,00:00,23:59,
2024-09-22,RA119,YES,00:00,23:59,
2024-09-22,RA136,NO,,,In Use Elsewhere
2024-09-22,RA139,NO,,,Scheduled Maintenance
2024-09-22,RA163,YES,00:00,23:59,
2024-09-22,RA238,YES,00:00,23:59,
2024-09-22,TA034,YES,00:00,23:59,
2024-09-22,TA120,YES,00:00,23:59,
2024-09-22,TA394,NO,,,Breakdown
2024-09-22,TO044,YES,00:00,23:59,
2024-09-23,BA344,NO,,,Scheduled Maintenance
2024-09-23,DY012,YES,00:00,23:59,
2024-09-23,DY045,YES,00:00,23:59,
2024-09-23,DY251,YES,00:00,23:59,
2024-09-23,DY392,YES,00:00,23:59,
2024-09-23,OH046,YES,00:00,23:59,
2024-09-23,OH077,YES,00:00,23:59,
2024-09-23,OH176,YES,00:00,23:59,
2024-09-23,OH189,YES,00:00,23:59,
2024-09-23,OH254,NO,,,Scheduled Maintenance
2024-09-23,OH338,YES,00:00,23:59,
2024-09-23,OH343,NO,,,In Use Elsewhere
2024-09-23,RA029,YES,00:00,23:59,
2024-09-23,TA034,YES,00:00,23:59,
2024-09-23,TA226,YES,00:00,23:59,
2024-09-23,TA310,YES,00:00,23:59,
2024-09-23,TO020,YES,00:00,23:59,
2024-09-23,TO028,YES,00:00,23:59,
2024-09-23,TO123,YES,00:00,23:59,
2024-09-23,TO335,YES,00:00,23:59,
2024-09-24,BA042,YES,00:00,23:59,
2024-09-24,BA104,YES,00:00,23:59,
2024-09-24,BA342,NO,,,Breakdown
2024-09-24,DY374,YES,00:00,23:59,
2024-09-24,OH092,YES,00:00,23:59,
2024-09-24,OH134,YES,00:00,23:59,
2024-09-24,OH197,YES,00:00,23:59,
2024-09-24,RA043,YES,00:00,23:59,
2024-09-24,RA114,YES,00:00,23:59,
2024-09-24,RA241,YES,00:00,23:59,
2024-09-24,RA337,NO,,,In Use Elsewhere
2024-09-24,TA199,YES,00:00,23:59,
2024-09-24,TO020,NO,,,Breakdown
2024-09-24,TO109,YES,00:00,23:59,
2024-09-24,TO166,YES,00:00,23:59,
2024-09-24,TO272,YES,00:00,23:59,
2024-09-28,BA208,YES,00:00,23:59,
2024-09-28,DY012,YES,00:00,23:59,
2024-09-28,DY017,YES,00:00,23:59,
2024-09-28,DY067,YES,00:00,23:59,
2024-09-28,DY143,YES,00:00,23:59,
2024-09-28,DY217,YES,00:00,23:59,
2024-09-28,DY248,YES,00:00,23:59,
2024-09-28,DY281,YES,00:00,23:59,
2024-09-28,OH086,YES,00:00,23:59,
2024-09-28,OH134,YES,00:00,23:59,
2024-09-28,OH160,YES,00:00,23:59,
2024-09-28,OH313,YES,00:00,23:59,
2024-09-28,OH362,YES,00:00,23:59,
2024-09-28,RA043,YES,00:00,23:59,
2024-09-28,TA211,YES,00:00,23:59,
2024-09-28,TA222,YES,00:00,23:59,
2024-09-28,TO020,YES,00:00,23:59,
2024-09-28,TO129,YES,00:00,23:59,
2024-09-29,BA117,YES,00:00,23:59,
2024-09-29,BA259,YES,00:00,23:59,
2024-09-29,BA355,YES,00:00,23:59,
2024-09-29,DY004,YES,00:00,23:59,
2024-09-29,DY012,YES,00:00,23:59,
2024-09-29,DY399,YES,00:00,23:59,
2024-09-29,OH071,YES,00:00,23:59,
2024-09-29,OH318,YES,00:00,23:59,
2024-09-29,OH390,YES,00:00,23:59,
2024-09-29,RA024,YES,00:00,23:59,
2024-09-29,RA039,YES,00:00,23:59,
2024-09-29,RA168,YES,00:00,23:59,
2024-09-29,RA204,YES,00:00,23:59,
2024-09-29,RA308,YES,00:00,23:59,
2024-09-29,RA334,YES,00:00,23:59,
2024-09-29,TA005,YES,00:00,23:59,
2024-09-29,TA148,YES,00:00,23:59,
2024-09-29,TA212,YES,00:00,23:59,
2024-09-29,TO223,YES,00:00,23:59,
2024-09-30,BA097,YES,00:00,23:59,
2024-09-30,BA151,YES,00:00,23:59,
2024-09-30,DY121,YES,00:00,23:59,
2024-09-30,DY141,YES,00:00,23:59,
2024-09-30,DY237,YES,00:00,23:59,
2024-09-30,DY346,YES,00:00,23:59,
2024-09-30,OH103,NO,,,Scheduled Maintenance
2024-09-30,OH333,YES,00:00,23:59,
2024-09-30,OH338,YES,00:00,23:59,
2024-09-30,RA276,YES,00:00,23:59,
2024-09-30,RA400,YES,00:00,23:59,
2024-09-30,TA226,YES,00:00,23:59,
2024-09-30,TA264,YES,00:00,23:59,
2024-09-30,TO106,YES,00:00,23:59,
2024-09-30,TO228,YES,00:00,23:59,
2024-10-01,BA113,YES,00:00,23:59,
2024-10-01,BA299,NO,,,In Use Elsewhere
2024-10-01,BA349,YES,00:00,23:59,
2024-10-01,DY055,YES,00:00,23:59,
2024-10-01,DY135,NO,,,In Use Elsewhere
2024-10-01,DY181,YES,00:00,23:59,
2024-10-01,DY392,YES,00:00,23:59,
2024-10-01,OH050,YES,00:00,23:59,
2024-10-01,OH173,YES,00:00,23:59,
2024-10-01,RA011,YES,00:00,23:59,
2024-10-01,RA037,YES,00:00,23:59,
2024-10-01,RA273,YES,00:00,23:59,
2024-10-01,RA308,YES,00:00,23:59,
2024-10-01,RA339,YES,00:00,23:59,
2024-10-01,TA205,YES,00:00,23:59,
2024-10-01,TO129,YES,00:00,23:59,
2024-10-01,TO260,YES,00:00,23:59,
2024-10-01,TO288,YES,00:00,23:59,
2024-10-01,TO326,YES,00:00,23:59,
2024-10-01,TO351,NO,,,In Use Elsewhere
2024-10-03,BA058,YES,00:00,23:59,
2024-10-03,BA084,YES,00:00,23:59,
2024-10-03,BA095,YES,00:00,23:59,
2024-10-03,BA255,YES,00:00,23:59,
2024-10-03,BA299,NO,,,Scheduled Maintenance
2024-10-03,BA304,YES,00:00,23:59,
2024-10-03,BA355,NO,,,In Use Elsewhere
2024-10-03,DY012,YES,00:00,23:59,
2024-10-03,DY132,YES,00:00,23:59,
2024-10-03,DY141,NO,,,In Use Elsewhere
2024-10-03,DY161,YES,00:00,23:59,
2024-10-03,OH072,YES,00:00,23:59,
2024-10-03,OH125,YES,00:00,23:59,
2024-10-03,OH347,YES,00:00,23:59,
2024-10-03,RA037,YES,00:00,23:59,
2024-10-03,RA073,YES,00:00,23:59,
2024-10-03,TA218,YES,00:00,23:59,
2024-10-03,TA310,NO,,,In Use Elsewhere
2024-10-03,TA361,YES,00:00,23:59,
2024-10-03,TO038,YES,00:00,23:59,
2024-10-04,BA104,YES,00:00,23:59,
2024-10-04,BA144,YES,00:00,23:59,
2024-10-04,BA188,YES,00:00,23:59,
2024-10-04,BA249,YES,00:00,23:59,
2024-10-04,DY061,NO,,,Scheduled Maintenance
2024-10-04,DY121,NO,,,Breakdown
2024-10-04,DY122,YES,00:00,23:59,
2024-10-04,DY141,YES,00:00,23:59,
2024-10-04,DY196,NO,,,Scheduled Maintenance
2024-10-04,OH023,YES,00:00,23:59,
2024-10-04,OH130,YES,00:00,23:59,
2024-10-04,OH158,YES,00:00,23:59,
2024-10-04,RA163,NO,,,Breakdown
2024-10-04,RA329,YES,00:00,23:59,
2024-10-04,RA334,NO,,,In Use Elsewhere
2024-10-04,TA003,YES,00:00,23:59,
2024-10-04,TA065,YES,00:00,23:59,
2024-10-04,TA150,YES,00:00,23:59,
2024-10-04,TA212,YES,00:00,23:59,
2024-10-04,TA264,YES,00:00,23:59,
2024-10-04,TA289,YES,00:00,23:59,
2024-10-05,BA042,YES,00:00,23:59,
2024-10-05,BA153,NO,,,Scheduled Maintenance
2024-10-05,BA348,YES,00:00,23:59,
2024-10-05,DY091,YES,00:00,23:59,
2024-10-05,DY319,YES,00:00,23:59,
2024-10-05,DY371,YES,00:00,23:59,
2024-10-05,OH142,YES,00:00,23:59,
2024-10-05,RA013,YES,00:00,23:59,
2024-10-05,RA337,NO,,,Scheduled Maintenance
2024-10-05,RA354,YES,00:00,23:59,
2024-10-05,RA370,YES,00:00,23:59,
2024-10-05,RA387,YES,00:00,23:59,
2024-10-05,TA065,YES,00:00,23:59,
2024-10-05,TA078,YES,00:00,23:59,
2024-10-05,TA147,YES,00:00,23:59,
2024-10-05,TA269,NO,,,Scheduled Maintenance
2024-10-05,TO044,YES,00:00,23:59,
2024-10-06,BA084,YES,00:00,23:59,
2024-10-06,BA209,YES,00:00,23:59,
2024-10-06,BA247,YES,00:00,23:59,
2024-10-06,BA249,YES,00:00,23:59,
2024-10-06,BA266,YES,00:00,23:59,
2024-10-06,BA299,YES,00:00,23:59,
2024-10-06,BA342,YES,00:00,23:59,
2024-10-06,DY167,YES,00:00,23:59,
2024-10-06,DY244,YES,00:00,23:59,
2024-10-06,OH010,YES,00:00,23:59,
2024-10-06,OH023,YES,00:00,23:59,
2024-10-06,OH191,YES,00:00,23:59,
2024-10-06,OH207,YES,00:00,23:59,
2024-10-06,OH254,YES,00:00,23:59,
2024-10-06,OH296,YES,00:00,23:59,
2024-10-06,OH365,NO,,,In Use Elsewhere
2024-10-06,OH384,YES,00:00,23:59,
2024-10-06,RA024,YES,00:00,23:59,
2024-10-06,RA116,YES,00:00,23:59,
2024-10-06,RA303,YES,00:00,23:59,
2024-10-06,RA391,YES,00:00,23:59,
2024-10-06,TA098,NO,,,Breakdown
2024-10-06,TA108,YES,00:00,23:59,
2024-10-06,TA148,YES,00:00,23:59,
2024-10-06,TA218,YES,00:00,23:59,
2024-10-06,TA264,NO,,,In Use Elsewhere
2024-10-06,TA291,YES,00:00,23:59,
2024-10-06,TO032,YES,00:00,23:59,
2024-10-06,TO100,YES,00:00,23:59,
2024-10-06,TO112,YES,00:00,23:59,
2024-10-06,TO146,NO,,,Scheduled Maintenance
2024-10-06,TO287,YES,00:00,23:59,
2024-10-07,BA066,YES,00:00,23:59,
2024-10-07,BA069,NO,,,Scheduled Maintenance
2024-10-07,BA344,YES,00:00,23:59,
2024-10-07,DY018,NO,,,Breakdown
2024-10-07,DY057,NO,,,Scheduled Maintenance
2024-10-07,DY132,YES,00:00,23:59,
2024-10-07,DY237,YES,00:00,23:59,
2024-10-07,DY346,NO,,,In Use Elsewhere
2024-10-07,DY371,YES,00:00,23:59,
2024-10-07,DY380,YES,00:00,23:59,
2024-10-07,OH160,YES,00:00,23:59,
2024-10-07,OH253,NO,,,Scheduled Maintenance
2024-10-07,OH362,YES,00:00,23:59,
2024-10-07,RA024,NO,,,Breakdown
2024-10-07,RA114,YES,00:00,23:59,
2024-10-07,RA164,YES,00:00,23:59,
2024-10-07,RA268,YES,00:00,23:59,
2024-10-07,TA148,YES,00:00,23:59,
2024-10-07,TA154,YES,00:00,23:59,
2024-10-07,TA205,NO,,,Scheduled Maintenance
2024-10-07,TO021,YES,00:00,23:59,
2024-10-07,TO033,NO,,,Scheduled Maintenance
2024-10-07,TO149,YES,00:00,23:59,
2024-10-07,TO258,YES,00:00,23:59,
2024-10-08,BA209,YES,00:00,23:59,
2024-10-08,BA249,YES,00:00,23:59,
2024-10-08,BA342,YES,00:00,23:59,
2024-10-08,BA377,YES,00:00,23:59,
2024-10-08,BA383,YES,00:00,23:59,
2024-10-08,DY327,YES,00:00,23:59,
2024-10-08,RA400,YES,00:00,23:59,
2024-10-08,TA131,NO,,,In Use Elsewhere
2024-10-08,TA199,YES,00:00,23:59,
2024-10-08,TA226,YES,00:00,23:59,
2024-10-08,TA292,YES,00:00,23:59,
2024-10-08,TA310,YES,00:00,23:59,
2024-10-08,TO288,NO,,,Scheduled Maintenance
2024-10-08,TO305,YES,00:00,23:59,
2024-10-09,BA174,YES,00:00,23:59,
2024-10-09,BA203,YES,00:00,23:59,
2024-10-09,BA230,NO,,,Breakdown
2024-10-09,BA393,YES,00:00,23:59,
2024-10-09,DY169,YES,00:00,23:59,
2024-10-09,DY224,YES,00:00,23:59,
2024-10-09,DY237,NO,,,In Use Elsewhere
2024-10-09,OH052,YES,00:00,23:59,
2024-10-09,OH076,YES,00:00,23:59,
2024-10-09,OH271,YES,00:00,23:59,
2024-10-09,OH298,NO,,,Breakdown
2024-10-09,OH313,NO,,,Scheduled Maintenance
2024-10-09,OH318,YES,00:00,23:59,
2024-10-09,RA155,YES,00:00,23:59,
2024-10-09,RA198,YES,00:00,23:59,
2024-10-09,RA320,NO,,,Scheduled Maintenance
2024-10-09,RA363,YES,00:00,23:59,
2024-10-09,TA074,NO,,,Scheduled Maintenance
2024-10-09,TA140,NO,,,In Use Elsewhere
2024-10-09,TA225,YES,00:00,23:59,
2024-10-09,TA282,YES,00:00,23:59,
2024-10-09,TA292,YES,00:00,23:59,
2024-10-09,TA325,YES,00:00,23:59,
2024-10-09,TO028,YES,00:00,23:59,
2024-10-09,TO056,YES,00:00,23:59,
2024-10-09,TO257,NO,,,Scheduled Maintenance
2024-10-09,TO316,YES,00:00,23:59,
2024-10-10,BA145,YES,00:00,23:59,
2024-10-10,BA170,YES,00:00,23:59,
2024-10-10,BA342,YES,00:00,23:59,
2024-10-10,DY115,YES,00:00,23:59,
2024-10-10,DY138,NO,,,In Use Elsewhere
2024-10-10,DY143,YES,00:00,23:59,
2024-10-10,DY246,YES,00:00,23:59,
2024-10-10,DY389,YES,00:00,23:59,
2024-10-10,OH010,YES,00:00,23:59,
2024-10-10,OH088,YES,00:00,23:59,
2024-10-10,RA172,YES,00:00,23:59,
2024-10-10,TA074,YES,00:00,23:59,
2024-10-10,TA150,YES,00:00,23:59,
2024-10-10,TA211,NO,,,In Use Elsewhere
2024-10-10,TA280,YES,00:00,23:59,
2024-10-10,TO109,YES,00:00,23:59,
2024-10-11,BA066,NO,,,Scheduled Maintenance
2024-10-11,BA159,YES,00:00,23:59,
2024-10-11,DY090,NO,,,Breakdown
2024-10-11,DY371,YES,00:00,23:59,
2024-10-11,OH072,YES,00:00,23:59,
2024-10-11,OH125,NO,,,Breakdown
2024-10-11,OH130,YES,00:00,23:59,
2024-10-11,OH195,YES,00:00,23:59,
2024-10-11,OH270,YES,00:00,23:59,
2024-10-11,OH313,YES,00:00,23:59,
2024-10-11,OH368,NO,,,Breakdown
2024-10-11,RA210,YES,00:00,23:59,
2024-10-11,RA391,YES,00:00,23:59,
2024-10-11,TA049,NO,,,Breakdown
2024-10-11,TA054,YES,00:00,23:59,
2024-10-11,TA325,YES,00:00,23:59,
2024-10-11,TO047,NO,,,Breakdown
2024-10-11,TO272,YES,00:00,23:59,
2024-10-11,TO287,YES,00:00,23:59,
2024-10-12,BA110,YES,00:00,23:59,
2024-10-12,BA209,YES,00:00,23:59,
2024-10-12,BA383,YES,00:00,23:59,
2024-10-12,DY067,YES,00:00,23:59,
2024-10-12,DY070,YES,00:00,23:59,
2024-10-12,DY327,YES,00:00,23:59,
2024-10-12,OH026,YES,00:00,23:59,
2024-10-12,OH076,YES,00:00,23:59,
2024-10-12,OH130,YES,00:00,23:59,
2024-10-12,OH253,YES,00:00,23:59,
2024-10-12,OH318,YES,00:00,23:59,
2024-10-12,RA013,YES,00:00,23:59,
2024-10-12,RA085,YES,00:00,23:59,
2024-10-12,RA177,NO,,,Breakdown
2024-10-12,RA370,YES,00:00,23:59,
2024-10-12,RA385,YES,00:00,23:59,
2024-10-12,TA107,YES,00:00,23:59,
2024-10-12,TA140,YES,00:00,23:59,
2024-10-12,TO250,YES,00:00,23:59,
2024-10-12,TO260,YES,00:00,23:59,
2024-10-12,TO267,NO,,,Scheduled Maintenance
2024-10-12,TO316,YES,00:00,23:59,
2024-10-13,BA042,YES,00:00,23:59,
2024-10-13,BA203,NO,,,Breakdown
2024-10-13,DY262,YES,00:00,23:59,
2024-10-13,DY371,YES,00:00,23:59,
2024-10-13,DY379,YES,00:00,23:59,
2024-10-13,OH296,YES,00:00,23:59,
2024-10-13,RA053,YES,00:00,23:59,
2024-10-13,RA073,YES,00:00,23:59,
2024-10-13,RA234,YES,00:00,23:59,
2024-10-13,RA295,YES,00:00,23:59,
2024-10-13,RA370,YES,00:00,23:59,
2024-10-13,RA388,YES,00:00,23:59,
2024-10-13,RA391,YES,00:00,23:59,
2024-10-13,TA108,YES,00:00,23:59,
2024-10-13,TO038,YES,00:00,23:59,
2024-10-13,TO041,YES,00:00,23:59,
2024-10-13,TO100,YES,00:00,23:59,
2024-10-13,TO260,YES,00:00,23:59,
2024-10-14,BA293,YES,00:00,23:59,
2024-10-14,DY004,NO,,,Scheduled Maintenance
2024-10-14,DY060,NO,,,In Use Elsewhere
2024-10-14,DY096,YES,00:00,23:59,
2024-10-14,DY105,YES,00:00,23:59,
2024-10-14,DY152,YES,00:00,23:59,
2024-10-14,DY327,YES,00:00,23:59,
2024-10-14,DY399,NO,,,Scheduled Maintenance
2024-10-14,OH092,YES,00:00,23:59,
2024-10-14,OH176,YES,00:00,23:59,
2024-10-14,OH221,YES,00:00,23:59,
2024-10-14,OH296,YES,00:00,23:59,
2024-10-14,OH311,YES,00:00,23:59,
2024-10-14,OH333,YES,00:00,23:59,
2024-10-14,OH343,YES,00:00,23:59,
2024-10-14,OH362,NO,,,Scheduled Maintenance
2024-10-14,RA268,NO,,,Breakdown
2024-10-14,RA303,YES,00:00,23:59,
2024-10-14,RA376,NO,,,Breakdown
2024-10-14,RA397,YES,00:00,23:59,
2024-10-14,TO030,YES,00:00,23:59,
2024-10-14,TO044,YES,00:00,23:59,
2024-10-14,TO250,YES,00:00,23:59,
2024-10-14,TO256,NO,,,Scheduled Maintenance
2024-10-15,BA069,NO,,,Scheduled Maintenance
2024-10-15,BA348,YES,00:00,23:59,
2024-10-15,DY060,YES,00:00,23:59,
2024-10-15,DY096,YES,00:00,23:59,
2024-10-15,OH010,YES,00:00,23:59,
2024-10-15,OH176,YES,00:00,23:59,
2024-10-15,OH182,YES,00:00,23:59,
2024-10-15,OH366,YES,00:00,23:59,
2024-10-15,OH384,YES,00:00,23:59,
2024-10-15,RA172,YES,00:00,23:59,
2024-10-15,RA339,YES,00:00,23:59,
2024-10-15,TA074,YES,00:00,23:59,
2024-10-15,TA131,NO,,,In Use Elsewhere
2024-10-15,TA302,NO,,,Breakdown
2024-10-15,TO044,YES,00:00,23:59,
2024-10-15,TO047,YES,00:00,23:59,
2024-10-15,TO267,YES,00:00,23:59,
2024-10-15,TO316,YES,00:00,23:59,
2024-10-15,TO330,YES,00:00,23:59,
2024-10-15,TO336,NO,,,Breakdown
2024-10-15,TO351,YES,00:00,23:59,
2024-10-20,BA079,YES,00:00,23:59,
2024-10-20,BA247,YES,00:00,23:59,
2024-10-20,DY004,YES,00:00,23:59,
2024-10-20,DY061,YES,00:00,23:59,
2024-10-20,DY345,YES,00:00,23:59,
2024-10-20,DY389,YES,00:00,23:59,
2024-10-20,OH111,YES,00:00,23:59,
2024-10-20,RA013,YES,00:00,23:59,
2024-10-20,RA360,NO,,,Scheduled Maintenance
2024-10-20,RA387,YES,00:00,23:59,
2024-10-20,RA388,YES,00:00,23:59,
2024-10-20,TA078,YES,00:00,23:59,
2024-10-20,TA098,YES,00:00,23:59,
2024-10-20,TA229,NO,,,Scheduled Maintenance
2024-10-20,TO030,NO,,,In Use Elsewhere
2024-10-20,TO123,YES,00:00,23:59,
2024-10-20,TO146,YES,00:00,23:59,
2024-10-20,TO202,YES,00:00,23:59,
2024-10-20,TO364,YES,00:00,23:59,
2024-10-21,BA094,YES,00:00,23:59,
2024-10-21,BA097,YES,00:00,23:59,
2024-10-21,BA151,YES,00:00,23:59,
2024-10-21,BA170,YES,00:00,23:59,
2024-10-21,BA203,YES,00:00,23:59,
2024-10-21,BA299,YES,00:00,23:59,
2024-10-21,DY345,NO,,,Scheduled Maintenance
2024-10-21,DY353,YES,00:00,23:59,
2024-10-21,DY392,YES,00:00,23:59,
2024-10-21,OH025,YES,00:00,23:59,
2024-10-21,OH298,YES,00:00,23:59,
2024-10-21,RA164,YES,00:00,23:59,
2024-10-21,RA210,YES,00:00,23:59,
2024-10-21,RA265,YES,00:00,23:59,
2024-10-21,RA268,YES,00:00,23:59,
2024-10-21,RA391,YES,00:00,23:59,
2024-10-21,TA005,YES,00:00,23:59,
2024-10-21,TA218,YES,00:00,23:59,
2024-10-21,TA280,YES,00:00,23:59,
2024-10-21,TA341,YES,00:00,23:59,
2024-10-21,TO020,YES,00:00,23:59,
2024-10-21,TO187,YES,00:00,23:59,
2024-10-23,BA084,YES,00:00,23:59,
2024-10-23,BA249,YES,00:00,23:59,
2024-10-23,BA383,YES,00:00,23:59,
2024-10-23,OH173,YES,00:00,23:59,
2024-10-23,OH197,YES,00:00,23:59,
2024-10-23,RA156,YES,00:00,23:59,
2024-10-23,RA164,NO,,,In Use Elsewhere
2024-10-23,RA252,YES,00:00,23:59,
2024-10-23,RA337,YES,00:00,23:59,
2024-10-23,RA385,YES,00:00,23:59,
2024-10-23,TO106,YES,00:00,23:59,
2024-10-23,TO166,YES,00:00,23:59,
2024-10-23,TO223,YES,00:00,23:59,
2024-10-23,TO272,YES,00:00,23:59,
2024-10-24,BA079,NO,,,Scheduled Maintenance
2024-10-24,BA113,YES,00:00,23:59,
2024-10-24,BA203,YES,00:00,23:59,
2024-10-24,BA314,YES,00:00,23:59,
2024-10-24,DY014,YES,00:00,23:59,
2024-10-24,DY057,YES,00:00,23:59,
2024-10-24,OH052,YES,00:00,23:59,
2024-10-24,OH082,NO,,,Scheduled Maintenance
2024-10-24,OH130,YES,00:00,23:59,
2024-10-24,OH189,NO,,,Breakdown
2024-10-24,OH207,YES,00:00,23:59,
2024-10-24,OH311,YES,00:00,23:59,
2024-10-24,RA029,YES,00:00,23:59,
2024-10-24,RA163,YES,00:00,23:59,
2024-10-24,RA168,YES,00:00,23:59,
2024-10-24,RA190,YES,00:00,23:59,
2024-10-24,RA329,NO,,,In Use Elsewhere
2024-10-24,TA280,YES,00:00,23:59,
2024-10-24,TA289,YES,00:00,23:59,
2024-10-24,TA361,YES,00:00,23:59,
2024-10-25,BA084,YES,00:00,23:59,
2024-10-25,BA263,NO,,,Scheduled Maintenance
2024-10-25,BA344,YES,00:00,23:59,
2024-10-25,BA383,YES,00:00,23:59,
2024-10-25,DY055,NO,,,Scheduled Maintenance
2024-10-25,DY262,YES,00:00,23:59,
2024-10-25,DY389,YES,00:00,23:59,
2024-10-25,OH086,YES,00:00,23:59,
2024-10-25,OH111,YES,00:00,23:59,
2024-10-25,OH176,YES,00:00,23:59,
2024-10-25,OH366,YES,00:00,23:59,
2024-10-25,OH372,YES,00:00,23:59,
2024-10-25,RA037,YES,00:00,23:59,
2024-10-25,RA192,YES,00:00,23:59,
2024-10-25,RA307,YES,00:00,23:59,
2024-10-25,TA049,YES,00:00,23:59,
2024-10-25,TA063,YES,00:00,23:59,
2024-10-25,TA396,YES,00:00,23:59,
2024-10-25,TO002,YES,00:00,23:59,
2024-10-25,TO166,YES,00:00,23:59,
2024-10-25,TO335,YES,00:00,23:59,
2024-10-26,BA064,YES,00:00,23:59,
2024-10-26,BA102,YES,00:00,23:59,
2024-10-26,BA209,YES,00:00,23:59,
2024-10-26,BA386,YES,00:00,23:59,
2024-10-26,DY122,YES,00:00,23:59,
2024-10-26,DY379,YES,00:00,23:59,
2024-10-26,OH072,NO,,,Scheduled Maintenance
2024-10-26,OH134,YES,00:00,23:59,
2024-10-26,OH142,YES,00:00,23:59,
2024-10-26,OH270,YES,00:00,23:59,
2024-10-26,OH382,YES,00:00,23:59,
2024-10-26,RA037,YES,00:00,23:59,
2024-10-26,RA073,YES,00:00,23:59,
2024-10-26,RA114,NO,,,Breakdown
2024-10-26,TA075,YES,00:00,23:59,
2024-10-26,TA137,YES,00:00,23:59,
2024-10-26,TA269,YES,00:00,23:59,
2024-10-26,TA310,NO,,,In Use Elsewhere
2024-10-26,TO223,YES,00:00,23:59,
2024-10-28,BA188,NO,,,In Use Elsewhere
2024-10-28,BA230,YES,00:00,23:59,
2024-10-28,BA266,YES,00:00,23:59,
2024-10-28,BA381,YES,00:00,23:59,
2024-10-28,DY061,YES,00:00,23:59,
2024-10-28,DY235,YES,00:00,23:59,
2024-10-28,DY244,YES,00:00,23:59,
2024-10-28,DY353,YES,00:00,23:59,
2024-10-28,OH071,YES,00:00,23:59,
2024-10-28,OH092,YES,00:00,23:59,
2024-10-28,OH130,YES,00:00,23:59,
2024-10-28,OH173,YES,00:00,23:59,
2024-10-28,OH338,NO,,,Breakdown
2024-10-28,OH362,YES,00:00,23:59,
2024-10-28,RA087,YES,00:00,23:59,
2024-10-28,RA156,YES,00:00,23:59,
2024-10-28,RA265,YES,00:00,23:59,
2024-10-28,RA286,YES,00:00,23:59,
2024-10-28,RA290,YES,00:00,23:59,
2024-10-28,RA387,YES,00:00,23:59,
2024-10-28,TA118,YES,00:00,23:59,
2024-10-28,TA137,YES,00:00,23:59,
2024-10-28,TA165,YES,00:00,23:59,
2024-10-28,TA280,YES,00:00,23:59,
2024-10-28,TO100,YES,00:00,23:59,
2024-10-28,TO267,YES,00:00,23:59,
2024-10-28,TO305,YES,00:00,23:59,
2024-10-28,TO351,YES,00:00,23:59,
2024-10-29,BA263,YES,00:00,23:59,
2024-10-29,BA381,YES,00:00,23:59,
2024-10-29,DY124,YES,00:00,23:59,
2024-10-29,DY251,YES,00:00,23:59,
2024-10-29,DY327,YES,00:00,23:59,
2024-10-29,DY392,YES,00:00,23:59,
2024-10-29,OH077,YES,00:00,23:59,
2024-10-29,OH271,YES,00:00,23:59,
2024-10-29,OH372,NO,,,Scheduled Maintenance
2024-10-29,RA051,YES,00:00,23:59,
2024-10-29,RA136,YES,00:00,23:59,
2024-10-29,RA320,YES,00:00,23:59,
2024-10-29,RA397,YES,00:00,23:59,
2024-10-29,RA400,YES,00:00,23:59,
2024-10-29,TO256,YES,00:00,23:59,
2024-10-30,BA102,YES,00:00,23:59,
2024-10-30,BA185,YES,00:00,23:59,
2024-10-30,BA324,YES,00:00,23:59,
2024-10-30,BA349,YES,00:00,23:59,
2024-10-30,BA383,YES,00:00,23:59,
2024-10-30,DY067,YES,00:00,23:59,
2024-10-30,DY224,YES,00:00,23:59,
2024-10-30,OH088,YES,00:00,23:59,
2024-10-30,OH239,YES,00:00,23:59,
2024-10-30,RA062,NO,,,In Use Elsewhere
2024-10-30,TA212,YES,00:00,23:59,
2024-10-31,BA084,YES,00:00,23:59,
2024-10-31,BA255,YES,00:00,23:59,
2024-10-31,DY135,NO,,,Scheduled Maintenance
2024-10-31,DY141,YES,00:00,23:59,
2024-10-31,DY194,NO,,,Breakdown
2024-10-31,DY219,YES,00:00,23:59,
2024-10-31,DY262,YES,00:00,23:59,
2024-10-31,OH142,YES,00:00,23:59,
2024-10-31,OH207,NO,,,Scheduled Maintenance
2024-10-31,OH347,YES,00:00,23:59,
2024-10-31,RA051,YES,00:00,23:59,
2024-10-31,RA053,YES,00:00,23:59,
2024-10-31,RA155,YES,00:00,23:59,
2024-10-31,RA190,YES,00:00,23:59,
2024-10-31,RA334,YES,00:00,23:59,
2024-10-31,RA340,YES,00:00,23:59,
2024-10-31,RA387,YES,00:00,23:59,
2024-10-31,TA034,YES,00:00,23:59,
2024-10-31,TA222,YES,00:00,23:59,
2024-10-31,TA233,YES,00:00,23:59,
2024-10-31,TO038,YES,00:00,23:59,
2024-10-31,TO317,YES,00:00,23:59,
2024-11-01,BA170,YES,00:00,23:59,
2024-11-01,BA186,YES,00:00,23:59,
2024-11-01,BA314,YES,00:00,23:59,
2024-11-01,BA377,YES,00:00,23:59,
2024-11-01,BA386,YES,00:00,23:59,
2024-11-01,DY132,NO,,,Breakdown
2024-11-01,OH025,NO,,,Breakdown
2024-11-01,OH080,YES,00:00,23:59,
2024-11-01,OH083,YES,00:00,23:59,
2024-11-01,OH086,NO,,,Scheduled Maintenance
2024-11-01,OH182,YES,00:00,23:59,
2024-11-01,OH195,YES,00:00,23:59,
2024-11-01,OH253,YES,00:00,23:59,
2024-11-01,RA037,YES,00:00,23:59,
2024-11-01,RA081,YES,00:00,23:59,
2024-11-01,RA376,YES,00:00,23:59,
2024-11-01,TA049,NO,,,In Use Elsewhere
2024-11-01,TA275,NO,,,In Use Elsewhere
2024-11-01,TO047,YES,00:00,23:59,
2024-11-01,TO100,YES,00:00,23:59,
2024-11-01,TO187,YES,00:00,23:59,
2024-11-01,TO228,YES,00:00,23:59,
2024-11-01,TO316,YES,00:00,23:59,
2024-11-02,BA066,YES,00:00,23:59,
2024-11-02,BA188,YES,00:00,23:59,
2024-11-02,DY124,YES,00:00,23:59,
2024-11-02,DY167,YES,00:00,23:59,
2024-11-02,DY262,YES,00:00,23:59,
2024-11-02,DY309,YES,00:00,23:59,
2024-11-02,DY319,NO,,,In Use Elsewhere
2024-11-02,OH080,NO,,,Scheduled Maintenance
2024-11-02,OH173,YES,00:00,23:59,
2024-11-02,OH182,YES,00:00,23:59,
2024-11-02,OH239,YES,00:00,23:59,
2024-11-02,OH301,YES,00:00,23:59,
2024-11-02,OH313,YES,00:00,23:59,
2024-11-02,OH372,YES,00:00,23:59,
2024-11-02,RA043,YES,00:00,23:59,
2024-11-02,RA087,YES,00:00,23:59,
2024-11-02,RA156,YES,00:00,23:59,
2024-11-02,RA210,NO,,,Breakdown
2024-11-02,RA306,YES,00:00,23:59,
2024-11-02,TA099,NO,,,Scheduled Maintenance
2024-11-02,TA148,NO,,,Breakdown
2024-11-02,TA154,NO,,,Scheduled Maintenance
2024-11-02,TA165,YES,00:00,23:59,
2024-11-02,TA291,YES,00:00,23:59,
2024-11-04,BA094,YES,00:00,23:59,
2024-11-04,BA113,YES,00:00,23:59,
2024-11-04,BA185,YES,00:00,23:59,
2024-11-04,BA300,YES,00:00,23:59,
2024-11-04,DY161,NO,,,Breakdown
2024-11-04,DY374,YES,00:00,23:59,
2024-11-04,RA039,YES,00:00,23:59,
2024-11-04,RA172,YES,00:00,23:59,
2024-11-04,RA234,YES,00:00,23:59,
2024-11-04,RA265,YES,00:00,23:59,
2024-11-04,RA320,YES,00:00,23:59,
2024-11-04,RA329,YES,00:00,23:59,
2024-11-04,RA334,YES,00:00,23:59,
2024-11-04,RA363,YES,00:00,23:59,
2024-11-04,TA220,YES,00:00,23:59,
2024-11-04,TO032,YES,00:00,23:59,
2024-11-04,TO335,YES,00:00,23:59,
2024-11-06,BA058,YES,00:00,23:59,
2024-11-06,BA104,YES,00:00,23:59,
2024-11-06,BA127,YES,00:00,23:59,
2024-11-06,BA209,NO,,,Scheduled Maintenance
2024-11-06,BA247,YES,00:00,23:59,
2024-11-06,BA349,NO,,,Scheduled Maintenance
2024-11-06,BA355,YES,00:00,23:59,
2024-11-06,BA383,YES,00:00,23:59,
2024-11-06,DY216,YES,00:00,23:59,
2024-11-06,RA043,YES,00:00,23:59,
2024-11-06,RA155,YES,00:00,23:59,
2024-11-06,RA198,YES,00:00,23:59,
2024-11-06,RA238,YES,00:00,23:59,
2024-11-06,RA337,YES,00:00,23:59,
2024-11-06,RA373,YES,00:00,23:59,
2024-11-06,TA098,YES,00:00,23:59,
2024-11-06,TA140,NO,,,Scheduled Maintenance
2024-11-06,TA212,YES,00:00,23:59,
2024-11-06,TA222,YES,00:00,23:59,
2024-11-06,TO166,YES,00:00,23:59,
2024-11-06,TO260,NO,,,In Use Elsewhere
2024-11-08,BA095,YES,00:00,23:59,
2024-11-08,BA117,YES,00:00,23:59,
2024-11-08,BA145,YES,00:00,23:59,
2024-11-08,BA151,YES,00:00,23:59,
2024-11-08,BA386,YES,00:00,23:59,
2024-11-08,DY121,YES,00:00,23:59,
2024-11-08,DY217,NO,,,Breakdown
2024-11-08,DY392,YES,00:00,23:59,
2024-11-08,OH007,YES,00:00,23:59,
2024-11-08,OH071,YES,00:00,23:59,
2024-11-08,OH088,YES,00:00,23:59,
2024-11-08,OH103,YES,00:00,23:59,
2024-11-08,OH191,YES,00:00,23:59,
2024-11-08,OH296,YES,00:00,23:59,
2024-11-08,TA075,YES,00:00,23:59,
2024-11-08,TO166,YES,00:00,23:59,
2024-11-08,TO187,YES,00:00,23:59,
2024-11-08,TO272,YES,00:00,23:59,
2024-11-08,TO317,YES,00:00,23:59,
2024-11-09,BA094,YES,00:00,23:59,
2024-11-09,BA110,YES,00:00,23:59,
2024-11-09,BA153,NO,,,Scheduled Maintenance
2024-11-09,BA208,YES,00:00,23:59,
2024-11-09,BA383,YES,00:00,23:59,
2024-11-09,DY121,YES,00:00,23:59,
2024-11-09,DY138,YES,00:00,23:59,
2024-11-09,DY281,YES,00:00,23:59,
2024-11-09,DY353,NO,,,In Use Elsewhere
2024-11-09,DY369,YES,00:00,23:59,
2024-11-09,OH026,YES,00:00,23:59,
2024-11-09,OH125,YES,00:00,23:59,
2024-11-09,OH312,NO,,,In Use Elsewhere
2024-11-09,RA210,YES,00:00,23:59,
2024-11-09,RA320,YES,00:00,23:59,
2024-11-09,TA222,YES,00:00,23:59,
2024-11-09,TA264,YES,00:00,23:59,
2024-11-09,TA394,YES,00:00,23:59,
2024-11-09,TO317,YES,00:00,23:59,
2024-11-09,TO350,YES,00:00,23:59,
2024-11-11,BA126,YES,00:00,23:59,
2024-11-11,BA145,YES,00:00,23:59,
2024-11-11,BA188,YES,00:00,23:59,
2024-11-11,BA259,YES,00:00,23:59,
2024-11-11,BA355,YES,00:00,23:59,
2024-11-11,DY060,YES,00:00,23:59,
2024-11-11,DY115,NO,,,Scheduled Maintenance
2024-11-11,OH023,YES,00:00,23:59,
2024-11-11,OH072,YES,00:00,23:59,
2024-11-11,OH254,YES,00:00,23:59,
2024-11-11,RA119,YES,00:00,23:59,
2024-11-11,RA164,YES,00:00,23:59,
2024-11-11,RA286,YES,00:00,23:59,
2024-11-11,RA388,YES,00:00,23:59,
2024-11-11,RA400,NO,,,Scheduled Maintenance
2024-11-11,TA199,YES,00:00,23:59,
2024-11-11,TA215,YES,00:00,23:59,
2024-11-11,TO021,YES,00:00,23:59,
2024-11-11,TO193,YES,00:00,23:59,
2024-11-13,BA016,YES,00:00,23:59,
2024-11-13,BA102,YES,00:00,23:59,
2024-11-13,BA113,YES,00:00,23:59,
2024-11-13,BA126,YES,00:00,23:59,
2024-11-13,BA159,YES,00:00,23:59,
2024-11-13,BA170,YES,00:00,23:59,
2024-11-13,BA259,YES,00:00,23:59,
2024-11-13,BA324,YES,00:00,23:59,
2024-11-13,DY018,YES,00:00,23:59,
2024-11-13,DY181,YES,00:00,23:59,
2024-11-13,DY309,YES,00:00,23:59,
2024-11-13,OH092,YES,00:00,23:59,
2024-11-13,OH176,YES,00:00,23:59,
2024-11-13,RA162,YES,00:00,23:59,
2024-11-13,RA172,YES,00:00,23:59,
2024-11-13,RA360,YES,00:00,23:59,
2024-11-13,TA068,YES,00:00,23:59,
2024-11-13,TA074,YES,00:00,23:59,
2024-11-13,TA212,YES,00:00,23:59,
2024-11-13,TA227,NO,,,Scheduled Maintenance
2024-11-13,TA233,YES,00:00,23:59,
2024-11-13,TA289,YES,00:00,23:59,
2024-11-13,TO101,YES,00:00,23:59,
2024-11-13,TO112,YES,00:00,23:59,
2024-11-13,TO326,YES,00:00,23:59,
2024-11-14,BA064,YES,00:00,23:59,
2024-11-14,BA069,YES,00:00,23:59,
2024-11-14,BA247,YES,00:00,23:59,
2024-11-14,DY124,NO,,,Scheduled Maintenance
2024-11-14,DY152,NO,,,In Use Elsewhere
2024-11-14,DY216,YES,00:00,23:59,
2024-11-14,DY244,YES,00:00,23:59,
2024-11-14,DY353,YES,00:00,23:59,
2024-11-14,OH072,YES,00:00,23:59,
2024-11-14,OH182,YES,00:00,23:59,
2024-11-14,OH366,YES,00:00,23:59,
2024-11-14,OH390,NO,,,Scheduled Maintenance
2024-11-14,OH395,YES,00:00,23:59,
2024-11-14,RA051,YES,00:00,23:59,
2024-11-14,RA053,YES,00:00,23:59,
2024-11-14,RA206,NO,,,Scheduled Maintenance
2024-11-14,RA241,NO,,,Breakdown
2024-11-14,RA286,YES,00:00,23:59,
2024-11-14,RA373,NO,,,In Use Elsewhere
2024-11-14,TA098,NO,,,In Use Elsewhere
2024-11-14,TA120,YES,00:00,23:59,
2024-11-14,TA283,YES,00:00,23:59,
2024-11-14,TA302,NO,,,Breakdown
2024-11-14,TO101,YES,00:00,23:59,
2024-11-14,TO187,YES,00:00,23:59,
2024-11-14,TO272,NO,,,In Use Elsewhere
2024-11-15,BA064,YES,00:00,23:59,
2024-11-15,BA349,YES,00:00,23:59,
2024-11-15,OH103,YES,00:00,23:59,
2024-11-15,OH134,YES,00:00,23:59,
2024-11-15,OH357,YES,00:00,23:59,
2024-11-15,OH390,NO,,,In Use Elsewhere
2024-11-15,RA039,YES,00:00,23:59,
2024-11-15,RA114,YES,00:00,23:59,
2024-11-15,RA164,YES,00:00,23:59,
2024-11-15,RA252,YES,00:00,23:59,
2024-11-15,RA278,YES,00:00,23:59,
2024-11-15,TA068,NO,,,Scheduled Maintenance
2024-11-15,TA292,NO,,,In Use Elsewhere
2024-11-15,TO106,YES,00:00,23:59,
2024-11-15,TO351,YES,00:00,23:59,
2024-11-16,BA066,NO,,,Scheduled Maintenance
2024-11-16,BA084,YES,00:00,23:59,
2024-11-16,BA170,YES,00:00,23:59,
2024-11-16,BA174,YES,00:00,23:59,
2024-11-16,BA203,YES,00:00,23:59,
2024-11-16,BA242,YES,00:00,23:59,
2024-11-16,BA304,NO,,,Scheduled Maintenance
2024-11-16,BA332,YES,00:00,23:59,
2024-11-16,BA355,YES,00:00,23:59,
2024-11-16,DY014,YES,00:00,23:59,
2024-11-16,DY232,YES,00:00,23:59,
2024-11-16,DY346,YES,00:00,23:59,
2024-11-16,OH076,YES,00:00,23:59,
2024-11-16,OH111,NO,,,Breakdown
2024-11-16,OH189,YES,00:00,23:59,
2024-11-16,OH270,YES,00:00,23:59,
2024-11-16,OH312,YES,00:00,23:59,
2024-11-16,OH343,YES,00:00,23:59,
2024-11-16,RA116,YES,00:00,23:59,
2024-11-16,RA290,YES,00:00,23:59,
2024-11-16,RA303,YES,00:00,23:59,
2024-11-16,RA387,YES,00:00,23:59,
2024-11-16,TA147,YES,00:00,23:59,
2024-11-16,TA205,YES,00:00,23:59,
2024-11-16,TA396,YES,00:00,23:59,
2024-11-16,TO260,YES,00:00,23:59,
2024-11-16,TO330,YES,00:00,23:59,
2024-11-16,TO350,NO,,,In Use Elsewhere
2024-11-18,BA242,YES,00:00,23:59,
2024-11-18,BA255,YES,00:00,23:59,
2024-11-18,DY014,YES,00:00,23:59,
2024-11-18,DY070,YES,00:00,23:59,
2024-11-18,DY194,YES,00:00,23:59,
2024-11-18,DY356,YES,00:00,23:59,
2024-11-18,OH312,YES,00:00,23:59,
2024-11-18,RA240,YES,00:00,23:59,
2024-11-18,TA027,YES,00:00,23:59,
2024-11-18,TA165,NO,,,Scheduled Maintenance
2024-11-18,TA212,YES,00:00,23:59,
2024-11-18,TA227,YES,00:00,23:59,
2024-11-18,TO009,YES,00:00,23:59,
2024-11-18,TO101,YES,00:00,23:59,
2024-11-18,TO106,YES,00:00,23:59,
2024-11-19,DY004,YES,00:00,23:59,
2024-11-19,DY012,YES,00:00,23:59,
2024-11-19,DY090,YES,00:00,23:59,
2024-11-19,DY235,YES,00:00,23:59,
2024-11-19,DY279,YES,00:00,23:59,
2024-11-19,DY315,YES,00:00,23:59,
2024-11-19,DY379,YES,00:00,23:59,
2024-11-19,OH254,YES,00:00,23:59,
2024-11-19,OH390,YES,00:00,23:59,
2024-11-19,RA008,YES,00:00,23:59,
2024-11-19,RA029,YES,00:00,23:59,
2024-11-19,RA172,YES,00:00,23:59,
2024-11-19,RA204,YES,00:00,23:59,
2024-11-19,RA265,YES,00:00,23:59,
2024-11-19,RA360,NO,,,In Use Elsewhere
2024-11-19,TA034,YES,00:00,23:59,
2024-11-19,TA361,YES,00:00,23:59,
2024-11-22,BA144,YES,00:00,23:59,
2024-11-22,BA208,YES,00:00,23:59,
2024-11-22,BA209,YES,00:00,23:59,
2024-11-22,BA355,NO,,,In Use Elsewhere
2024-11-22,DY001,YES,00:00,23:59,
2024-11-22,DY067,YES,00:00,23:59,
2024-11-22,DY180,YES,00:00,23:59,
2024-11-22,DY224,YES,00:00,23:59,
2024-11-22,DY237,YES,00:00,23:59,
2024-11-22,OH296,YES,00:00,23:59,
2024-11-22,RA048,YES,00:00,23:59,
2024-11-22,RA252,YES,00:00,23:59,
2024-11-22,TA211,YES,00:00,23:59,
2024-11-22,TA218,YES,00:00,23:59,
2024-11-22,TA394,YES,00:00,23:59,
2024-11-22,TA396,YES,00:00,23:59,
2024-11-22,TO009,YES,00:00,23:59,
2024-11-22,TO112,YES,00:00,23:59,
2024-11-22,TO175,YES,00:00,23:59,
2024-11-22,TO193,NO,,,Scheduled Maintenance
2024-11-23,BA102,YES,00:00,23:59,
2024-11-23,BA174,YES,00:00,23:59,
2024-11-23,BA209,YES,00:00,23:59,
2024-11-23,BA247,YES,00:00,23:59,
2024-11-23,DY017,YES,00:00,23:59,
2024-11-23,DY055,NO,,,Scheduled Maintenance
2024-11-23,DY121,YES,00:00,23:59,
2024-11-23,DY143,NO,,,Breakdown
2024-11-23,DY152,YES,00:00,23:59,
2024-11-23,DY161,YES,00:00,23:59,
2024-11-23,OH294,YES,00:00,23:59,
2024-11-23,OH333,YES,00:00,23:59,
2024-11-23,RA035,YES,00:00,23:59,
2024-11-23,RA037,YES,00:00,23:59,
2024-11-23,RA087,YES,00:00,23:59,
2024-11-23,RA210,YES,00:00,23:59,
2024-11-23,RA265,YES,00:00,23:59,
2024-11-23,RA276,YES,00:00,23:59,
2024-11-23,RA320,YES,00:00,23:59,
2024-11-23,TA285,YES,00:00,23:59,
2024-11-23,TA289,YES,00:00,23:59,
2024-11-23,TO179,YES,00:00,23:59,
2024-11-23,TO316,NO,,,Breakdown
2024-11-23,TO335,YES,00:00,23:59,
2024-11-24,BA095,YES,00:00,23:59,
2024-11-24,BA145,YES,00:00,23:59,
2024-11-24,DY374,NO,,,In Use Elsewhere
2024-11-24,OH006,YES,00:00,23:59,
2024-11-24,OH301,YES,00:00,23:59,
2024-11-24,RA039,YES,00:00,23:59,
2024-11-24,RA053,YES,00:00,23:59,
2024-11-24,RA210,NO,,,Breakdown
2024-11-24,RA273,YES,00:00,23:59,
2024-11-24,TA054,YES,00:00,23:59,
2024-11-24,TA227,YES,00:00,23:59,
2024-11-24,TO047,YES,00:00,23:59,
2024-11-24,TO056,YES,00:00,23:59,
2024-11-24,TO109,YES,00:00,23:59,
2024-11-24,TO146,YES,00:00,23:59,
2024-11-24,TO317,YES,00:00,23:59,
2024-11-25,BA084,NO,,,Scheduled Maintenance
2024-11-25,BA348,NO,,,Scheduled Maintenance
2024-11-25,BA393,NO,,,Breakdown
2024-11-25,DY014,YES,00:00,23:59,
2024-11-25,DY045,YES,00:00,23:59,
2024-11-25,DY194,YES,00:00,23:59,
2024-11-25,DY216,YES,00:00,23:59,
2024-11-25,DY235,YES,00:00,23:59,
2024-11-25,DY389,NO,,,In Use Elsewhere
2024-11-25,OH023,YES,00:00,23:59,
2024-11-25,OH059,NO,,,Breakdown
2024-11-25,OH270,YES,00:00,23:59,
2024-11-25,RA008,YES,00:00,23:59,
2024-11-25,RA051,YES,00:00,23:59,
2024-11-25,RA360,YES,00:00,23:59,
2024-11-25,RA373,YES,00:00,23:59,
2024-11-25,RA387,YES,00:00,23:59,
2024-11-25,RA388,NO,,,In Use Elsewhere
2024-11-25,TA049,YES,00:00,23:59,
2024-11-25,TA341,YES,00:00,23:59,
2024-11-25,TO032,YES,00:00,23:59,
2024-11-25,TO129,YES,00:00,23:59,
2024-11-25,TO187,YES,00:00,23:59,
2024-11-26,BA186,YES,00:00,23:59,
2024-11-26,BA274,YES,00:00,23:59,
2024-11-26,DY236,NO,,,In Use Elsewhere
2024-11-26,DY237,NO,,,In Use Elsewhere
2024-11-26,DY246,YES,00:00,23:59,
2024-11-26,DY262,NO,,,Scheduled Maintenance
2024-11-26,DY389,YES,00:00,23:59,
2024-11-26,OH076,YES,00:00,23:59,
2024-11-26,OH111,YES,00:00,23:59,
2024-11-26,OH191,YES,00:00,23:59,
2024-11-26,OH207,YES,00:00,23:59,
2024-11-26,OH318,YES,00:00,23:59,
2024-11-26,OH368,YES,00:00,23:59,
2024-11-26,RA043,NO,,,Breakdown
2024-11-26,RA397,YES,00:00,23:59,
2024-11-26,TA036,YES,00:00,23:59,
2024-11-26,TA218,YES,00:00,23:59,
2024-11-26,TA289,YES,00:00,23:59,
2024-11-26,TA325,YES,00:00,23:59,
2024-11-26,TO109,YES,00:00,23:59,
2024-11-26,TO335,YES,00:00,23:59,
2024-11-26,TO351,YES,00:00,23:59,
2024-11-27,BA110,NO,,,In Use Elsewhere
2024-11-27,BA127,YES,00:00,23:59,
2024-11-27,BA230,YES,00:00,23:59,
2024-11-27,BA249,YES,00:00,23:59,
2024-11-27,BA381,YES,00:00,23:59,
2024-11-27,DY012,YES,00:00,23:59,
2024-11-27,DY152,YES,00:00,23:59,
2024-11-27,DY353,YES,00:00,23:59,
2024-11-27,DY371,YES,00:00,23:59,
2024-11-27,OH050,YES,00:00,23:59,
2024-11-27,OH103,YES,00:00,23:59,
2024-11-27,OH111,YES,00:00,23:59,
2024-11-27,OH191,YES,00:00,23:59,
2024-11-27,RA340,YES,00:00,23:59,
2024-11-27,RA370,YES,00:00,23:59,
2024-11-27,RA385,YES,00:00,23:59,
2024-11-27,TA034,YES,00:00,23:59,
2024-11-27,TA054,YES,00:00,23:59,
2024-11-27,TA089,YES,00:00,23:59,
2024-11-27,TA226,YES,00:00,23:59,
2024-11-27,TA396,YES,00:00,23:59,
2024-11-27,TO202,YES,00:00,23:59,
2024-11-27,TO267,YES,00:00,23:59,
2024-11-27,TO330,YES,00:00,23:59,
2024-11-28,BA145,YES,00:00,23:59,
2024-11-28,BA259,YES,00:00,23:59,
2024-11-28,BA266,NO,,,Scheduled Maintenance
2024-11-28,BA358,YES,00:00,23:59,
2024-11-28,DY132,YES,00:00,23:59,
2024-11-28,DY315,YES,00:00,23:59,
2024-11-28,DY379,YES,00:00,23:59,
2024-11-28,OH191,NO,,,Breakdown
2024-11-28,OH311,YES,00:00,23:59,
2024-11-28,OH352,YES,00:00,23:59,
2024-11-28,RA290,YES,00:00,23:59,
2024-11-28,RA367,YES,00:00,23:59,
2024-11-28,TO044,YES,00:00,23:59,
2024-11-28,TO106,NO,,,In Use Elsewhere
2024-11-28,TO187,YES,00:00,23:59,
2024-11-29,BA159,YES,00:00,23:59,
2024-11-29,BA242,YES,00:00,23:59,
2024-11-29,DY115,YES,00:00,23:59,
2024-11-29,DY121,NO,,,Breakdown
2024-11-29,DY232,YES,00:00,23:59,
2024-11-29,DY379,NO,,,Breakdown
2024-11-29,OH213,YES,00:00,23:59,
2024-11-29,OH372,YES,00:00,23:59,
2024-11-29,RA387,YES,00:00,23:59,
2024-11-29,RA400,YES,00:00,23:59,
2024-11-29,TA034,YES,00:00,23:59,
2024-11-29,TA036,YES,00:00,23:59,
2024-11-29,TO033,YES,00:00,23:59,
2024-11-29,TO166,NO,,,Scheduled Maintenance
2024-11-29,TO272,YES,00:00,23:59,
2024-11-29,TO284,YES,00:00,23:59,
2024-11-29,TO288,YES,00:00,23:59,
2024-11-29,TO330,YES,00:00,23:59,
2024-12-01,BA097,YES,00:00,23:59,
2024-12-01,BA144,YES,00:00,23:59,
2024-12-01,BA153,NO,,,Breakdown
2024-12-01,DY040,YES,00:00,23:59,
2024-12-01,DY327,NO,,,Scheduled Maintenance
2024-12-01,OH173,YES,00:00,23:59,
2024-12-01,OH296,YES,00:00,23:59,
2024-12-01,OH338,YES,00:00,23:59,
2024-12-01,OH372,YES,00:00,23:59,
2024-12-01,RA035,YES,00:00,23:59,
2024-12-01,RA206,YES,00:00,23:59,
2024-12-01,RA273,NO,,,In Use Elsewhere
2024-12-01,RA276,YES,00:00,23:59,
2024-12-01,RA286,YES,00:00,23:59,
2024-12-01,RA320,YES,00:00,23:59,
2024-12-02,BA186,NO,,,In Use Elsewhere
2024-12-02,BA209,YES,00:00,23:59,
2024-12-02,BA393,YES,00:00,23:59,
2024-12-02,DY180,NO,,,In Use Elsewhere
2024-12-02,DY194,YES,00:00,23:59,
2024-12-02,DY327,YES,00:00,23:59,
2024-12-02,DY331,YES,00:00,23:59,
2024-12-02,DY371,YES,00:00,23:59,
2024-12-02,OH093,YES,00:00,23:59,
2024-12-02,OH134,YES,00:00,23:59,
2024-12-02,OH176,YES,00:00,23:59,
2024-12-02,OH214,YES,00:00,23:59,
2024-12-02,OH271,YES,00:00,23:59,
2024-12-02,OH343,NO,,,Scheduled Maintenance
2024-12-02,OH357,NO,,,Breakdown
2024-12-02,OH362,NO,,,In Use Elsewhere
2024-12-02,RA013,YES,00:00,23:59,
2024-12-02,RA048,YES,00:00,23:59,
2024-12-02,RA339,YES,00:00,23:59,
2024-12-02,RA388,YES,00:00,23:59,
2024-12-02,TA089,YES,00:00,23:59,
2024-12-02,TA220,NO,,,Scheduled Maintenance
2024-12-02,TA233,YES,00:00,23:59,
2024-12-02,TA396,YES,00:00,23:59,
2024-12-02,TO020,NO,,,In Use Elsewhere
2024-12-02,TO193,YES,00:00,23:59,
2024-12-02,TO243,YES,00:00,23:59,
2024-12-03,BA066,YES,00:00,23:59,
2024-12-03,BA069,YES,00:00,23:59,
2024-12-03,BA255,NO,,,Scheduled Maintenance
2024-12-03,BA266,YES,00:00,23:59,
2024-12-03,BA355,YES,00:00,23:59,
2024-12-03,DY060,YES,00:00,23:59,
2024-12-03,DY322,NO,,,In Use Elsewhere
2024-12-03,OH301,NO,,,In Use Elsewhere
2024-12-03,RA119,NO,,,In Use Elsewhere
2024-12-03,RA162,YES,00:00,23:59,
2024-12-03,RA340,YES,00:00,23:59,
2024-12-03,TA120,YES,00:00,23:59,
2024-12-03,TA264,YES,00:00,23:59,
2024-12-03,TO028,YES,00:00,23:59,
2024-12-03,TO243,YES,00:00,23:59,
2024-12-04,BA066,YES,00:00,23:59,
2024-12-04,BA084,NO,,,In Use Elsewhere
2024-12-04,BA097,NO,,,Scheduled Maintenance
2024-12-04,BA358,YES,00:00,23:59,
2024-12-04,BA381,YES,00:00,23:59,
2024-12-04,DY399,YES,00:00,23:59,
2024-12-04,OH072,YES,00:00,23:59,
2024-12-04,RA163,YES,00:00,23:59,
2024-12-04,RA290,YES,00:00,23:59,
2024-12-04,RA329,YES,00:00,23:59,
2024-12-04,TA075,YES,00:00,23:59,
2024-12-04,TA283,YES,00:00,23:59,
2024-12-04,TO020,YES,00:00,23:59,
2024-12-04,TO056,YES,00:00,23:59,
2024-12-04,TO257,NO,,,Breakdown
2024-12-04,TO258,NO,,,Scheduled Maintenance
2024-12-06,BA095,YES,00:00,23:59,
2024-12-06,BA230,YES,00:00,23:59,
2024-12-06,BA323,YES,00:00,23:59,
2024-12-06,BA383,YES,00:00,23:59,
2024-12-06,DY105,YES,00:00,23:59,
2024-12-06,DY133,YES,00:00,23:59,
2024-12-06,DY141,YES,00:00,23:59,
2024-12-06,DY161,YES,00:00,23:59,
2024-12-06,DY246,YES,00:00,23:59,
2024-12-06,DY356,NO,,,In Use Elsewhere
2024-12-06,OH142,YES,00:00,23:59,
2024-12-06,OH338,YES,00:00,23:59,
2024-12-06,RA048,NO,,,Scheduled Maintenance
2024-12-06,RA114,YES,00:00,23:59,
2024-12-06,RA168,YES,00:00,23:59,
2024-12-06,RA363,YES,00:00,23:59,
2024-12-06,TA120,YES,00:00,23:59,
2024-12-06,TA148,YES,00:00,23:59,
2024-12-06,TA165,YES,00:00,23:59,
2024-12-06,TO260,NO,,,Scheduled Maintenance
2024-12-06,TO364,YES,00:00,23:59,
2024-12-07,DY004,YES,00:00,23:59,
2024-12-07,DY067,YES,00:00,23:59,
2024-12-07,DY121,YES,00:00,23:59,
2024-12-07,DY132,YES,00:00,23:59,
2024-12-07,DY374,YES,00:00,23:59,
2024-12-07,OH083,YES,00:00,23:59,
2024-12-07,OH382,YES,00:00,23:59,
2024-12-07,OH384,YES,00:00,23:59,
2024-12-07,RA013,YES,00:00,23:59,
2024-12-07,RA031,YES,00:00,23:59,
2024-12-07,RA190,NO,,,Scheduled Maintenance
2024-12-07,RA306,YES,00:00,23:59,
2024-12-07,RA307,YES,00:00,23:59,
2024-12-07,TA036,YES,00:00,23:59,
2024-12-07,TA108,YES,00:00,23:59,
2024-12-07,TA118,YES,00:00,23:59,
2024-12-07,TA137,YES,00:00,23:59,
2024-12-07,TA212,YES,00:00,23:59,
2024-12-07,TA218,YES,00:00,23:59,
2024-12-07,TA275,YES,00:00,23:59,
2024-12-07,TA302,NO,,,In Use Elsewhere
2024-12-07,TA361,YES,00:00,23:59,
2024-12-07,TO146,YES,00:00,23:59,
2024-12-07,TO187,YES,00:00,23:59,
2024-12-09,BA266,YES,00:00,23:59,
2024-12-09,BA332,YES,00:00,23:59,
2024-12-09,DY045,YES,00:00,23:59,
2024-12-09,DY315,YES,00:00,23:59,
2024-12-09,DY398,YES,00:00,23:59,
2024-12-09,OH176,NO,,,Scheduled Maintenance
2024-12-09,OH195,YES,00:00,23:59,
2024-12-09,RA011,NO,,,Breakdown
2024-12-09,RA013,YES,00:00,23:59,
2024-12-09,RA136,YES,00:00,23:59,
2024-12-09,RA373,YES,00:00,23:59,
2024-12-09,TA098,YES,00:00,23:59,
2024-12-09,TA120,YES,00:00,23:59,
2024-12-09,TA289,YES,00:00,23:59,
2024-12-09,TO028,NO,,,Breakdown
2024-12-10,BA117,YES,00:00,23:59,
2024-12-10,BA186,YES,00:00,23:59,
2024-12-10,DY014,YES,00:00,23:59,
2024-12-10,DY091,YES,00:00,23:59,
2024-12-10,DY279,YES,00:00,23:59,
2024-12-10,DY281,NO,,,In Use Elsewhere
2024-12-10,DY380,YES,00:00,23:59,
2024-12-10,DY398,NO,,,Breakdown
2024-12-10,OH093,YES,00:00,23:59,
2024-12-10,OH352,NO,,,Scheduled Maintenance
2024-12-10,RA043,YES,00:00,23:59,
2024-12-10,RA073,YES,00:00,23:59,
2024-12-10,RA081,YES,00:00,23:59,
2024-12-10,RA139,YES,00:00,23:59,
2024-12-10,RA268,YES,00:00,23:59,
2024-12-10,RA308,YES,00:00,23:59,
2024-12-10,RA385,YES,00:00,23:59,
2024-12-10,RA391,NO,,,In Use Elsewhere
2024-12-10,TA065,YES,00:00,23:59,
2024-12-10,TA140,YES,00:00,23:59,
2024-12-10,TO038,YES,00:00,23:59,
2024-12-10,TO044,YES,00:00,23:59,
2024-12-10,TO193,YES,00:00,23:59,
2024-12-11,BA113,YES,00:00,23:59,
2024-12-11,BA185,YES,00:00,23:59,
2024-12-11,DY135,YES,00:00,23:59,
2024-12-11,DY235,NO,,,Scheduled Maintenance
2024-12-11,DY322,NO,,,Breakdown
2024-12-11,DY331,YES,00:00,23:59,
2024-12-11,DY399,YES,00:00,23:59,
2024-12-11,OH076,NO,,,Scheduled Maintenance
2024-12-11,OH083,YES,00:00,23:59,
2024-12-11,OH347,YES,00:00,23:59,
2024-12-11,RA048,YES,00:00,23:59,
2024-12-11,RA198,YES,00:00,23:59,
2024-12-11,RA290,YES,00:00,23:59,
2024-12-11,RA307,YES,00:00,23:59,
2024-12-11,RA388,YES,00:00,23:59,
2024-12-11,TA199,NO,,,Scheduled Maintenance
2024-12-11,TA225,YES,00:00,23:59,
2024-12-11,TA292,YES,00:00,23:59,
2024-12-11,TO002,YES,00:00,23:59,
2024-12-13,BA188,YES,00:00,23:59,
2024-12-13,BA249,YES,00:00,23:59,
2024-12-13,DY219,YES,00:00,23:59,
2024-12-13,OH071,YES,00:00,23:59,
2024-12-13,OH343,YES,00:00,23:59,
2024-12-13,RA008,YES,00:00,23:59,
2024-12-13,RA306,YES,00:00,23:59,
2024-12-13,RA387,YES,00:00,23:59,
2024-12-13,RA400,NO,,,Scheduled Maintenance
2024-12-13,TA034,YES,00:00,23:59,
2024-12-13,TA107,YES,00:00,23:59,
2024-12-13,TA289,YES,00:00,23:59,
2024-12-13,TA341,YES,00:00,23:59,
2024-12-13,TO021,YES,00:00,23:59,
2024-12-15,BA064,YES,00:00,23:59,
2024-12-15,BA097,YES,00:00,23:59,
2024-12-15,BA113,YES,00:00,23:59,
2024-12-15,BA266,YES,00:00,23:59,
2024-12-15,BA348,YES,00:00,23:59,
2024-12-15,DY004,YES,00:00,23:59,
2024-12-15,DY061,YES,00:00,23:59,
2024-12-15,DY132,YES,00:00,23:59,
2024-12-15,DY157,YES,00:00,23:59,
2024-12-15,DY167,YES,00:00,23:59,
2024-12-15,DY217,YES,00:00,23:59,
2024-12-15,DY356,YES,00:00,23:59,
2024-12-15,DY374,YES,00:00,23:59,
2024-12-15,OH182,YES,00:00,23:59,
2024-12-15,OH313,YES,00:00,23:59,
2024-12-15,OH395,NO,,,Scheduled Maintenance
2024-12-15,RA306,YES,00:00,23:59,
2024-12-15,TA005,YES,00:00,23:59,
2024-12-15,TA137,YES,00:00,23:59,
2024-12-15,TA205,YES,00:00,23:59,
2024-12-15,TA220,YES,00:00,23:59,
2024-12-15,TO021,YES,00:00,23:59,
2024-12-16,BA247,YES,00:00,23:59,
2024-12-16,BA274,YES,00:00,23:59,
2024-12-16,BA300,YES,00:00,23:59,
2024-12-16,BA342,NO,,,Breakdown
2024-12-16,DY017,NO,,,Scheduled Maintenance
2024-12-16,DY178,YES,00:00,23:59,
2024-12-16,OH372,YES,00:00,23:59,
2024-12-16,RA062,NO,,,Breakdown
2024-12-16,RA295,YES,00:00,23:59,
2024-12-16,RA307,NO,,,Scheduled Maintenance
2024-12-16,RA378,YES,00:00,23:59,
2024-12-16,RA400,YES,00:00,23:59,
2024-12-16,TA054,YES,00:00,23:59,
2024-12-16,TA098,YES,00:00,23:59,
2024-12-16,TA147,YES,00:00,23:59,
2024-12-16,TA229,YES,00:00,23:59,
2024-12-16,TO038,NO,,,In Use Elsewhere
2024-12-16,TO047,YES,00:00,23:59,
2024-12-16,TO056,NO,,,In Use Elsewhere
2024-12-16,TO129,YES,00:00,23:59,
2024-12-16,TO250,YES,00:00,23:59,
2024-12-18,BA208,YES,00:00,23:59,
2024-12-18,BA358,YES,00:00,23:59,
2024-12-18,DY152,YES,00:00,23:59,
2024-12-18,DY219,YES,00:00,23:59,
2024-12-18,DY345,YES,00:00,23:59,
2024-12-18,OH050,NO,,,Scheduled Maintenance
2024-12-18,OH088,YES,00:00,23:59,
2024-12-18,OH111,YES,00:00,23:59,
2024-12-18,OH176,YES,00:00,23:59,
2024-12-18,OH253,YES,00:00,23:59,
2024-12-18,OH311,YES,00:00,23:59,
2024-12-18,TA137,YES,00:00,23:59,
2024-12-18,TA264,YES,00:00,23:59,
2024-12-18,TO364,YES,00:00,23:59,
2024-12-19,BA126,YES,00:00,23:59,
2024-12-19,DY091,YES,00:00,23:59,
2024-12-19,DY122,YES,00:00,23:59,
2024-12-19,DY167,NO,,,Scheduled Maintenance
2024-12-19,DY251,YES,00:00,23:59,
2024-12-19,DY279,YES,00:00,23:59,
2024-12-19,DY327,YES,00:00,23:59,
2024-12-19,OH015,YES,00:00,23:59,
2024-12-19,OH213,YES,00:00,23:59,
2024-12-19,OH312,YES,00:00,23:59,
2024-12-19,OH382,YES,00:00,23:59,
2024-12-19,RA011,YES,00:00,23:59,
2024-12-19,RA062,YES,00:00,23:59,
2024-12-19,RA164,YES,00:00,23:59,
2024-12-19,RA172,YES,00:00,23:59,
2024-12-19,RA276,YES,00:00,23:59,
2024-12-19,TA068,YES,00:00,23:59,
2024-12-19,TA089,YES,00:00,23:59,
2024-12-19,TA154,NO,,,In Use Elsewhere
2024-12-19,TA229,NO,,,Scheduled Maintenance
2024-12-19,TA233,YES,00:00,23:59,
2024-12-19,TA264,NO,,,Breakdown
2024-12-19,TA292,YES,00:00,23:59,
2024-12-19,TO044,YES,00:00,23:59,
2024-12-19,TO123,NO,,,Scheduled Maintenance
2024-12-20,DY001,NO,,,In Use Elsewhere
2024-12-20,DY122,YES,00:00,23:59,
2024-12-20,DY196,YES,00:00,23:59,
2024-12-20,DY216,YES,00:00,23:59,
2024-12-20,DY232,YES,00:00,23:59,
2024-12-20,OH221,YES,00:00,23:59,
2024-12-20,OH338,YES,00:00,23:59,
2024-12-20,OH365,YES,00:00,23:59,
2024-12-20,OH382,NO,,,In Use Elsewhere
2024-12-20,OH395,YES,00:00,23:59,
2024-12-20,RA172,YES,00:00,23:59,
2024-12-20,RA198,YES,00:00,23:59,
2024-12-20,RA276,NO,,,Scheduled Maintenance
2024-12-20,RA360,YES,00:00,23:59,
2024-12-20,TA118,YES,00:00,23:59,
2024-12-20,TA131,NO,,,In Use Elsewhere
2024-12-20,TA171,YES,00:00,23:59,
2024-12-20,TO179,YES,00:00,23:59,
2024-12-21,BA263,YES,00:00,23:59,
2024-12-21,BA355,YES,00:00,23:59,
2024-12-21,BA393,YES,00:00,23:59,
2024-12-21,DY040,NO,,,Scheduled Maintenance
2024-12-21,DY105,YES,00:00,23:59,
2024-12-21,DY122,YES,00:00,23:59,
2024-12-21,OH015,YES,00:00,23:59,
2024-12-21,OH083,YES,00:00,23:59,
2024-12-21,OH134,YES,00:00,23:59,
2024-12-21,OH296,YES,00:00,23:59,
2024-12-21,OH343,YES,00:00,23:59,
2024-12-21,RA136,YES,00:00,23:59,
2024-12-21,RA164,YES,00:00,23:59,
2024-12-21,RA172,YES,00:00,23:59,
2024-12-21,RA177,NO,,,Scheduled Maintenance
2024-12-21,RA200,YES,00:00,23:59,
2024-12-21,RA337,YES,00:00,23:59,
2024-12-21,RA376,NO,,,Scheduled Maintenance
2024-12-21,RA391,NO,,,Scheduled Maintenance
2024-12-21,TA120,YES,00:00,23:59,
2024-12-21,TA212,NO,,,Breakdown
2024-12-21,TA275,YES,00:00,23:59,
2024-12-21,TO351,YES,00:00,23:59,
2024-12-23,BA084,YES,00:00,23:59,
2024-12-23,BA342,YES,00:00,23:59,
2024-12-23,BA358,YES,00:00,23:59,
2024-12-23,BA393,YES,00:00,23:59,
2024-12-23,DY152,YES,00:00,23:59,
2024-12-23,DY374,YES,00:00,23:59,
2024-12-23,OH046,YES,00:00,23:59,
2024-12-23,OH158,NO,,,In Use Elsewhere
2024-12-23,OH197,YES,00:00,23:59,
2024-12-23,OH214,YES,00:00,23:59,
2024-12-23,OH270,NO,,,Breakdown
2024-12-23,RA048,YES,00:00,23:59,
2024-12-23,RA062,YES,00:00,23:59,
2024-12-23,RA238,YES,00:00,23:59,
2024-12-23,RA278,YES,00:00,23:59,
2024-12-23,TA054,NO,,,Breakdown
2024-12-23,TA074,YES,00:00,23:59,
2024-12-23,TA212,YES,00:00,23:59,
2024-12-23,TO030,YES,00:00,23:59,
2024-12-23,TO033,YES,00:00,23:59,
2024-12-23,TO129,YES,00:00,23:59,
2024-12-23,TO228,YES,00:00,23:59,
2024-12-24,BA145,NO,,,Breakdown
2024-12-24,BA255,YES,00:00,23:59,
2024-12-24,DY096,YES,00:00,23:59,
2024-12-24,DY217,YES,00:00,23:59,
2024-12-24,DY248,NO,,,Breakdown
2024-12-24,DY321,YES,00:00,23:59,
2024-12-24,DY346,NO,,,Scheduled Maintenance
2024-12-24,OH046,YES,00:00,23:59,
2024-12-24,OH050,YES,00:00,23:59,
2024-12-24,OH213,YES,00:00,23:59,
2024-12-24,OH343,YES,00:00,23:59,
2024-12-24,RA210,YES,00:00,23:59,
2024-12-24,RA320,NO,,,In Use Elsewhere
2024-12-24,TA211,YES,00:00,23:59,
2024-12-24,TA264,YES,00:00,23:59,
2024-12-24,TA280,YES,00:00,23:59,
2024-12-24,TA310,YES,00:00,23:59,
2024-12-24,TA396,YES,00:00,23:59,
2024-12-24,TO243,NO,,,In Use Elsewhere
2024-12-24,TO272,YES,00:00,23:59,
2024-12-25,BA064,YES,00:00,23:59,
2024-12-25,BA126,NO,,,In Use Elsewhere
2024-12-25,BA159,NO,,,Breakdown
2024-12-25,BA242,YES,00:00,23:59,
2024-12-25,BA348,YES,00:00,23:59,
2024-12-25,DY067,YES,00:00,23:59,
2024-12-25,DY143,YES,00:00,23:59,
2024-12-25,DY331,YES,00:00,23:59,
2024-12-25,OH160,YES,00:00,23:59,
2024-12-25,OH182,YES,00:00,23:59,
2024-12-25,OH347,YES,00:00,23:59,
2024-12-25,RA204,YES,00:00,23:59,
2024-12-25,RA241,YES,00:00,23:59,
2024-12-25,RA354,YES,00:00,23:59,
2024-12-25,RA367,YES,00:00,23:59,
2024-12-25,RA391,YES,00:00,23:59,
2024-12-25,TA137,YES,00:00,23:59,
2024-12-25,TA264,NO,,,Breakdown
2024-12-25,TO101,YES,00:00,23:59,
2024-12-25,TO112,YES,00:00,23:59,
2024-12-25,TO256,YES,00:00,23:59,
2024-12-25,TO287,YES,00:00,23:59,
2024-12-25,TO288,YES,00:00,23:59,
2024-12-26,BA064,NO,,,Scheduled Maintenance
2024-12-26,BA126,YES,00:00,23:59,
2024-12-26,BA159,YES,00:00,23:59,
2024-12-26,BA208,YES,00:00,23:59,
2024-12-26,BA242,YES,00:00,23:59,
2024-12-26,DY055,YES,00:00,23:59,
2024-12-26,DY157,YES,00:00,23:59,
2024-12-26,DY217,YES,00:00,23:59,
2024-12-26,DY389,YES,00:00,23:59,
2024-12-26,DY399,YES,00:00,23:59,
2024-12-26,OH019,YES,00:00,23:59,
2024-12-26,RA011,YES,00:00,23:59,
2024-12-26,RA162,YES,00:00,23:59,
2024-12-26,RA340,YES,00:00,23:59,
2024-12-26,TA118,YES,00:00,23:59,
2024-12-26,TA233,NO,,,In Use Elsewhere
2024-12-26,TO193,YES,00:00,23:59,
2024-12-26,TO260,YES,00:00,23:59,
2024-12-26,TO284,YES,00:00,23:59,
2024-12-26,TO316,YES,00:00,23:59,
2024-12-27,DY014,YES,00:00,23:59,
2024-12-27,DY096,YES,00:00,23:59,
2024-12-27,DY115,YES,00:00,23:59,
2024-12-27,DY138,YES,00:00,23:59,
2024-12-27,DY169,YES,00:00,23:59,
2024-12-27,DY235,YES,00:00,23:59,
2024-12-27,DY262,YES,00:00,23:59,
2024-12-27,DY327,NO,,,Breakdown
2024-12-27,DY345,YES,00:00,23:59,
2024-12-27,OH082,NO,,,Scheduled Maintenance
2024-12-27,OH160,YES,00:00,23:59,
2024-12-27,RA039,YES,00:00,23:59,
2024-12-27,RA200,YES,00:00,23:59,
2024-12-27,RA204,NO,,,Breakdown
2024-12-27,RA234,YES,00:00,23:59,
2024-12-27,RA340,YES,00:00,23:59,
2024-12-27,TA264,YES,00:00,23:59,
2024-12-27,TA325,YES,00:00,23:59,
2024-12-27,TA361,YES,00:00,23:59,
2024-12-27,TO109,NO,,,Breakdown
2024-12-28,BA127,NO,,,Breakdown
2024-12-28,BA186,YES,00:00,23:59,
2024-12-28,BA297,NO,,,Scheduled Maintenance
2024-12-28,DY004,YES,00:00,23:59,
2024-12-28,DY045,YES,00:00,23:59,
2024-12-28,OH071,YES,00:00,23:59,
2024-12-28,OH134,YES,00:00,23:59,
2024-12-28,OH160,YES,00:00,23:59,
2024-12-28,OH189,YES,00:00,23:59,
2024-12-28,OH296,YES,00:00,23:59,
2024-12-28,OH311,YES,00:00,23:59,
2024-12-28,OH357,YES,00:00,23:59,
2024-12-28,RA024,NO,,,In Use Elsewhere
2024-12-28,RA035,YES,00:00,23:59,
2024-12-28,RA163,YES,00:00,23:59,
2024-12-28,RA375,YES,00:00,23:59,
2024-12-28,RA388,YES,00:00,23:59,
2024-12-28,TA027,YES,00:00,23:59,
2024-12-28,TA108,NO,,,Breakdown
2024-12-28,TO032,YES,00:00,23:59,
2024-12-28,TO202,YES,00:00,23:59,
2024-12-28,TO288,YES,00:00,23:59,
2024-12-29,BA104,YES,00:00,23:59,
2024-12-29,BA126,YES,00:00,23:59,
2024-12-29,BA297,YES,00:00,23:59,
2024-12-29,BA300,YES,00:00,23:59,
2024-12-29,BA324,YES,00:00,23:59,
2024-12-29,DY169,YES,00:00,23:59,
2024-12-29,OH083,YES,00:00,23:59,
2024-12-29,OH130,YES,00:00,23:59,
2024-12-29,OH357,YES,00:00,23:59,
2024-12-29,RA087,YES,00:00,23:59,
2024-12-29,RA206,YES,00:00,23:59,
2024-12-29,RA238,YES,00:00,23:59,
2024-12-29,RA278,NO,,,Breakdown
2024-12-29,RA329,YES,00:00,23:59,
2024-12-29,RA334,YES,00:00,23:59,
2024-12-29,RA400,YES,00:00,23:59,
2024-12-29,TA137,YES,00:00,23:59,
2024-12-29,TA215,YES,00:00,23:59,
2024-12-29,TA225,YES,00:00,23:59,
2024-12-29,TA269,NO,,,Breakdown
2024-12-29,TA310,YES,00:00,23:59,
2024-12-29,TA341,NO,,,Breakdown
2024-12-29,TO175,YES,00:00,23:59,
2024-12-31,BA042,YES,00:00,23:59,
2024-12-31,BA097,NO,,,Scheduled Maintenance
2024-12-31,BA104,YES,00:00,23:59,
2024-12-31,BA153,YES,00:00,23:59,
2024-12-31,BA299,YES,00:00,23:59,
2024-12-31,DY014,YES,00:00,23:59,
2024-12-31,DY143,YES,00:00,23:59,
2024-12-31,DY235,NO,,,Scheduled Maintenance
2024-12-31,DY237,NO,,,Breakdown
2024-12-31,OH019,YES,00:00,23:59,
2024-12-31,OH025,YES,00:00,23:59,
2024-12-31,OH046,YES,00:00,23:59,
2024-12-31,OH142,YES,00:00,23:59,
2024-12-31,RA024,NO,,,In Use Elsewhere
2024-12-31,RA031,YES,00:00,23:59,
2024-12-31,RA306,YES,00:00,23:59,
2024-12-31,TA154,YES,00:00,23:59,
2024-12-31,TA211,YES,00:00,23:59,
2024-12-31,TO002,YES,00:00,23:59,
2024-12-31,TO202,YES,00:00,23:59,
2025-01-01,BA151,YES,00:00,23:59,
2025-01-01,BA208,YES,00:00,23:59,
2025-01-01,BA332,YES,00:00,23:59,
2025-01-01,DY122,YES,00:00,23:59,
2025-01-01,DY248,NO,,,In Use Elsewhere
2025-01-01,OH076,YES,00:00,23:59,
2025-01-01,OH093,YES,00:00,23:59,
2025-01-01,OH130,NO,,,Breakdown
2025-01-01,OH239,NO,,,Breakdown
2025-01-01,OH352,YES,00:00,23:59,
2025-01-01,RA051,YES,00:00,23:59,
2025-01-01,TA003,YES,00:00,23:59,
2025-01-03,BA095,YES,00:00,23:59,
2025-01-03,BA113,YES,00:00,23:59,
2025-01-03,BA174,YES,00:00,23:59,
2025-01-03,BA299,YES,00:00,23:59,
2025-01-03,BA323,YES,00:00,23:59,
2025-01-03,DY060,YES,00:00,23:59,
2025-01-03,DY070,YES,00:00,23:59,
2025-01-03,DY096,NO,,,In Use Elsewhere
2025-01-03,DY135,YES,00:00,23:59,
2025-01-03,DY398,YES,00:00,23:59,
2025-01-03,OH077,YES,00:00,23:59,
2025-01-03,OH214,YES,00:00,23:59,
2025-01-03,OH333,YES,00:00,23:59,
2025-01-03,OH338,YES,00:00,23:59,
2025-01-03,RA048,YES,00:00,23:59,
2025-01-03,RA136,NO,,,In Use Elsewhere
2025-01-03,RA155,YES,00:00,23:59,
2025-01-03,RA375,YES,00:00,23:59,
2025-01-03,TA075,YES,00:00,23:59,
2025-01-03,TA099,NO,,,Breakdown
2025-01-03,TA107,NO,,,Scheduled Maintenance
2025-01-03,TA131,YES,00:00,23:59,
2025-01-03,TA171,YES,00:00,23:59,
2025-01-03,TO002,YES,00:00,23:59,
2025-01-03,TO047,YES,00:00,23:59,
2025-01-03,TO258,YES,00:00,23:59,
2025-01-04,BA386,YES,00:00,23:59,
2025-01-04,DY057,NO,,,In Use Elsewhere
2025-01-04,DY133,YES,00:00,23:59,
2025-01-04,DY219,YES,00:00,23:59,
2025-01-04,DY346,YES,00:00,23:59,
2025-01-04,DY356,YES,00:00,23:59,
2025-01-04,DY380,YES,00:00,23:59,
2025-01-04,OH010,YES,00:00,23:59,
2025-01-04,OH077,YES,00:00,23:59,
2025-01-04,RA119,NO,,,Scheduled Maintenance
2025-01-04,RA155,YES,00:00,23:59,
2025-01-04,TA078,YES,00:00,23:59,
2025-01-04,TA229,YES,00:00,23:59,
2025-01-04,TA285,YES,00:00,23:59,
2025-01-04,TO179,YES,00:00,23:59,
2025-01-04,TO228,YES,00:00,23:59,
2025-01-06,BA066,NO,,,Scheduled Maintenance
2025-01-06,BA170,YES,00:00,23:59,
2025-01-06,BA247,YES,00:00,23:59,
2025-01-06,BA314,YES,00:00,23:59,
2025-01-06,DY219,YES,00:00,23:59,
2025-01-06,DY235,YES,00:00,23:59,
2025-01-06,OH092,YES,00:00,23:59,
2025-01-06,OH357,YES,00:00,23:59,
2025-01-06,OH359,YES,00:00,23:59,
2025-01-06,RA039,NO,,,Scheduled Maintenance
2025-01-06,RA053,YES,00:00,23:59,
2025-01-06,RA241,YES,00:00,23:59,
2025-01-06,RA329,YES,00:00,23:59,
2025-01-06,RA354,YES,00:00,23:59,
2025-01-06,TA199,YES,00:00,23:59,
2025-01-06,TA291,YES,00:00,23:59,
2025-01-06,TO033,YES,00:00,23:59,
2025-01-06,TO305,YES,00:00,23:59,
2025-01-07,DY018,NO,,,In Use Elsewhere
2025-01-07,DY124,YES,00:00,23:59,
2025-01-07,DY244,YES,00:00,23:59,
2025-01-07,DY398,YES,00:00,23:59,
2025-01-07,OH080,YES,00:00,23:59,
2025-01-07,OH176,YES,00:00,23:59,
2025-01-07,OH343,NO,,,In Use Elsewhere
2025-01-07,OH390,YES,00:00,23:59,
2025-01-07,RA024,YES,00:00,23:59,
2025-01-07,RA081,YES,00:00,23:59,
2025-01-07,RA231,YES,00:00,23:59,
2025-01-07,RA268,YES,00:00,23:59,
2025-01-07,RA277,YES,00:00,23:59,
2025-01-07,RA378,NO,,,Breakdown
2025-01-07,RA391,YES,00:00,23:59,
2025-01-07,TA215,YES,00:00,23:59,
2025-01-07,TA282,YES,00:00,23:59,
2025-01-07,TA341,YES,00:00,23:59,
2025-01-07,TO044,NO,,,Scheduled Maintenance
2025-01-07,TO335,YES,00:00,23:59,
2025-01-09,BA097,YES,00:00,23:59,
2025-01-09,BA342,YES,00:00,23:59,
2025-01-09,BA381,YES,00:00,23:59,
2025-01-09,DY143,YES,00:00,23:59,
2025-01-09,DY235,YES,00:00,23:59,
2025-01-09,DY309,YES,00:00,23:59,
2025-01-09,DY356,NO,,,Breakdown
2025-01-09,DY399,NO,,,In Use Elsewhere
2025-01-09,OH006,YES,00:00,23:59,
2025-01-09,OH082,YES,00:00,23:59,
2025-01-09,OH134,YES,00:00,23:59,
2025-01-09,OH142,YES,00:00,23:59,
2025-01-09,OH183,YES,00:00,23:59,
2025-01-09,OH298,YES,00:00,23:59,
2025-01-09,RA029,YES,00:00,23:59,
2025-01-09,RA238,YES,00:00,23:59,
2025-01-09,RA273,YES,00:00,23:59,
2025-01-09,RA278,YES,00:00,23:59,
2025-01-09,RA391,YES,00:00,23:59,
2025-01-09,TA075,YES,00:00,23:59,
2025-01-09,TO028,YES,00:00,23:59,
2025-01-09,TO044,YES,00:00,23:59,
2025-01-09,TO056,YES,00:00,23:59,
2025-01-12,BA058,YES,00:00,23:59,
2025-01-12,BA084,YES,00:00,23:59,
2025-01-12,BA144,YES,00:00,23:59,
2025-01-12,BA314,YES,00:00,23:59,
2025-01-12,DY217,YES,00:00,23:59,
2025-01-12,DY345,YES,00:00,23:59,
2025-01-12,OH059,NO,,,Breakdown
2025-01-12,OH365,YES,00:00,23:59,
2025-01-12,RA210,YES,00:00,23:59,
2025-01-12,RA261,YES,00:00,23:59,
2025-01-12,RA339,YES,00:00,23:59,
2025-01-12,RA397,YES,00:00,23:59,
2025-01-12,TA108,YES,00:00,23:59,
2025-01-12,TA165,YES,00:00,23:59,
2025-01-12,TA264,YES,00:00,23:59,
2025-01-12,TA280,YES,00:00,23:59,
2025-01-12,TO030,YES,00:00,23:59,
2025-01-13,BA016,NO,,,Scheduled Maintenance
2025-01-13,BA079,YES,00:00,23:59,
2025-01-13,BA393,NO,,,Breakdown
2025-01-13,DY040,YES,00:00,23:59,
2025-01-13,DY178,YES,00:00,23:59,
2025-01-13,OH318,YES,00:00,23:59,
2025-01-13,OH372,YES,00:00,23:59,
2025-01-13,RA073,YES,00:00,23:59,
2025-01-13,RA206,YES,00:00,23:59,
2025-01-13,RA234,YES,00:00,23:59,
2025-01-13,RA265,YES,00:00,23:59,
2025-01-13,TO166,YES,00:00,23:59,
2025-01-13,TO228,YES,00:00,23:59,
2025-01-15,BA058,YES,00:00,23:59,
2025-01-15,BA297,YES,00:00,23:59,
2025-01-15,DY105,YES,00:00,23:59,
2025-01-15,DY121,YES,00:00,23:59,
2025-01-15,DY135,YES,00:00,23:59,
2025-01-15,DY196,NO,,,Scheduled Maintenance
2025-01-15,DY315,YES,00:00,23:59,
2025-01-15,DY374,YES,00:00,23:59,
2025-01-15,DY399,YES,00:00,23:59,
2025-01-15,OH183,YES,00:00,23:59,
2025-01-15,OH296,YES,00:00,23:59,
2025-01-15,OH382,YES,00:00,23:59,
2025-01-15,RA048,YES,00:00,23:59,
2025-01-15,RA168,YES,00:00,23:59,
2025-01-15,RA177,YES,00:00,23:59,
2025-01-15,RA290,YES,00:00,23:59,
2025-01-15,RA337,YES,00:00,23:59,
2025-01-15,TO044,YES,00:00,23:59,
2025-01-15,TO336,YES,00:00,23:59,
2025-01-16,BA095,YES,00:00,23:59,
2025-01-16,BA293,YES,00:00,23:59,
2025-01-16,DY004,YES,00:00,23:59,
2025-01-16,DY090,YES,00:00,23:59,
2025-01-16,DY232,NO,,,Scheduled Maintenance
2025-01-16,DY279,YES,00:00,23:59,
2025-01-16,DY399,YES,00:00,23:59,
2025-01-16,OH103,YES,00:00,23:59,
2025-01-16,OH142,YES,00:00,23:59,
2025-01-16,OH271,YES,00:00,23:59,
2025-01-16,OH313,YES,00:00,23:59,
2025-01-16,RA085,YES,00:00,23:59,
2025-01-16,RA192,YES,00:00,23:59,
2025-01-16,RA286,YES,00:00,23:59,
2025-01-16,RA337,NO,,,Breakdown
2025-01-16,RA385,YES,00:00,23:59,
2025-01-16,TA137,YES,00:00,23:59,
2025-01-16,TO106,YES,00:00,23:59,
2025-01-16,TO109,YES,00:00,23:59,
2025-01-16,TO129,NO,,,In Use Elsewhere
2025-01-17,BA128,YES,00:00,23:59,
2025-01-17,BA203,YES,00:00,23:59,
2025-01-17,BA242,NO,,,Scheduled Maintenance
2025-01-17,DY138,YES,00:00,23:59,
2025-01-17,DY152,NO,,,Breakdown
2025-01-17,DY169,YES,00:00,23:59,
2025-01-17,DY196,YES,00:00,23:59,
2025-01-17,DY246,YES,00:00,23:59,
2025-01-17,DY251,YES,00:00,23:59,
2025-01-17,DY321,NO,,,In Use Elsewhere
2025-01-17,OH015,YES,00:00,23:59,
2025-01-17,OH173,YES,00:00,23:59,
2025-01-17,OH221,YES,00:00,23:59,
2025-01-17,RA051,YES,00:00,23:59,
2025-01-17,RA156,YES,00:00,23:59,
2025-01-17,RA192,YES,00:00,23:59,
2025-01-17,RA231,YES,00:00,23:59,
2025-01-17,RA373,YES,00:00,23:59,
2025-01-17,TO044,YES,00:00,23:59,
2025-01-17,TO112,YES,00:00,23:59,
2025-01-20,BA069,YES,00:00,23:59,
2025-01-20,BA145,YES,00:00,23:59,
2025-01-20,BA151,YES,00:00,23:59,
2025-01-20,BA153,YES,00:00,23:59,
2025-01-20,BA297,YES,00:00,23:59,
2025-01-20,BA332,YES,00:00,23:59,
2025-01-20,BA377,NO,,,Scheduled Maintenance
2025-01-20,DY161,YES,00:00,23:59,
2025-01-20,DY309,NO,,,Breakdown
2025-01-20,DY345,YES,00:00,23:59,
2025-01-20,OH191,YES,00:00,23:59,
2025-01-20,OH221,YES,00:00,23:59,
2025-01-20,OH382,YES,00:00,23:59,
2025-01-20,RA013,NO,,,In Use Elsewhere
2025-01-20,RA051,NO,,,In Use Elsewhere
2025-01-20,RA190,NO,,,Breakdown
2025-01-20,RA234,YES,00:00,23:59,
2025-01-20,TA036,YES,00:00,23:59,
2025-01-20,TA137,YES,00:00,23:59,
2025-01-20,TA171,YES,00:00,23:59,
2025-01-20,TA282,YES,00:00,23:59,
2025-01-20,TA325,YES,00:00,23:59,
2025-01-20,TA341,YES,00:00,23:59,
2025-01-20,TA361,YES,00:00,23:59,
2025-01-20,TA396,YES,00:00,23:59,
2025-01-20,TO021,YES,00:00,23:59,
2025-01-20,TO179,YES,00:00,23:59,
2025-01-20,TO228,YES,00:00,23:59,
2025-01-20,TO288,YES,00:00,23:59,
2025-01-21,BA079,YES,00:00,23:59,
2025-01-21,BA259,YES,00:00,23:59,
2025-01-21,DY040,NO,,,Breakdown
2025-01-21,DY178,YES,00:00,23:59,
2025-01-21,DY398,YES,00:00,23:59,
2025-01-21,OH239,YES,00:00,23:59,
2025-01-21,OH338,YES,00:00,23:59,
2025-01-21,RA085,YES,00:00,23:59,
2025-01-21,RA156,YES,00:00,23:59,
2025-01-21,RA273,YES,00:00,23:59,
2025-01-21,TA034,YES,00:00,23:59,
2025-01-21,TA075,NO,,,Breakdown
2025-01-21,TA137,YES,00:00,23:59,
2025-01-21,TA199,YES,00:00,23:59,
2025-01-21,TA282,YES,00:00,23:59,
2025-01-21,TO223,YES,00:00,23:59,
2025-01-21,TO258,NO,,,Scheduled Maintenance
2025-01-21,TO317,YES,00:00,23:59,
2025-01-22,BA104,YES,00:00,23:59,
2025-01-22,BA170,YES,00:00,23:59,
2025-01-22,DY014,YES,00:00,23:59,
2025-01-22,DY017,YES,00:00,23:59,
2025-01-22,DY055,YES,00:00,23:59,
2025-01-22,DY115,YES,00:00,23:59,
2025-01-22,OH050,YES,00:00,23:59,
2025-01-22,OH059,YES,00:00,23:59,
2025-01-22,OH253,YES,00:00,23:59,
2025-01-22,RA048,YES,00:00,23:59,
2025-01-22,RA116,YES,00:00,23:59,
2025-01-22,RA163,YES,00:00,23:59,
2025-01-22,RA278,YES,00:00,23:59,
2025-01-22,RA290,YES,00:00,23:59,
2025-01-22,RA370,YES,00:00,23:59,
2025-01-22,RA400,YES,00:00,23:59,
2025-01-22,TA148,YES,00:00,23:59,
2025-01-22,TA154,YES,00:00,23:59,
2025-01-22,TO028,YES,00:00,23:59,
2025-01-22,TO193,YES,00:00,23:59,
2025-01-23,BA174,YES,00:00,23:59,
2025-01-23,DY004,YES,00:00,23:59,
2025-01-23,DY017,NO,,,In Use Elsewhere
2025-01-23,DY040,YES,00:00,23:59,
2025-01-23,DY090,YES,00:00,23:59,
2025-01-23,DY232,YES,00:00,23:59,
2025-01-23,DY251,YES,00:00,23:59,
2025-01-23,DY356,YES,00:00,23:59,
2025-01-23,OH173,YES,00:00,23:59,
2025-01-23,OH213,YES,00:00,23:59,
2025-01-23,OH395,YES,00:00,23:59,
2025-01-23,TA003,YES,00:00,23:59,
2025-01-23,TA068,YES,00:00,23:59,
2025-01-23,TA075,YES,00:00,23:59,
2025-01-25,BA016,YES,00:00,23:59,
2025-01-25,BA095,YES,00:00,23:59,
2025-01-25,BA263,NO,,,Scheduled Maintenance
2025-01-25,DY014,NO,,,Breakdown
2025-01-25,DY236,YES,00:00,23:59,
2025-01-25,OH007,NO,,,Scheduled Maintenance
2025-01-25,OH019,NO,,,Scheduled Maintenance
2025-01-25,OH214,YES,00:00,23:59,
2025-01-25,OH362,YES,00:00,23:59,
2025-01-25,RA204,NO,,,Scheduled Maintenance
2025-01-25,TA107,YES,00:00,23:59,
2025-01-25,TA212,YES,00:00,23:59,
2025-01-25,TO002,YES,00:00,23:59,
2025-01-25,TO032,YES,00:00,23:59,
2025-01-25,TO228,YES,00:00,23:59,
2025-01-25,TO243,YES,00:00,23:59,
2025-01-25,TO258,YES,00:00,23:59,
2025-01-25,TO267,YES,00:00,23:59,
2025-01-28,BA094,YES,00:00,23:59,
2025-01-28,BA151,YES,00:00,23:59,
2025-01-28,DY133,NO,,,In Use Elsewhere
2025-01-28,DY235,YES,00:00,23:59,
2025-01-28,DY246,NO,,,Breakdown
2025-01-28,DY262,YES,00:00,23:59,
2025-01-28,DY353,YES,00:00,23:59,
2025-01-28,OH103,NO,,,Scheduled Maintenance
2025-01-28,OH173,YES,00:00,23:59,
2025-01-28,RA008,YES,00:00,23:59,
2025-01-28,RA043,YES,00:00,23:59,
2025-01-28,RA278,NO,,,In Use Elsewhere
2025-01-28,RA397,YES,00:00,23:59,
2025-01-28,TA074,YES,00:00,23:59,
2025-01-28,TA148,YES,00:00,23:59,
2025-01-28,TA199,NO,,,In Use Elsewhere
2025-01-28,TA225,YES,00:00,23:59,
2025-01-28,TO193,NO,,,Breakdown
2025-01-28,TO267,NO,,,Scheduled Maintenance
2025-01-28,TO330,YES,00:00,23:59,
2025-01-29,BA058,YES,00:00,23:59,
2025-01-29,BA094,YES,00:00,23:59,
2025-01-29,BA208,YES,00:00,23:59,
2025-01-29,BA323,YES,00:00,23:59,
2025-01-29,DY045,YES,00:00,23:59,
2025-01-29,DY090,YES,00:00,23:59,
2025-01-29,DY161,YES,00:00,23:59,
2025-01-29,OH025,YES,00:00,23:59,
2025-01-29,OH082,YES,00:00,23:59,
2025-01-29,OH125,YES,00:00,23:59,
2025-01-29,OH294,YES,00:00,23:59,
2025-01-29,RA198,YES,00:00,23:59,
2025-01-29,RA295,YES,00:00,23:59,
2025-01-29,RA375,YES,00:00,23:59,
2025-01-29,TA074,YES,00:00,23:59,
2025-01-29,TA215,YES,00:00,23:59,
2025-01-29,TA225,YES,00:00,23:59,
2025-01-29,TO101,YES,00:00,23:59,
2025-01-29,TO106,YES,00:00,23:59,
2025-01-29,TO316,YES,00:00,23:59,
2025-01-29,TO364,NO,,,In Use Elsewhere
2025-01-30,BA127,YES,00:00,23:59,
2025-01-30,BA344,YES,00:00,23:59,
2025-01-30,DY014,YES,00:00,23:59,
2025-01-30,DY138,YES,00:00,23:59,
2025-01-30,DY219,YES,00:00,23:59,
2025-01-30,DY246,YES,00:00,23:59,
2025-01-30,DY369,YES,00:00,23:59,
2025-01-30,OH007,YES,00:00,23:59,
2025-01-30,OH134,YES,00:00,23:59,
2025-01-30,OH176,YES,00:00,23:59,
2025-01-30,OH207,NO,,,Scheduled Maintenance
2025-01-30,RA198,YES,00:00,23:59,
2025-01-30,RA388,YES,00:00,23:59,
2025-01-30,TA078,YES,00:00,23:59,
2025-01-30,TA140,NO,,,In Use Elsewhere
2025-01-30,TA148,YES,00:00,23:59,
2025-01-30,TA171,YES,00:00,23:59,
2025-01-30,TA227,YES,00:00,23:59,
2025-01-30,TA280,YES,00:00,23:59,
2025-01-30,TO020,YES,00:00,23:59,
2025-01-30,TO305,YES,00:00,23:59,
2025-01-30,TO364,YES,00:00,23:59,
2025-02-01,BA102,YES,00:00,23:59,
2025-02-01,BA186,YES,00:00,23:59,
2025-02-01,BA230,YES,00:00,23:59,
2025-02-01,BA332,YES,00:00,23:59,
2025-02-01,OH158,YES,00:00,23:59,
2025-02-01,OH254,YES,00:00,23:59,
2025-02-01,OH333,YES,00:00,23:59,
2025-02-01,RA035,YES,00:00,23:59,
2025-02-01,RA048,YES,00:00,23:59,
2025-02-01,RA240,NO,,,Breakdown
2025-02-01,RA278,YES,00:00,23:59,
2025-02-01,RA290,YES,00:00,23:59,
2025-02-01,RA320,YES,00:00,23:59,
2025-02-01,TA222,YES,00:00,23:59,
2025-02-01,TA227,YES,00:00,23:59,
2025-02-01,TO101,YES,00:00,23:59,
2025-02-01,TO175,YES,00:00,23:59,
2025-02-01,TO256,YES,00:00,23:59,
2025-02-01,TO317,YES,00:00,23:59,
2025-02-02,BA145,YES,00:00,23:59,
2025-02-02,BA293,YES,00:00,23:59,
2025-02-02,BA299,YES,00:00,23:59,
2025-02-02,DY060,YES,00:00,23:59,
2025-02-02,DY138,NO,,,In Use Elsewhere
2025-02-02,DY184,YES,00:00,23:59,
2025-02-02,DY235,YES,00:00,23:59,
2025-02-02,DY309,YES,00:00,23:59,
2025-02-02,OH006,YES,00:00,23:59,
2025-02-02,OH059,YES,00:00,23:59,
2025-02-02,OH270,YES,00:00,23:59,
2025-02-02,OH296,YES,00:00,23:59,
2025-02-02,RA013,YES,00:00,23:59,
2025-02-02,RA039,YES,00:00,23:59,
2025-02-02,RA119,YES,00:00,23:59,
2025-02-02,RA190,YES,00:00,23:59,
2025-02-02,RA261,YES,00:00,23:59,
2025-02-02,RA339,YES,00:00,23:59,
2025-02-02,RA363,YES,00:00,23:59,
2025-02-02,RA385,YES,00:00,23:59,
2025-02-02,RA400,NO,,,Scheduled Maintenance
2025-02-02,TA036,YES,00:00,23:59,
2025-02-02,TA049,YES,00:00,23:59,
2025-02-02,TA099,YES,00:00,23:59,
2025-02-02,TA150,YES,00:00,23:59,
2025-02-02,TA211,YES,00:00,23:59,
2025-02-02,TA212,YES,00:00,23:59,
2025-02-02,TA291,YES,00:00,23:59,
2025-02-02,TA396,YES,00:00,23:59,
2025-02-02,TO260,YES,00:00,23:59,
2025-02-02,TO287,YES,00:00,23:59,
2025-02-03,BA145,YES,00:00,23:59,
2025-02-03,BA186,YES,00:00,23:59,
2025-02-03,BA304,YES,00:00,23:59,
2025-02-03,BA342,YES,00:00,23:59,
2025-02-03,DY216,NO,,,In Use Elsewhere
2025-02-03,DY235,YES,00:00,23:59,
2025-02-03,DY248,YES,00:00,23:59,
2025-02-03,DY327,NO,,,In Use Elsewhere
2025-02-03,DY369,YES,00:00,23:59,
2025-02-03,OH007,YES,00:00,23:59,
2025-02-03,OH189,YES,00:00,23:59,
2025-02-03,OH245,YES,00:00,23:59,
2025-02-03,OH270,YES,00:00,23:59,
2025-02-03,OH294,YES,00:00,23:59,
2025-02-03,OH298,YES,00:00,23:59,
2025-02-03,RA163,YES,00:00,23:59,
2025-02-03,RA177,YES,00:00,23:59,
2025-02-03,RA198,YES,00:00,23:59,
2025-02-03,TA065,YES,00:00,23:59,
2025-02-03,TA107,NO,,,Scheduled Maintenance
2025-02-03,TA205,YES,00:00,23:59,
2025-02-03,TO364,YES,00:00,23:59,
2025-02-06,BA097,YES,00:00,23:59,
2025-02-06,DY014,YES,00:00,23:59,
2025-02-06,DY105,YES,00:00,23:59,
2025-02-06,DY138,YES,00:00,23:59,
2025-02-06,DY157,YES,00:00,23:59,
2025-02-06,DY196,YES,00:00,23:59,
2025-02-06,DY279,YES,00:00,23:59,
2025-02-06,OH015,YES,00:00,23:59,
2025-02-06,OH059,YES,00:00,23:59,
2025-02-06,OH088,YES,00:00,23:59,
2025-02-06,OH111,YES,00:00,23:59,
2025-02-06,OH213,YES,00:00,23:59,
2025-02-06,OH245,NO,,,Scheduled Maintenance
2025-02-06,OH312,YES,00:00,23:59,
2025-02-06,RA376,YES,00:00,23:59,
2025-02-06,TA074,YES,00:00,23:59,
2025-02-06,TA107,YES,00:00,23:59,
2025-02-06,TA394,NO,,,In Use Elsewhere
2025-02-06,TO038,YES,00:00,23:59,
2025-02-06,TO187,YES,00:00,23:59,
2025-02-07,BA022,NO,,,Scheduled Maintenance
2025-02-07,BA117,NO,,,In Use Elsewhere
2025-02-07,BA186,YES,00:00,23:59,
2025-02-07,BA332,YES,00:00,23:59,
2025-02-07,BA349,NO,,,Scheduled Maintenance
2025-02-07,DY105,YES,00:00,23:59,
2025-02-07,DY121,YES,00:00,23:59,
2025-02-07,DY133,YES,00:00,23:59,
2025-02-07,DY141,YES,00:00,23:59,
2025-02-07,DY157,YES,00:00,23:59,
2025-02-07,DY181,YES,00:00,23:59,
2025-02-07,DY194,NO,,,Breakdown
2025-02-07,DY236,YES,00:00,23:59,
2025-02-07,DY319,YES,00:00,23:59,
2025-02-07,DY356,YES,00:00,23:59,
2025-02-07,DY399,YES,00:00,23:59,
2025-02-07,OH173,YES,00:00,23:59,
2025-02-07,OH390,YES,00:00,23:59,
2025-02-07,RA119,NO,,,Breakdown
2025-02-07,RA204,NO,,,Scheduled Maintenance
2025-02-07,RA286,YES,00:00,23:59,
2025-02-07,RA378,NO,,,Scheduled Maintenance
2025-02-07,RA388,YES,00:00,23:59,
2025-02-07,TA226,YES,00:00,23:59,
2025-02-07,TA227,YES,00:00,23:59,
2025-02-07,TA275,YES,00:00,23:59,
2025-02-07,TA283,YES,00:00,23:59,
2025-02-07,TA292,YES,00:00,23:59,
2025-02-07,TO166,YES,00:00,23:59,
2025-02-07,TO175,YES,00:00,23:59,
2025-02-07,TO256,YES,00:00,23:59,
2025-02-08,BA064,YES,00:00,23:59,
2025-02-08,BA069,YES,00:00,23:59,
2025-02-08,BA203,YES,00:00,23:59,
2025-02-08,BA299,YES,00:00,23:59,
2025-02-08,BA377,YES,00:00,23:59,
2025-02-08,DY001,YES,00:00,23:59,
2025-02-08,DY040,YES,00:00,23:59,
2025-02-08,DY184,YES,00:00,23:59,
2025-02-08,DY232,NO,,,Breakdown
2025-02-08,OH176,YES,00:00,23:59,
2025-02-08,OH221,YES,00:00,23:59,
2025-02-08,OH239,YES,00:00,23:59,
2025-02-08,OH395,YES,00:00,23:59,
2025-02-08,RA043,YES,00:00,23:59,
2025-02-08,RA192,YES,00:00,23:59,
2025-02-08,RA210,YES,00:00,23:59,
2025-02-08,RA290,YES,00:00,23:59,
2025-02-08,TA165,YES,00:00,23:59,
2025-02-08,TA212,YES,00:00,23:59,
2025-02-08,TO175,YES,00:00,23:59,
2025-02-08,TO193,YES,00:00,23:59,
2025-02-09,DY121,YES,00:00,23:59,
2025-02-09,DY167,NO,,,Breakdown
2025-02-09,DY322,YES,00:00,23:59,
2025-02-09,DY374,YES,00:00,23:59,
2025-02-09,DY389,YES,00:00,23:59,
2025-02-09,OH046,YES,00:00,23:59,
2025-02-09,OH050,YES,00:00,23:59,
2025-02-09,OH076,YES,00:00,23:59,
2025-02-09,OH298,YES,00:00,23:59,
2025-02-09,RA053,YES,00:00,23:59,
2025-02-09,RA087,YES,00:00,23:59,
2025-02-09,RA210,YES,00:00,23:59,
2025-02-09,RA234,NO,,,In Use Elsewhere
2025-02-09,RA252,YES,00:00,23:59,
2025-02-09,RA277,YES,00:00,23:59,
2025-02-09,RA278,YES,00:00,23:59,
2025-02-09,RA387,YES,00:00,23:59,
2025-02-09,TA036,YES,00:00,23:59,
2025-02-09,TA205,YES,00:00,23:59,
2025-02-09,TA211,YES,00:00,23:59,
2025-02-09,TO021,NO,,,Breakdown
2025-02-09,TO284,YES,00:00,23:59,
2025-02-09,TO305,YES,00:00,23:59,
2025-02-09,TO330,NO,,,Scheduled Maintenance
2025-02-10,DY115,YES,00:00,23:59,
2025-02-10,DY167,YES,00:00,23:59,
2025-02-10,DY356,YES,00:00,23:59,
2025-02-10,OH015,YES,00:00,23:59,
2025-02-10,OH076,NO,,,Breakdown
2025-02-10,OH111,NO,,,In Use Elsewhere
2025-02-10,OH134,YES,00:00,23:59,
2025-02-10,OH312,YES,00:00,23:59,
2025-02-10,OH333,YES,00:00,23:59,
2025-02-10,OH384,YES,00:00,23:59,
2025-02-10,RA037,YES,00:00,23:59,
2025-02-10,RA048,YES,00:00,23:59,
2025-02-10,RA308,YES,00:00,23:59,
2025-02-10,RA367,YES,00:00,23:59,
2025-02-10,TA005,YES,00:00,23:59,
2025-02-10,TA229,YES,00:00,23:59,
2025-02-10,TA264,YES,00:00,23:59,
2025-02-10,TO317,YES,00:00,23:59,
2025-02-11,BA323,YES,00:00,23:59,
2025-02-11,BA344,YES,00:00,23:59,
2025-02-11,BA377,YES,00:00,23:59,
2025-02-11,DY096,YES,00:00,23:59,
2025-02-11,OH111,YES,00:00,23:59,
2025-02-11,OH160,YES,00:00,23:59,
2025-02-11,OH173,YES,00:00,23:59,
2025-02-11,OH191,YES,00:00,23:59,
2025-02-11,RA155,YES,00:00,23:59,
2025-02-11,TA131,NO,,,In Use Elsewhere
2025-02-11,TA199,NO,,,Scheduled Maintenance
2025-02-11,TA227,YES,00:00,23:59,
2025-02-11,TA269,YES,00:00,23:59,
2025-02-11,TA310,YES,00:00,23:59,
2025-02-11,TO002,YES,00:00,23:59,
2025-02-11,TO123,YES,00:00,23:59,
2025-02-11,TO288,YES,00:00,23:59,
2025-02-11,TO317,NO,,,Scheduled Maintenance
2025-02-11,TO326,YES,00:00,23:59,
2025-02-12,BA097,YES,00:00,23:59,
2025-02-12,BA255,YES,00:00,23:59,
2025-02-12,BA274,YES,00:00,23:59,
2025-02-12,BA355,YES,00:00,23:59,
2025-02-12,BA381,YES,00:00,23:59,
2025-02-12,DY224,YES,00:00,23:59,
2025-02-12,DY389,YES,00:00,23:59,
2025-02-12,OH183,YES,00:00,23:59,
2025-02-12,OH362,YES,00:00,23:59,
2025-02-12,RA008,YES,00:00,23:59,
2025-02-12,RA085,YES,00:00,23:59,
2025-02-12,RA200,YES,00:00,23:59,
2025-02-12,RA231,YES,00:00,23:59,
2025-02-12,RA286,YES,00:00,23:59,
2025-02-12,RA295,YES,00:00,23:59,
2025-02-12,RA387,YES,00:00,23:59,
2025-02-12,TA054,YES,00:00,23:59,
2025-02-12,TA078,YES,00:00,23:59,
2025-02-12,TA098,YES,00:00,23:59,
2025-02-12,TA108,NO,,,In Use Elsewhere
2025-02-12,TA131,YES,00:00,23:59,
2025-02-12,TA289,YES,00:00,23:59,
2025-02-12,TO038,NO,,,Breakdown
2025-02-12,TO146,YES,00:00,23:59,
2025-02-13,BA042,YES,00:00,23:59,
2025-02-13,DY012,YES,00:00,23:59,
2025-02-13,DY055,YES,00:00,23:59,
2025-02-13,DY070,YES,00:00,23:59,
2025-02-13,DY201,YES,00:00,23:59,
2025-02-13,DY331,YES,00:00,23:59,
2025-02-13,OH046,YES,00:00,23:59,
2025-02-13,OH271,YES,00:00,23:59,
2025-02-13,RA162,YES,00:00,23:59,
2025-02-13,RA163,YES,00:00,23:59,
2025-02-13,RA168,YES,00:00,23:59,
2025-02-13,RA268,YES,00:00,23:59,
2025-02-13,RA373,YES,00:00,23:59,
2025-02-13,TA171,YES,00:00,23:59,
2025-02-13,TA212,YES,00:00,23:59,
2025-02-13,TA215,NO,,,In Use Elsewhere
2025-02-13,TA269,YES,00:00,23:59,
2025-02-13,TO179,YES,00:00,23:59,
2025-02-13,TO260,YES,00:00,23:59,
2025-02-13,TO284,YES,00:00,23:59,
2025-02-14,BA079,YES,00:00,23:59,
2025-02-14,BA381,YES,00:00,23:59,
2025-02-14,DY057,NO,,,In Use Elsewhere
2025-02-14,DY067,YES,00:00,23:59,
2025-02-14,DY184,YES,00:00,23:59,
2025-02-14,OH142,YES,00:00,23:59,
2025-02-14,OH298,YES,00:00,23:59,
2025-02-14,OH352,YES,00:00,23:59,
2025-02-14,RA051,NO,,,Breakdown
2025-02-14,RA053,YES,00:00,23:59,
2025-02-14,RA200,YES,00:00,23:59,
2025-02-14,RA204,YES,00:00,23:59,
2025-02-14,RA210,YES,00:00,23:59,
2025-02-14,RA363,YES,00:00,23:59,
2025-02-14,TA027,YES,00:00,23:59,
2025-02-14,TA285,YES,00:00,23:59,
2025-02-14,TA291,YES,00:00,23:59,
2025-02-14,TO032,YES,00:00,23:59,
2025-02-14,TO129,NO,,,Scheduled Maintenance
2025-02-14,TO149,NO,,,Breakdown
2025-02-14,TO179,YES,00:00,23:59,
2025-02-14,TO258,YES,00:00,23:59,
2025-02-15,BA069,YES,00:00,23:59,
2025-02-15,BA117,YES,00:00,23:59,
2025-02-15,BA274,YES,00:00,23:59,
2025-02-15,DY040,YES,00:00,23:59,
2025-02-15,DY328,NO,,,Breakdown
2025-02-15,OH071,YES,00:00,23:59,
2025-02-15,OH111,YES,00:00,23:59,
2025-02-15,OH239,YES,00:00,23:59,
2025-02-15,RA043,YES,00:00,23:59,
2025-02-15,RA265,YES,00:00,23:59,
2025-02-15,RA307,YES,00:00,23:59,
2025-02-15,TA171,YES,00:00,23:59,
2025-02-15,TA302,YES,00:00,23:59,
2025-02-15,TO020,YES,00:00,23:59,
2025-02-15,TO047,NO,,,Scheduled Maintenance
2025-02-15,TO228,YES,00:00,23:59,
2025-02-15,TO250,YES,00:00,23:59,
2025-02-15,TO267,YES,00:00,23:59,
2025-02-17,BA110,YES,00:00,23:59,
2025-02-17,BA145,NO,,,In Use Elsewhere
2025-02-17,BA259,YES,00:00,23:59,
2025-02-17,DY001,YES,00:00,23:59,
2025-02-17,DY018,YES,00:00,23:59,
2025-02-17,DY138,NO,,,Scheduled Maintenance
2025-02-17,DY152,NO,,,Scheduled Maintenance
2025-02-17,DY178,YES,00:00,23:59,
2025-02-17,DY224,YES,00:00,23:59,
2025-02-17,DY331,YES,00:00,23:59,
2025-02-17,OH158,YES,00:00,23:59,
2025-02-17,RA198,NO,,,In Use Elsewhere
2025-02-17,RA400,YES,00:00,23:59,
2025-02-17,TA099,NO,,,In Use Elsewhere
2025-02-17,TA148,YES,00:00,23:59,
2025-02-17,TA229,YES,00:00,23:59,
2025-02-17,TA282,NO,,,In Use Elsewhere
2025-02-17,TA325,YES,00:00,23:59,
2025-02-17,TO175,YES,00:00,23:59,
2025-02-17,TO258,YES,00:00,23:59,
2025-02-17,TO267,YES,00:00,23:59,
2025-02-19,BA084,YES,00:00,23:59,
2025-02-19,BA128,YES,00:00,23:59,
2025-02-19,BA145,YES,00:00,23:59,
2025-02-19,BA186,YES,00:00,23:59,
2025-02-19,BA249,YES,00:00,23:59,
2025-02-19,BA323,NO,,,In Use Elsewhere
2025-02-19,BA383,YES,00:00,23:59,
2025-02-19,DY122,YES,00:00,23:59,
2025-02-19,DY133,YES,00:00,23:59,
2025-02-19,DY180,YES,00:00,23:59,
2025-02-19,DY181,YES,00:00,23:59,
2025-02-19,DY201,YES,00:00,23:59,
2025-02-19,DY219,YES,00:00,23:59,
2025-02-19,DY319,NO,,,In Use Elsewhere
2025-02-19,OH015,YES,00:00,23:59,
2025-02-19,OH023,YES,00:00,23:59,
2025-02-19,OH072,NO,,,Breakdown
2025-02-19,OH372,YES,00:00,23:59,
2025-02-19,RA013,YES,00:00,23:59,
2025-02-19,RA210,YES,00:00,23:59,
2025-02-19,RA367,YES,00:00,23:59,
2025-02-19,RA375,YES,00:00,23:59,
2025-02-19,RA400,YES,00:00,23:59,
2025-02-19,TA054,YES,00:00,23:59,
2025-02-19,TA075,YES,00:00,23:59,
2025-02-19,TA098,YES,00:00,23:59,
2025-02-19,TA147,YES,00:00,23:59,
2025-02-19,TA154,YES,00:00,23:59,
2025-02-19,TA285,NO,,,In Use Elsewhere
2025-02-19,TO021,YES,00:00,23:59,
2025-02-19,TO047,YES,00:00,23:59,
2025-02-21,BA297,YES,00:00,23:59,
2025-02-21,BA377,YES,00:00,23:59,
2025-02-21,BA393,YES,00:00,23:59,
2025-02-21,DY040,YES,00:00,23:59,
2025-02-21,DY398,YES,00:00,23:59,
2025-02-21,OH006,YES,00:00,23:59,
2025-02-21,OH384,YES,00:00,23:59,
2025-02-21,RA011,YES,00:00,23:59,
2025-02-21,RA035,YES,00:00,23:59,
2025-02-21,RA307,YES,00:00,23:59,
2025-02-21,RA385,YES,00:00,23:59,
2025-02-21,TA036,YES,00:00,23:59,
2025-02-21,TA063,YES,00:00,23:59,
2025-02-21,TA107,NO,,,Scheduled Maintenance
2025-02-21,TA211,YES,00:00,23:59,
2025-02-21,TO112,YES,00:00,23:59,
2025-02-22,BA022,YES,00:00,23:59,
2025-02-22,BA186,YES,00:00,23:59,
2025-02-22,BA304,YES,00:00,23:59,
2025-02-22,DY181,YES,00:00,23:59,
2025-02-22,DY184,YES,00:00,23:59,
2025-02-22,DY331,NO,,,In Use Elsewhere
2025-02-22,OH092,YES,00:00,23:59,
2025-02-22,RA172,YES,00:00,23:59,
2025-02-22,RA234,YES,00:00,23:59,
2025-02-22,RA387,YES,00:00,23:59,
2025-02-22,TA120,YES,00:00,23:59,
2025-02-22,TO267,YES,00:00,23:59,
2025-02-24,DY040,YES,00:00,23:59,
2025-02-24,DY181,YES,00:00,23:59,
2025-02-24,DY251,NO,,,Breakdown
2025-02-24,DY281,YES,00:00,23:59,
2025-02-24,DY379,YES,00:00,23:59,
2025-02-24,OH080,YES,00:00,23:59,
2025-02-24,OH214,NO,,,In Use Elsewhere
2025-02-24,OH254,YES,00:00,23:59,
2025-02-24,RA024,YES,00:00,23:59,
2025-02-24,RA087,NO,,,In Use Elsewhere
2025-02-24,RA116,YES,00:00,23:59,
2025-02-24,RA198,NO,,,Breakdown
2025-02-24,RA378,YES,00:00,23:59,
2025-02-24,TA225,YES,00:00,23:59,
2025-02-24,TO038,YES,00:00,23:59,
2025-02-24,TO272,YES,00:00,23:59,
2025-02-26,BA381,YES,00:00,23:59,
2025-02-26,DY012,YES,00:00,23:59,
2025-02-26,DY135,YES,00:00,23:59,
2025-02-26,DY138,YES,00:00,23:59,
2025-02-26,DY217,YES,00:00,23:59,
2025-02-26,DY327,YES,00:00,23:59,
2025-02-26,OH158,YES,00:00,23:59,
2025-02-26,OH253,YES,00:00,23:59,
2025-02-26,OH311,YES,00:00,23:59,
2025-02-26,RA119,YES,00:00,23:59,
2025-02-26,RA307,YES,00:00,23:59,
2025-02-26,TA205,YES,00:00,23:59,
2025-02-26,TA212,YES,00:00,23:59,
2025-02-26,TA218,YES,00:00,23:59,
2025-02-26,TO041,YES,00:00,23:59,
2025-02-27,DY057,YES,00:00,23:59,
2025-02-27,DY060,YES,00:00,23:59,
2025-02-27,DY244,YES,00:00,23:59,
2025-02-27,OH088,YES,00:00,23:59,
2025-02-27,OH294,YES,00:00,23:59,
2025-02-27,RA308,YES,00:00,23:59,
2025-02-27,RA339,YES,00:00,23:59,
2025-02-27,TA171,YES,00:00,23:59,
2025-02-27,TA212,YES,00:00,23:59,
2025-02-27,TA215,NO,,,In Use Elsewhere
2025-02-27,TA225,YES,00:00,23:59,
2025-02-27,TO009,YES,00:00,23:59,
2025-02-28,BA064,YES,00:00,23:59,
2025-02-28,BA079,YES,00:00,23:59,
2025-02-28,BA170,YES,00:00,23:59,
2025-02-28,BA174,YES,00:00,23:59,
2025-02-28,BA299,YES,00:00,23:59,
2025-02-28,DY135,NO,,,In Use Elsewhere
2025-02-28,DY178,NO,,,Breakdown
2025-02-28,DY181,YES,00:00,23:59,
2025-02-28,OH245,YES,00:00,23:59,
2025-02-28,OH395,YES,00:00,23:59,
2025-02-28,RA192,YES,00:00,23:59,
2025-02-28,RA303,NO,,,In Use Elsewhere
2025-02-28,TA099,YES,00:00,23:59,
2025-02-28,TA229,YES,00:00,23:59,
2025-02-28,TA289,YES,00:00,23:59,
2025-02-28,TA325,YES,00:00,23:59,
2025-02-28,TO028,YES,00:00,23:59,
2025-02-28,TO326,YES,00:00,23:59,
2025-03-01,BA022,YES,00:00,23:59,
2025-03-01,BA069,YES,00:00,23:59,
2025-03-01,BA097,YES,00:00,23:59,
2025-03-01,BA144,YES,00:00,23:59,
2025-03-01,BA293,YES,00:00,23:59,
2025-03-01,BA348,YES,00:00,23:59,
2025-03-01,BA393,YES,00:00,23:59,
2025-03-01,DY096,NO,,,Breakdown
2025-03-01,DY161,YES,00:00,23:59,
2025-03-01,DY353,YES,00:00,23:59,
2025-03-01,DY374,YES,00:00,23:59,
2025-03-01,OH253,NO,,,Breakdown
2025-03-01,OH270,YES,00:00,23:59,
2025-03-01,RA136,NO,,,In Use Elsewhere
2025-03-01,RA139,NO,,,Breakdown
2025-03-01,RA307,YES,00:00,23:59,
2025-03-01,RA308,YES,00:00,23:59,
2025-03-01,RA375,NO,,,Breakdown
2025-03-01,TO287,YES,00:00,23:59,
2025-03-02,DY201,YES,00:00,23:59,
2025-03-02,DY219,YES,00:00,23:59,
2025-03-02,DY236,NO,,,In Use Elsewhere
2025-03-02,DY244,YES,00:00,23:59,
2025-03-02,OH213,YES,00:00,23:59,
2025-03-02,OH214,YES,00:00,23:59,
2025-03-02,OH271,YES,00:00,23:59,
2025-03-02,OH296,NO,,,In Use Elsewhere
2025-03-02,RA035,YES,00:00,23:59,
2025-03-02,RA265,YES,00:00,23:59,
2025-03-02,RA307,YES,00:00,23:59,
2025-03-02,TA220,YES,00:00,23:59,
2025-03-02,TO149,YES,00:00,23:59,
2025-03-03,BA095,YES,00:00,23:59,
2025-03-03,BA383,YES,00:00,23:59,
2025-03-03,DY345,YES,00:00,23:59,
2025-03-03,OH072,YES,00:00,23:59,
2025-03-03,OH111,YES,00:00,23:59,
2025-03-03,OH239,YES,00:00,23:59,
2025-03-03,OH270,YES,00:00,23:59,
2025-03-03,OH352,NO,,,Scheduled Maintenance
2025-03-03,RA307,YES,00:00,23:59,
2025-03-03,RA387,YES,00:00,23:59,
2025-03-03,TA165,YES,00:00,23:59,
2025-03-03,TA341,YES,00:00,23:59,
2025-03-03,TO193,YES,00:00,23:59,
2025-03-05,BA259,YES,00:00,23:59,
2025-03-05,BA304,YES,00:00,23:59,
2025-03-05,DY121,YES,00:00,23:59,
2025-03-05,DY157,YES,00:00,23:59,
2025-03-05,DY232,YES,00:00,23:59,
2025-03-05,DY262,YES,00:00,23:59,
2025-03-05,OH006,YES,00:00,23:59,
2025-03-05,OH142,NO,,,In Use Elsewhere
2025-03-05,OH183,YES,00:00,23:59,
2025-03-05,OH357,YES,00:00,23:59,
2025-03-05,OH359,YES,00:00,23:59,
2025-03-05,RA039,YES,00:00,23:59,
2025-03-05,RA048,YES,00:00,23:59,
2025-03-05,RA206,YES,00:00,23:59,
2025-03-05,RA238,YES,00:00,23:59,
2025-03-05,RA268,YES,00:00,23:59,
2025-03-05,RA276,YES,00:00,23:59,
2025-03-05,RA286,YES,00:00,23:59,
2025-03-05,RA387,YES,00:00,23:59,
2025-03-05,TA089,NO,,,Scheduled Maintenance
2025-03-05,TA225,YES,00:00,23:59,
2025-03-05,TO101,YES,00:00,23:59,
2025-03-05,TO287,YES,00:00,23:59,
2025-03-05,TO335,YES,00:00,23:59,
2025-03-06,DY237,YES,00:00,23:59,
2025-03-06,DY328,YES,00:00,23:59,
2025-03-06,DY392,YES,00:00,23:59,
2025-03-06,OH347,YES,00:00,23:59,
2025-03-06,RA031,YES,00:00,23:59,
2025-03-06,RA051,YES,00:00,23:59,
2025-03-06,RA204,YES,00:00,23:59,
2025-03-06,RA210,YES,00:00,23:59,
2025-03-06,RA373,YES,00:00,23:59,
2025-03-06,TA049,YES,00:00,23:59,
2025-03-06,TA137,YES,00:00,23:59,
2025-03-06,TA215,YES,00:00,23:59,
2025-03-06,TO317,NO,,,Breakdown
2025-03-08,BA095,YES,00:00,23:59,
2025-03-08,BA104,YES,00:00,23:59,
2025-03-08,BA203,YES,00:00,23:59,
2025-03-08,BA230,YES,00:00,23:59,
2025-03-08,BA300,YES,00:00,23:59,
2025-03-08,BA323,YES,00:00,23:59,
2025-03-08,BA349,NO,,,Scheduled Maintenance
2025-03-08,DY237,YES,00:00,23:59,
2025-03-08,OH025,YES,00:00,23:59,
2025-03-08,OH111,YES,00:00,23:59,
2025-03-08,OH189,NO,,,Breakdown
2025-03-08,OH239,YES,00:00,23:59,
2025-03-08,OH298,YES,00:00,23:59,
2025-03-08,RA164,YES,00:00,23:59,
2025-03-08,RA265,YES,00:00,23:59,
2025-03-08,TA131,YES,00:00,23:59,
2025-03-08,TA226,YES,00:00,23:59,
2025-03-08,TO009,YES,00:00,23:59,
2025-03-08,TO228,YES,00:00,23:59,
2025-03-08,TO284,YES,00:00,23:59,
2025-03-09,BA104,YES,00:00,23:59,
2025-03-09,BA170,NO,,,Scheduled Maintenance
2025-03-09,BA188,YES,00:00,23:59,
2025-03-09,DY096,YES,00:00,23:59,
2025-03-09,DY180,YES,00:00,23:59,
2025-03-09,DY251,YES,00:00,23:59,
2025-03-09,DY319,YES,00:00,23:59,
2025-03-09,DY322,YES,00:00,23:59,
2025-03-09,OH019,YES,00:00,23:59,
2025-03-09,OH082,YES,00:00,23:59,
2025-03-09,OH189,YES,00:00,23:59,
2025-03-09,OH197,YES,00:00,23:59,
2025-03-09,OH270,YES,00:00,23:59,
2025-03-09,OH333,YES,00:00,23:59,
2025-03-09,OH365,YES,00:00,23:59,
2025-03-09,RA307,YES,00:00,23:59,
2025-03-09,TA341,YES,00:00,23:59,
2025-03-09,TO129,YES,00:00,23:59,
2025-03-09,TO326,YES,00:00,23:59,
2025-03-10,BA095,YES,00:00,23:59,
2025-03-10,BA127,YES,00:00,23:59,
2025-03-10,BA144,YES,00:00,23:59,
2025-03-10,BA355,NO,,,Breakdown
2025-03-10,DY096,NO,,,Scheduled Maintenance
2025-03-10,DY157,YES,00:00,23:59,
2025-03-10,DY181,YES,00:00,23:59,
2025-03-10,DY224,YES,00:00,23:59,
2025-03-10,DY353,NO,,,In Use Elsewhere
2025-03-10,DY374,NO,,,In Use Elsewhere
2025-03-10,DY379,YES,00:00,23:59,
2025-03-10,OH007,YES,00:00,23:59,
2025-03-10,OH010,YES,00:00,23:59,
2025-03-10,OH111,YES,00:00,23:59,
2025-03-10,OH125,YES,00:00,23:59,
2025-03-10,RA035,YES,00:00,23:59,
2025-03-10,RA073,YES,00:00,23:59,
2025-03-10,RA085,YES,00:00,23:59,
2025-03-10,TA027,YES,00:00,23:59,
2025-03-10,TA068,YES,00:00,23:59,
2025-03-10,TA075,YES,00:00,23:59,
2025-03-10,TA220,YES,00:00,23:59,
2025-03-10,TO256,NO,,,Scheduled Maintenance
2025-03-10,TO284,YES,00:00,23:59,
2025-03-11,BA266,YES,00:00,23:59,
2025-03-11,BA297,YES,00:00,23:59,
2025-03-11,DY001,YES,00:00,23:59,
2025-03-11,DY018,YES,00:00,23:59,
2025-03-11,DY178,YES,00:00,23:59,
2025-03-11,DY217,YES,00:00,23:59,
2025-03-11,DY309,YES,00:00,23:59,
2025-03-11,DY321,NO,,,Breakdown
2025-03-11,DY389,YES,00:00,23:59,
2025-03-11,OH007,YES,00:00,23:59,
2025-03-11,OH076,YES,00:00,23:59,
2025-03-11,OH134,YES,00:00,23:59,
2025-03-11,OH382,YES,00:00,23:59,
2025-03-11,RA192,YES,00:00,23:59,
2025-03-11,RA234,YES,00:00,23:59,
2025-03-11,RA261,YES,00:00,23:59,
2025-03-11,TA005,NO,,,Breakdown
2025-03-11,TA099,YES,00:00,23:59,
2025-03-11,TO002,YES,00:00,23:59,
2025-03-11,TO100,YES,00:00,23:59,
2025-03-11,TO256,YES,00:00,23:59,
2025-03-12,BA064,NO,,,Breakdown
2025-03-12,BA128,YES,00:00,23:59,
2025-03-12,BA153,YES,00:00,23:59,
2025-03-12,BA203,NO,,,Breakdown
2025-03-12,BA259,YES,00:00,23:59,
2025-03-12,DY012,YES,00:00,23:59,
2025-03-12,DY045,YES,00:00,23:59,
2025-03-12,DY161,YES,00:00,23:59,
2025-03-12,DY180,YES,00:00,23:59,
2025-03-12,OH015,YES,00:00,23:59,
2025-03-12,OH221,YES,00:00,23:59,
2025-03-12,OH318,YES,00:00,23:59,
2025-03-12,OH338,YES,00:00,23:59,
2025-03-12,OH368,YES,00:00,23:59,
2025-03-12,RA116,YES,00:00,23:59,
2025-03-12,RA277,YES,00:00,23:59,
2025-03-12,RA373,YES,00:00,23:59,
2025-03-12,TA205,YES,00:00,23:59,
2025-03-12,TO202,NO,,,Scheduled Maintenance
2025-03-12,TO228,YES,00:00,23:59,
2025-03-12,TO284,YES,00:00,23:59,
2025-03-12,TO364,YES,00:00,23:59,
2025-03-14,DY018,YES,00:00,23:59,
2025-03-14,DY057,YES,00:00,23:59,
2025-03-14,DY244,YES,00:00,23:59,
2025-03-14,RA062,YES,00:00,23:59,
2025-03-14,RA155,YES,00:00,23:59,
2025-03-14,RA190,YES,00:00,23:59,
2025-03-14,RA240,YES,00:00,23:59,
2025-03-14,RA265,YES,00:00,23:59,
2025-03-14,RA320,YES,00:00,23:59,
2025-03-14,RA329,YES,00:00,23:59,
2025-03-14,RA373,YES,00:00,23:59,
2025-03-14,TA068,YES,00:00,23:59,
2025-03-14,TA108,YES,00:00,23:59,
2025-03-14,TA292,YES,00:00,23:59,
2025-03-15,BA094,YES,00:00,23:59,
2025-03-15,BA263,YES,00:00,23:59,
2025-03-15,BA393,YES,00:00,23:59,
2025-03-15,DY105,YES,00:00,23:59,
2025-03-15,DY135,YES,00:00,23:59,
2025-03-15,DY157,YES,00:00,23:59,
2025-03-15,DY236,YES,00:00,23:59,
2025-03-15,DY399,YES,00:00,23:59,
2025-03-15,OH173,YES,00:00,23:59,
2025-03-15,OH213,YES,00:00,23:59,
2025-03-15,OH214,YES,00:00,23:59,
2025-03-15,OH271,YES,00:00,23:59,
2025-03-15,OH301,YES,00:00,23:59,
2025-03-15,OH338,YES,00:00,23:59,
2025-03-15,OH352,YES,00:00,23:59,
2025-03-15,RA013,YES,00:00,23:59,
2025-03-15,RA081,YES,00:00,23:59,
2025-03-15,RA085,YES,00:00,23:59,
2025-03-15,RA265,YES,00:00,23:59,
2025-03-15,TA289,YES,00:00,23:59,
2025-03-15,TO030,YES,00:00,23:59,
2025-03-15,TO243,YES,00:00,23:59,
2025-03-17,DY012,YES,00:00,23:59,
2025-03-17,DY122,YES,00:00,23:59,
2025-03-17,DY178,YES,00:00,23:59,
2025-03-17,DY224,YES,00:00,23:59,
2025-03-17,DY232,YES,00:00,23:59,
2025-03-17,OH010,YES,00:00,23:59,
2025-03-17,OH092,YES,00:00,23:59,
2025-03-17,OH207,YES,00:00,23:59,
2025-03-17,OH296,YES,00:00,23:59,
2025-03-17,RA198,YES,00:00,23:59,
2025-03-17,TA150,YES,00:00,23:59,
2025-03-17,TA291,YES,00:00,23:59,
2025-03-17,TA325,YES,00:00,23:59,
2025-03-17,TO166,YES,00:00,23:59,
2025-03-17,TO228,YES,00:00,23:59,
2025-03-18,BA128,YES,00:00,23:59,
2025-03-18,BA185,YES,00:00,23:59,
2025-03-18,BA209,YES,00:00,23:59,
2025-03-18,BA324,YES,00:00,23:59,
2025-03-18,BA377,YES,00:00,23:59,
2025-03-18,BA386,YES,00:00,23:59,
2025-03-18,DY045,YES,00:00,23:59,
2025-03-18,DY122,YES,00:00,23:59,
2025-03-18,DY281,YES,00:00,23:59,
2025-03-18,DY353,YES,00:00,23:59,
2025-03-18,OH111,YES,00:00,23:59,
2025-03-18,OH311,NO,,,Scheduled Maintenance
2025-03-18,OH384,YES,00:00,23:59,
2025-03-18,RA051,NO,,,In Use Elsewhere
2025-03-18,RA155,YES,00:00,23:59,
2025-03-18,RA163,NO,,,In Use Elsewhere
2025-03-18,RA234,YES,00:00,23:59,
2025-03-18,TA108,YES,00:00,23:59,
2025-03-18,TA215,YES,00:00,23:59,
2025-03-18,TA283,YES,00:00,23:59,
2025-03-18,TO193,YES,00:00,23:59,
2025-03-19,BA304,NO,,,Scheduled Maintenance
2025-03-19,DY040,NO,,,In Use Elsewhere
2025-03-19,DY217,NO,,,In Use Elsewhere
2025-03-19,DY219,YES,00:00,23:59,
2025-03-19,DY379,YES,00:00,23:59,
2025-03-19,OH347,NO,,,Breakdown
2025-03-19,RA037,NO,,,Scheduled Maintenance
2025-03-19,RA073,YES,00:00,23:59,
2025-03-19,RA155,YES,00:00,23:59,
2025-03-19,RA190,YES,00:00,23:59,
2025-03-19,RA286,YES,00:00,23:59,
2025-03-19,RA354,YES,00:00,23:59,
2025-03-19,RA360,NO,,,Scheduled Maintenance
2025-03-19,RA385,YES,00:00,23:59,
2025-03-19,TA222,YES,00:00,23:59,
2025-03-19,TO030,YES,00:00,23:59,
2025-03-19,TO175,NO,,,Scheduled Maintenance
2025-03-19,TO258,YES,00:00,23:59,
2025-03-19,TO284,YES,00:00,23:59,
2025-03-19,TO305,YES,00:00,23:59,
2025-03-23,BA153,YES,00:00,23:59,
2025-03-23,BA203,YES,00:00,23:59,
2025-03-23,DY057,YES,00:00,23:59,
2025-03-23,DY157,YES,00:00,23:59,
2025-03-23,DY169,NO,,,Scheduled Maintenance
2025-03-23,DY181,NO,,,Breakdown
2025-03-23,DY345,YES,00:00,23:59,
2025-03-23,OH007,NO,,,In Use Elsewhere
2025-03-23,OH071,YES,00:00,23:59,
2025-03-23,OH083,YES,00:00,23:59,
2025-03-23,OH311,YES,00:00,23:59,
2025-03-23,RA031,YES,00:00,23:59,
2025-03-23,RA234,YES,00:00,23:59,
2025-03-23,RA261,YES,00:00,23:59,
2025-03-23,RA286,YES,00:00,23:59,
2025-03-23,RA340,YES,00:00,23:59,
2025-03-23,RA375,NO,,,In Use Elsewhere
2025-03-23,RA391,YES,00:00,23:59,
2025-03-23,RA400,YES,00:00,23:59,
2025-03-23,TA049,YES,00:00,23:59,
2025-03-23,TA148,YES,00:00,23:59,
2025-03-23,TA225,YES,00:00,23:59,
2025-03-23,TO223,YES,00:00,23:59,
2025-03-23,TO257,YES,00:00,23:59,
2025-03-24,BA128,YES,00:00,23:59,
2025-03-24,BA342,YES,00:00,23:59,
2025-03-24,DY060,YES,00:00,23:59,
2025-03-24,DY216,YES,00:00,23:59,
2025-03-24,OH083,YES,00:00,23:59,
2025-03-24,OH103,YES,00:00,23:59,
2025-03-24,OH359,YES,00:00,23:59,
2025-03-24,OH368,YES,00:00,23:59,
2025-03-24,OH384,NO,,,In Use Elsewhere
2025-03-24,RA073,YES,00:00,23:59,
2025-03-24,RA087,YES,00:00,23:59,
2025-03-24,RA136,YES,00:00,23:59,
2025-03-24,RA277,YES,00:00,23:59,
2025-03-24,RA337,YES,00:00,23:59,
2025-03-24,TA003,YES,00:00,23:59,
2025-03-24,TA285,YES,00:00,23:59,
2025-03-24,TO123,YES,00:00,23:59,
2025-03-24,TO260,YES,00:00,23:59,
2025-03-25,BA266,YES,00:00,23:59,
2025-03-25,BA293,YES,00:00,23:59,
2025-03-25,BA324,YES,00:00,23:59,
2025-03-25,BA348,YES,00:00,23:59,
2025-03-25,DY224,NO,,,Scheduled Maintenance
2025-03-25,DY345,YES,00:00,23:59,
2025-03-25,OH142,YES,00:00,23:59,
2025-03-25,OH254,YES,00:00,23:59,
2025-03-25,RA048,YES,00:00,23:59,
2025-03-25,RA062,YES,00:00,23:59,
2025-03-25,RA276,YES,00:00,23:59,
2025-03-25,TA199,YES,00:00,23:59,
2025-03-25,TA269,NO,,,In Use Elsewhere
2025-03-25,TO009,YES,00:00,23:59,
2025-03-26,BA144,YES,00:00,23:59,
2025-03-26,BA209,YES,00:00,23:59,
2025-03-26,BA381,YES,00:00,23:59,
2025-03-26,BA393,YES,00:00,23:59,
2025-03-26,OH010,YES,00:00,23:59,
2025-03-26,OH080,YES,00:00,23:59,
2025-03-26,OH160,YES,00:00,23:59,
2025-03-26,OH365,YES,00:00,23:59,
2025-03-26,OH395,YES,00:00,23:59,
2025-03-26,RA278,YES,00:00,23:59,
2025-03-26,RA363,NO,,,In Use Elsewhere
2025-03-26,RA375,YES,00:00,23:59,
2025-03-26,RA376,YES,00:00,23:59,
2025-03-26,RA391,YES,00:00,23:59,
2025-03-26,TA005,YES,00:00,23:59,
2025-03-26,TA078,YES,00:00,23:59,
2025-03-26,TA226,NO,,,In Use Elsewhere
2025-03-26,TA396,YES,00:00,23:59,
2025-03-26,TO326,YES,00:00,23:59,
2025-03-27,BA153,YES,00:00,23:59,
2025-03-27,BA324,YES,00:00,23:59,
2025-03-27,DY091,YES,00:00,23:59,
2025-03-27,DY133,YES,00:00,23:59,
2025-03-27,DY157,YES,00:00,23:59,
2025-03-27,DY251,NO,,,In Use Elsewhere
2025-03-27,OH313,NO,,,In Use Elsewhere
2025-03-27,RA031,YES,00:00,23:59,
2025-03-27,RA119,YES,00:00,23:59,
2025-03-27,RA162,YES,00:00,23:59,
2025-03-27,RA210,YES,00:00,23:59,
2025-03-27,RA295,YES,00:00,23:59,
2025-03-27,TA005,YES,00:00,23:59,
2025-03-27,TO109,YES,00:00,23:59,
2025-03-27,TO317,YES,00:00,23:59,
2025-03-28,BA126,YES,00:00,23:59,
2025-03-28,BA127,NO,,,Scheduled Maintenance
2025-03-28,BA230,YES,00:00,23:59,
2025-03-28,BA293,YES,00:00,23:59,
2025-03-28,DY014,YES,00:00,23:59,
2025-03-28,DY115,YES,00:00,23:59,
2025-03-28,DY132,YES,00:00,23:59,
2025-03-28,DY138,YES,00:00,23:59,
2025-03-28,DY321,YES,00:00,23:59,
2025-03-28,DY392,NO,,,Breakdown
2025-03-28,OH077,YES,00:00,23:59,
2025-03-28,OH197,YES,00:00,23:59,
2025-03-28,RA081,YES,00:00,23:59,
2025-03-28,RA119,YES,00:00,23:59,
2025-03-28,RA295,YES,00:00,23:59,
2025-03-28,TA220,YES,00:00,23:59,
2025-03-28,TA275,YES,00:00,23:59,
2025-03-28,TO038,YES,00:00,23:59,
2025-03-28,TO193,NO,,,Breakdown
2025-03-28,TO228,YES,00:00,23:59,
2025-03-28,TO267,YES,00:00,23:59,
2025-03-28,TO272,NO,,,In Use Elsewhere
2025-03-28,TO288,YES,00:00,23:59,
2025-03-29,BA145,YES,00:00,23:59,
2025-03-29,BA314,YES,00:00,23:59,
2025-03-29,BA324,YES,00:00,23:59,
2025-03-29,DY178,YES,00:00,23:59,
2025-03-29,DY180,YES,00:00,23:59,
2025-03-29,OH103,YES,00:00,23:59,
2025-03-29,OH338,NO,,,Scheduled Maintenance
2025-03-29,RA031,YES,00:00,23:59,
2025-03-29,RA087,YES,00:00,23:59,
2025-03-29,RA252,YES,00:00,23:59,
2025-03-29,RA373,NO,,,Breakdown
2025-03-29,TA211,YES,00:00,23:59,
2025-03-29,TO179,YES,00:00,23:59,
2025-03-29,TO364,YES,00:00,23:59,
2025-03-30,BA110,NO,,,Scheduled Maintenance
2025-03-30,BA230,YES,00:00,23:59,
2025-03-30,BA255,YES,00:00,23:59,
2025-03-30,BA377,YES,00:00,23:59,
2025-03-30,DY004,YES,00:00,23:59,
2025-03-30,DY057,YES,00:00,23:59,
2025-03-30,DY216,YES,00:00,23:59,
2025-03-30,DY235,YES,00:00,23:59,
2025-03-30,OH158,NO,,,Scheduled Maintenance
2025-03-30,OH253,YES,00:00,23:59,
2025-03-30,OH347,YES,00:00,23:59,
2025-03-30,RA073,NO,,,Scheduled Maintenance
2025-03-30,RA114,NO,,,In Use Elsewhere
2025-03-30,RA119,YES,00:00,23:59,
2025-03-30,RA210,YES,00:00,23:59,
2025-03-30,RA240,NO,,,Scheduled Maintenance
2025-03-30,RA278,YES,00:00,23:59,
2025-03-30,TA063,NO,,,In Use Elsewhere
2025-03-30,TA065,YES,00:00,23:59,
2025-03-30,TA089,YES,00:00,23:59,
2025-03-30,TA140,YES,00:00,23:59,
2025-03-30,TA302,YES,00:00,23:59,
2025-03-30,TO267,YES,00:00,23:59,
2025-03-31,BA188,YES,00:00,23:59,
2025-03-31,BA324,YES,00:00,23:59,
2025-03-31,DY152,YES,00:00,23:59,
2025-03-31,DY321,NO,,,In Use Elsewhere
2025-03-31,DY356,YES,00:00,23:59,
2025-03-31,DY398,NO,,,Breakdown
2025-03-31,OH086,YES,00:00,23:59,
2025-03-31,OH271,YES,00:00,23:59,
2025-03-31,RA114,NO,,,Breakdown
2025-03-31,RA231,YES,00:00,23:59,
2025-03-31,RA329,YES,00:00,23:59,
2025-03-31,RA334,YES,00:00,23:59,
2025-03-31,TA229,YES,00:00,23:59,
2025-03-31,TO044,YES,00:00,23:59,
2025-03-31,TO166,YES,00:00,23:59,
2025-03-31,TO175,YES,00:00,23:59,
2025-03-31,TO250,YES,00:00,23:59,
2025-03-31,TO288,YES,00:00,23:59,
2025-03-31,TO317,YES,00:00,23:59,
2025-04-01,BA016,YES,00:00,23:59,
2025-04-01,BA097,YES,00:00,23:59,
2025-04-01,BA110,YES,00:00,23:59,
2025-04-01,BA300,YES,00:00,23:59,
2025-04-01,DY012,YES,00:00,23:59,
2025-04-01,DY133,YES,00:00,23:59,
2025-04-01,DY167,YES,00:00,23:59,
2025-04-01,DY178,YES,00:00,23:59,
2025-04-01,DY379,YES,00:00,23:59,
2025-04-01,OH195,YES,00:00,23:59,
2025-04-01,OH357,NO,,,In Use Elsewhere
2025-04-01,OH395,NO,,,In Use Elsewhere
2025-04-01,RA031,YES,00:00,23:59,
2025-04-01,RA043,YES,00:00,23:59,
2025-04-01,RA116,YES,00:00,23:59,
2025-04-01,RA162,YES,00:00,23:59,
2025-04-01,RA204,YES,00:00,23:59,
2025-04-01,RA241,YES,00:00,23:59,
2025-04-01,RA375,YES,00:00,23:59,
2025-04-01,RA385,YES,00:00,23:59,
2025-04-01,TA078,YES,00:00,23:59,
2025-04-01,TO056,YES,00:00,23:59,
2025-04-01,TO202,YES,00:00,23:59,
2025-04-01,TO330,YES,00:00,23:59,
2025-04-02,BA016,YES,00:00,23:59,
2025-04-02,BA069,YES,00:00,23:59,
2025-04-02,BA097,NO,,,Breakdown
2025-04-02,BA324,YES,00:00,23:59,
2025-04-02,BA348,NO,,,Breakdown
2025-04-02,BA386,YES,00:00,23:59,
2025-04-02,DY018,YES,00:00,23:59,
2025-04-02,DY138,YES,00:00,23:59,
2025-04-02,DY167,YES,00:00,23:59,
2025-04-02,DY184,YES,00:00,23:59,
2025-04-02,OH088,NO,,,Breakdown
2025-04-02,OH158,YES,00:00,23:59,
2025-04-02,OH271,YES,00:00,23:59,
2025-04-02,RA037,YES,00:00,23:59,
2025-04-02,RA360,YES,00:00,23:59,
2025-04-02,RA397,YES,00:00,23:59,
2025-04-02,RA400,YES,00:00,23:59,
2025-04-02,TA036,NO,,,In Use Elsewhere
2025-04-02,TA099,YES,00:00,23:59,
2025-04-02,TA107,YES,00:00,23:59,
2025-04-02,TA269,YES,00:00,23:59,
2025-04-02,TA396,YES,00:00,23:59,
2025-04-03,BA016,NO,,,Scheduled Maintenance
2025-04-03,DY181,YES,00:00,23:59,
2025-04-03,OH077,YES,00:00,23:59,
2025-04-03,OH083,NO,,,Scheduled Maintenance
2025-04-03,OH221,YES,00:00,23:59,
2025-04-03,OH253,YES,00:00,23:59,
2025-04-03,RA031,NO,,,Scheduled Maintenance
2025-04-03,RA198,YES,00:00,23:59,
2025-04-03,RA276,YES,00:00,23:59,
2025-04-03,RA306,YES,00:00,23:59,
2025-04-03,RA320,YES,00:00,23:59,
2025-04-03,TA003,NO,,,In Use Elsewhere
2025-04-03,TA027,NO,,,In Use Elsewhere
2025-04-03,TA078,YES,00:00,23:59,
2025-04-03,TA089,YES,00:00,23:59,
2025-04-03,TA137,NO,,,In Use Elsewhere
2025-04-03,TA280,YES,00:00,23:59,
2025-04-03,TO009,YES,00:00,23:59,
2025-04-03,TO021,YES,00:00,23:59,
2025-04-03,TO056,YES,00:00,23:59,
2025-04-03,TO364,YES,00:00,23:59,
2025-04-04,BA094,YES,00:00,23:59,
2025-04-04,BA209,YES,00:00,23:59,
2025-04-04,BA324,YES,00:00,23:59,
2025-04-04,DY045,YES,00:00,23:59,
2025-04-04,DY057,NO,,,In Use Elsewhere
2025-04-04,DY061,YES,00:00,23:59,
2025-04-04,DY315,YES,00:00,23:59,
2025-04-04,DY379,YES,00:00,23:59,
2025-04-04,OH080,NO,,,In Use Elsewhere
2025-04-04,OH390,YES,00:00,23:59,
2025-04-04,RA024,YES,00:00,23:59,
2025-04-04,RA276,YES,00:00,23:59,
2025-04-04,RA385,YES,00:00,23:59,
2025-04-04,TA396,YES,00:00,23:59,
2025-04-04,TO044,YES,00:00,23:59,
2025-04-04,TO109,YES,00:00,23:59,
2025-04-04,TO179,NO,,,Scheduled Maintenance
2025-04-05,BA064,YES,00:00,23:59,
2025-04-05,BA079,YES,00:00,23:59,
2025-04-05,BA104,YES,00:00,23:59,
2025-04-05,DY012,YES,00:00,23:59,
2025-04-05,DY017,YES,00:00,23:59,
2025-04-05,DY018,YES,00:00,23:59,
2025-04-05,DY070,YES,00:00,23:59,
2025-04-05,DY232,YES,00:00,23:59,
2025-04-05,OH077,YES,00:00,23:59,
2025-04-05,OH083,YES,00:00,23:59,
2025-04-05,OH176,YES,00:00,23:59,
2025-04-05,OH213,YES,00:00,23:59,
2025-04-05,RA048,YES,00:00,23:59,
2025-04-05,RA206,YES,00:00,23:59,
2025-04-05,RA277,YES,00:00,23:59,
2025-04-05,RA303,YES,00:00,23:59,
2025-04-05,RA307,YES,00:00,23:59,
2025-04-05,RA320,YES,00:00,23:59,
2025-04-05,TA131,YES,00:00,23:59,
2025-04-05,TA220,YES,00:00,23:59,
2025-04-05,TO002,YES,00:00,23:59,
2025-04-05,TO284,YES,00:00,23:59,
2025-04-06,BA069,YES,00:00,23:59,
2025-04-06,BA113,YES,00:00,23:59,
2025-04-06,BA144,YES,00:00,23:59,
2025-04-06,BA186,YES,00:00,23:59,
2025-04-06,DY152,YES,00:00,23:59,
2025-04-06,DY161,NO,,,Scheduled Maintenance
2025-04-06,DY246,YES,00:00,23:59,
2025-04-06,DY248,YES,00:00,23:59,
2025-04-06,DY331,YES,00:00,23:59,
2025-04-06,DY398,YES,00:00,23:59,
2025-04-06,DY399,YES,00:00,23:59,
2025-04-06,OH006,YES,00:00,23:59,
2025-04-06,OH071,YES,00:00,23:59,
2025-04-06,OH125,YES,00:00,23:59,
2025-04-06,OH245,YES,00:00,23:59,
2025-04-06,OH254,YES,00:00,23:59,
2025-04-06,OH311,NO,,,Breakdown
2025-04-06,RA013,YES,00:00,23:59,
2025-04-06,RA039,YES,00:00,23:59,
2025-04-06,RA043,YES,00:00,23:59,
2025-04-06,RA048,YES,00:00,23:59,
2025-04-06,RA081,YES,00:00,23:59,
2025-04-06,RA210,YES,00:00,23:59,
2025-04-06,TA165,YES,00:00,23:59,
2025-04-06,TA171,YES,00:00,23:59,
2025-04-06,TA225,YES,00:00,23:59,
2025-04-06,TO146,YES,00:00,23:59,
2025-04-06,TO193,YES,00:00,23:59,
2025-04-07,BA153,YES,00:00,23:59,
2025-04-07,DY060,YES,00:00,23:59,
2025-04-07,OH197,YES,00:00,23:59,
2025-04-07,OH368,YES,00:00,23:59,
2025-04-07,RA116,YES,00:00,23:59,
2025-04-07,RA155,YES,00:00,23:59,
2025-04-07,RA163,YES,00:00,23:59,
2025-04-07,RA306,YES,00:00,23:59,
2025-04-07,TA229,YES,00:00,23:59,
2025-04-07,TA282,NO,,,In Use Elsewhere
2025-04-07,TA394,YES,00:00,23:59,
2025-04-07,TO243,YES,00:00,23:59,
2025-04-07,TO330,YES,00:00,23:59,
2025-04-08,BA104,YES,00:00,23:59,
2025-04-08,BA113,YES,00:00,23:59,
2025-04-08,BA128,YES,00:00,23:59,
2025-04-08,BA159,NO,,,In Use Elsewhere
2025-04-08,BA259,YES,00:00,23:59,
2025-04-08,DY067,YES,00:00,23:59,
2025-04-08,DY236,YES,00:00,23:59,
2025-04-08,OH080,YES,00:00,23:59,
2025-04-08,OH343,YES,00:00,23:59,
2025-04-08,OH362,YES,00:00,23:59,
2025-04-08,OH366,NO,,,In Use Elsewhere
2025-04-08,OH390,YES,00:00,23:59,
2025-04-08,RA051,YES,00:00,23:59,
2025-04-08,RA136,YES,00:00,23:59,
2025-04-08,RA252,YES,00:00,23:59,
2025-04-08,RA339,YES,00:00,23:59,
2025-04-08,RA378,YES,00:00,23:59,
2025-04-08,RA388,NO,,,In Use Elsewhere
2025-04-08,TA054,NO,,,In Use Elsewhere
2025-04-08,TA215,YES,00:00,23:59,
2025-04-08,TA302,YES,00:00,23:59,
2025-04-08,TO047,YES,00:00,23:59,
2025-04-08,TO109,YES,00:00,23:59,
2025-04-08,TO166,YES,00:00,23:59,
2025-04-08,TO250,YES,00:00,23:59,
2025-04-08,TO267,YES,00:00,23:59,
2025-04-08,TO316,YES,00:00,23:59,
2025-04-10,BA079,YES,00:00,23:59,
2025-04-10,DY045,YES,00:00,23:59,
2025-04-10,DY141,YES,00:00,23:59,
2025-04-10,DY196,YES,00:00,23:59,
2025-04-10,DY217,YES,00:00,23:59,
2025-04-10,OH019,YES,00:00,23:59,
2025-04-10,OH082,YES,00:00,23:59,
2025-04-10,OH183,YES,00:00,23:59,
2025-04-10,OH343,NO,,,In Use Elsewhere
2025-04-10,RA039,YES,00:00,23:59,
2025-04-10,RA164,YES,00:00,23:59,
2025-04-10,RA339,YES,00:00,23:59,
2025-04-10,RA378,YES,00:00,23:59,
2025-04-10,TA075,YES,00:00,23:59,
2025-04-10,TA137,YES,00:00,23:59,
2025-04-10,TA165,YES,00:00,23:59,
2025-04-10,TA215,YES,00:00,23:59,
2025-04-10,TA220,NO,,,Scheduled Maintenance
2025-04-10,TA229,YES,00:00,23:59,
2025-04-10,TA394,YES,00:00,23:59,
2025-04-10,TO009,YES,00:00,23:59,
2025-04-10,TO146,YES,00:00,23:59,
2025-04-10,TO250,YES,00:00,23:59,
2025-04-11,BA016,YES,00:00,23:59,
2025-04-11,BA058,YES,00:00,23:59,
2025-04-11,BA242,YES,00:00,23:59,
2025-04-11,BA349,NO,,,In Use Elsewhere
2025-04-11,DY001,YES,00:00,23:59,
2025-04-11,DY012,YES,00:00,23:59,
2025-04-11,DY017,YES,00:00,23:59,
2025-04-11,DY070,YES,00:00,23:59,
2025-04-11,DY141,YES,00:00,23:59,
2025-04-11,DY237,YES,00:00,23:59,
2025-04-11,DY251,YES,00:00,23:59,
2025-04-11,DY371,YES,00:00,23:59,
2025-04-11,OH050,YES,00:00,23:59,
2025-04-11,OH083,YES,00:00,23:59,
2025-04-11,OH142,YES,00:00,23:59,
2025-04-11,OH245,YES,00:00,23:59,
2025-04-11,OH254,YES,00:00,23:59,
2025-04-11,OH270,YES,00:00,23:59,
2025-04-11,RA043,YES,00:00,23:59,
2025-04-11,RA190,YES,00:00,23:59,
2025-04-11,RA200,YES,00:00,23:59,
2025-04-11,RA210,YES,00:00,23:59,
2025-04-11,RA238,YES,00:00,23:59,
2025-04-11,TA049,YES,00:00,23:59,
2025-04-11,TA171,YES,00:00,23:59,
2025-04-11,TA280,YES,00:00,23:59,
2025-04-11,TO101,YES,00:00,23:59,
2025-04-11,TO109,YES,00:00,23:59,
2025-04-12,DY184,YES,00:00,23:59,
2025-04-12,DY219,YES,00:00,23:59,
2025-04-12,DY321,YES,00:00,23:59,
2025-04-12,OH245,YES,00:00,23:59,
2025-04-12,OH368,YES,00:00,23:59,
2025-04-12,RA360,NO,,,Breakdown
2025-04-12,RA391,YES,00:00,23:59,
2025-04-12,TA034,YES,00:00,23:59,
2025-04-12,TA107,YES,00:00,23:59,
2025-04-12,TA140,YES,00:00,23:59,
2025-04-12,TA150,YES,00:00,23:59,
2025-04-12,TA199,YES,00:00,23:59,
2025-04-12,TA205,YES,00:00,23:59,
2025-04-12,TA215,YES,00:00,23:59,
2025-04-12,TO009,YES,00:00,23:59,
2025-04-12,TO030,YES,00:00,23:59,
2025-04-12,TO326,YES,00:00,23:59,
2025-04-15,BA208,YES,00:00,23:59,
2025-04-15,DY161,YES,00:00,23:59,
2025-04-15,DY232,YES,00:00,23:59,
2025-04-15,DY235,YES,00:00,23:59,
2025-04-15,DY237,YES,00:00,23:59,
2025-04-15,DY315,YES,00:00,23:59,
2025-04-15,OH076,NO,,,Breakdown
2025-04-15,RA073,NO,,,Breakdown
2025-04-15,RA136,YES,00:00,23:59,
2025-04-15,RA388,YES,00:00,23:59,
2025-04-15,TA063,YES,00:00,23:59,
2025-04-15,TA108,NO,,,Scheduled Maintenance
2025-04-15,TA137,YES,00:00,23:59,
2025-04-15,TA291,YES,00:00,23:59,
2025-04-15,TA361,YES,00:00,23:59,
2025-04-15,TO009,NO,,,In Use Elsewhere
2025-04-16,BA069,YES,00:00,23:59,
2025-04-16,BA144,NO,,,Scheduled Maintenance
2025-04-16,BA323,YES,00:00,23:59,
2025-04-16,BA386,YES,00:00,23:59,
2025-04-16,BA393,NO,,,Scheduled Maintenance
2025-04-16,DY060,YES,00:00,23:59,
2025-04-16,DY091,YES,00:00,23:59,
2025-04-16,DY138,YES,00:00,23:59,
2025-04-16,DY167,YES,00:00,23:59,
2025-04-16,DY219,YES,00:00,23:59,
2025-04-16,DY235,YES,00:00,23:59,
2025-04-16,DY398,YES,00:00,23:59,
2025-04-16,OH183,YES,00:00,23:59,
2025-04-16,RA013,YES,00:00,23:59,
2025-04-16,RA168,YES,00:00,23:59,
2025-04-16,RA354,YES,00:00,23:59,
2025-04-16,RA367,NO,,,In Use Elsewhere
2025-04-16,TA005,YES,00:00,23:59,
2025-04-16,TA075,YES,00:00,23:59,
2025-04-16,TA147,YES,00:00,23:59,
2025-04-16,TA310,YES,00:00,23:59,
2025-04-16,TO030,YES,00:00,23:59,
2025-04-16,TO257,YES,00:00,23:59,
2025-04-16,TO272,YES,00:00,23:59,
2025-04-16,TO284,YES,00:00,23:59,
2025-04-16,TO335,YES,00:00,23:59,
2025-04-16,TO351,NO,,,Scheduled Maintenance
2025-04-18,BA102,YES,00:00,23:59,
2025-04-18,BA153,YES,00:00,23:59,
2025-04-18,BA188,NO,,,Scheduled Maintenance
2025-04-18,BA247,YES,00:00,23:59,
2025-04-18,BA300,YES,00:00,23:59,
2025-04-18,DY018,YES,00:00,23:59,
2025-04-18,DY115,NO,,,Breakdown
2025-04-18,DY281,YES,00:00,23:59,
2025-04-18,DY328,YES,00:00,23:59,
2025-04-18,OH093,YES,00:00,23:59,
2025-04-18,OH176,YES,00:00,23:59,
2025-04-18,OH189,YES,00:00,23:59,
2025-04-18,OH366,YES,00:00,23:59,
2025-04-18,RA136,YES,00:00,23:59,
2025-04-18,RA190,NO,,,Breakdown
2025-04-18,RA265,YES,00:00,23:59,
2025-04-18,RA303,YES,00:00,23:59,
2025-04-18,TA218,YES,00:00,23:59,
2025-04-18,TA226,YES,00:00,23:59,
2025-04-18,TA325,YES,00:00,23:59,
2025-04-18,TO002,YES,00:00,23:59,
2025-04-18,TO020,YES,00:00,23:59,
2025-04-18,TO038,NO,,,Breakdown
2025-04-18,TO350,YES,00:00,23:59,
2025-04-20,BA016,YES,00:00,23:59,
2025-04-20,BA145,YES,00:00,23:59,
2025-04-20,BA174,YES,00:00,23:59,
2025-04-20,DY004,YES,00:00,23:59,
2025-04-20,DY181,NO,,,In Use Elsewhere
2025-04-20,DY244,YES,00:00,23:59,
2025-04-20,DY327,YES,00:00,23:59,
2025-04-20,DY356,YES,00:00,23:59,
2025-04-20,DY374,NO,,,Breakdown
2025-04-20,OH071,NO,,,Breakdown
2025-04-20,OH076,YES,00:00,23:59,
2025-04-20,OH080,YES,00:00,23:59,
2025-04-20,OH221,YES,00:00,23:59,
2025-04-20,OH313,YES,00:00,23:59,
2025-04-20,OH359,YES,00:00,23:59,
2025-04-20,RA024,YES,00:00,23:59,
2025-04-20,RA085,YES,00:00,23:59,
2025-04-20,RA119,YES,00:00,23:59,
2025-04-20,RA162,NO,,,Scheduled Maintenance
2025-04-20,RA177,YES,00:00,23:59,
2025-04-20,RA252,NO,,,Scheduled Maintenance
2025-04-20,RA306,YES,00:00,23:59,
2025-04-20,TO033,YES,00:00,23:59,
2025-04-20,TO258,YES,00:00,23:59,
2025-04-22,BA144,NO,,,In Use Elsewhere
2025-04-22,BA174,YES,00:00,23:59,
2025-04-22,DY055,YES,00:00,23:59,
2025-04-22,DY124,YES,00:00,23:59,
2025-04-22,DY224,YES,00:00,23:59,
2025-04-22,DY262,YES,00:00,23:59,
2025-04-22,DY309,YES,00:00,23:59,
2025-04-22,DY327,YES,00:00,23:59,
2025-04-22,RA116,YES,00:00,23:59,
2025-04-22,TO021,YES,00:00,23:59,
2025-04-22,TO146,YES,00:00,23:59,
2025-04-22,TO223,YES,00:00,23:59,
2025-04-22,TO258,YES,00:00,23:59,
2025-04-22,TO272,YES,00:00,23:59,
2025-04-23,BA127,YES,00:00,23:59,
2025-04-23,BA247,YES,00:00,23:59,
2025-04-23,BA255,YES,00:00,23:59,
2025-04-23,BA344,YES,00:00,23:59,
2025-04-23,DY012,NO,,,Breakdown
2025-04-23,DY061,YES,00:00,23:59,
2025-04-23,DY067,YES,00:00,23:59,
2025-04-23,DY070,YES,00:00,23:59,
2025-04-23,DY194,YES,00:00,23:59,
2025-04-23,DY219,YES,00:00,23:59,
2025-04-23,DY248,NO,,,Scheduled Maintenance
2025-04-23,OH019,YES,00:00,23:59,
2025-04-23,OH362,YES,00:00,23:59,
2025-04-23,RA011,YES,00:00,23:59,
2025-04-23,RA278,YES,00:00,23:59,
2025-04-23,RA378,NO,,,In Use Elsewhere
2025-04-23,TA003,YES,00:00,23:59,
2025-04-23,TA089,NO,,,Breakdown
2025-04-23,TA108,YES,00:00,23:59,
2025-04-23,TA227,YES,00:00,23:59,
2025-04-23,TA280,YES,00:00,23:59,
2025-04-23,TO021,NO,,,Scheduled Maintenance
2025-04-23,TO175,NO,,,Scheduled Maintenance
2025-04-23,TO350,YES,00:00,23:59,
2025-04-23,TO351,YES,00:00,23:59,
2025-04-24,BA097,YES,00:00,23:59,
2025-04-24,BA117,YES,00:00,23:59,
2025-04-24,DY017,YES,00:00,23:59,
2025-04-24,DY057,YES,00:00,23:59,
2025-04-24,DY067,YES,00:00,23:59,
2025-04-24,DY122,YES,00:00,23:59,
2025-04-24,DY244,YES,00:00,23:59,
2025-04-24,OH006,YES,00:00,23:59,
2025-04-24,OH007,YES,00:00,23:59,
2025-04-24,OH019,YES,00:00,23:59,
2025-04-24,OH026,YES,00:00,23:59,
2025-04-24,OH092,YES,00:00,23:59,
2025-04-24,OH111,YES,00:00,23:59,
2025-04-24,OH130,YES,00:00,23:59,
2025-04-24,RA163,NO,,,Scheduled Maintenance
2025-04-24,RA200,YES,00:00,23:59,
2025-04-24,RA276,YES,00:00,23:59,
2025-04-24,TA233,YES,00:00,23:59,
2025-04-24,TA302,YES,00:00,23:59,
2025-04-24,TA396,YES,00:00,23:59,
2025-04-24,TO123,YES,00:00,23:59,
2025-04-24,TO228,NO,,,In Use Elsewhere
2025-04-26,BA153,YES,00:00,23:59,
2025-04-26,BA297,YES,00:00,23:59,
2025-04-26,BA314,YES,00:00,23:59,
2025-04-26,BA323,YES,00:00,23:59,
2025-04-26,DY327,YES,00:00,23:59,
2025-04-26,DY374,YES,00:00,23:59,
2025-04-26,OH077,YES,00:00,23:59,
2025-04-26,OH173,YES,00:00,23:59,
2025-04-26,OH318,YES,00:00,23:59,
2025-04-26,RA053,YES,00:00,23:59,
2025-04-26,RA385,NO,,,Breakdown
2025-04-26,TA063,YES,00:00,23:59,
2025-04-26,TA211,NO,,,Breakdown
2025-04-27,BA069,YES,00:00,23:59,
2025-04-27,BA332,YES,00:00,23:59,
2025-04-27,DY322,YES,00:00,23:59,
2025-04-27,DY353,YES,00:00,23:59,
2025-04-27,DY371,YES,00:00,23:59,
2025-04-27,OH182,YES,00:00,23:59,
2025-04-27,OH294,YES,00:00,23:59,
2025-04-27,OH318,YES,00:00,23:59,
2025-04-27,RA087,YES,00:00,23:59,
2025-04-27,RA241,YES,00:00,23:59,
2025-04-27,RA329,YES,00:00,23:59,
2025-04-27,RA337,YES,00:00,23:59,
2025-04-27,TA065,YES,00:00,23:59,
2025-04-27,TA282,YES,00:00,23:59,
2025-04-27,TO002,YES,00:00,23:59,
2025-04-27,TO317,YES,00:00,23:59,
2025-04-27,TO336,YES,00:00,23:59,
2025-04-28,BA016,YES,00:00,23:59,
2025-04-28,BA058,YES,00:00,23:59,
2025-04-28,BA064,YES,00:00,23:59,
2025-04-28,BA153,NO,,,In Use Elsewhere
2025-04-28,BA208,YES,00:00,23:59,
2025-04-28,DY001,YES,00:00,23:59,
2025-04-28,DY057,YES,00:00,23:59,
2025-04-28,DY161,YES,00:00,23:59,
2025-04-28,OH025,YES,00:00,23:59,
2025-04-28,OH046,YES,00:00,23:59,
2025-04-28,OH072,YES,00:00,23:59,
2025-04-28,OH080,YES,00:00,23:59,
2025-04-28,OH086,YES,00:00,23:59,
2025-04-28,OH197,YES,00:00,23:59,
2025-04-28,OH382,NO,,,Breakdown
2025-04-28,RA290,YES,00:00,23:59,
2025-04-28,RA388,YES,00:00,23:59,
2025-04-28,TA005,YES,00:00,23:59,
2025-04-28,TA078,YES,00:00,23:59,
2025-04-28,TA227,YES,00:00,23:59,
2025-04-28,TO101,YES,00:00,23:59,
2025-04-28,TO272,YES,00:00,23:59,
2025-04-29,BA102,YES,00:00,23:59,
2025-04-29,BA263,YES,00:00,23:59,
2025-04-29,BA297,YES,00:00,23:59,
2025-04-29,DY055,YES,00:00,23:59,
2025-04-29,DY135,YES,00:00,23:59,
2025-04-29,DY236,YES,00:00,23:59,
2025-04-29,OH294,YES,00:00,23:59,
2025-04-29,RA172,YES,00:00,23:59,
2025-04-29,RA190,YES,00:00,23:59,
2025-04-29,RA200,YES,00:00,23:59,
2025-04-29,RA238,YES,00:00,23:59,
2025-04-29,RA276,YES,00:00,23:59,
2025-04-29,TA107,YES,00:00,23:59,
2025-04-29,TA140,YES,00:00,23:59,
2025-04-29,TA212,YES,00:00,23:59,
2025-04-29,TO009,YES,00:00,23:59,
2025-04-29,TO284,YES,00:00,23:59,
2025-04-29,TO317,YES,00:00,23:59,
2025-04-29,TO336,YES,00:00,23:59,
2025-04-30,BA174,YES,00:00,23:59,
2025-04-30,BA186,YES,00:00,23:59,
2025-04-30,DY167,YES,00:00,23:59,
2025-04-30,DY279,YES,00:00,23:59,
2025-04-30,DY389,YES,00:00,23:59,
2025-04-30,OH189,YES,00:00,23:59,
2025-04-30,OH197,YES,00:00,23:59,
2025-04-30,OH245,NO,,,Scheduled Maintenance
2025-04-30,OH366,YES,00:00,23:59,
2025-04-30,RA029,YES,00:00,23:59,
2025-04-30,RA037,YES,00:00,23:59,
2025-04-30,RA039,YES,00:00,23:59,
2025-04-30,RA081,YES,00:00,23:59,
2025-04-30,RA360,YES,00:00,23:59,
2025-04-30,RA397,YES,00:00,23:59,
2025-04-30,TA108,NO,,,In Use Elsewhere
2025-04-30,TA150,YES,00:00,23:59,
2025-04-30,TA280,YES,00:00,23:59,
2025-04-30,TA394,YES,00:00,23:59,
2025-04-30,TO305,YES,00:00,23:59,
2025-05-02,BA297,YES,00:00,23:59,
2025-05-02,BA300,YES,00:00,23:59,
2025-05-02,BA324,YES,00:00,23:59,
2025-05-02,BA348,YES,00:00,23:59,
2025-05-02,BA377,YES,00:00,23:59,
2025-05-02,DY057,YES,00:00,23:59,
2025-05-02,DY217,NO,,,Breakdown
2025-05-02,DY244,YES,00:00,23:59,
2025-05-02,DY279,YES,00:00,23:59,
2025-05-02,DY322,YES,00:00,23:59,
2025-05-02,DY346,YES,00:00,23:59,
2025-05-02,DY353,YES,00:00,23:59,
2025-05-02,DY398,NO,,,In Use Elsewhere
2025-05-02,OH080,YES,00:00,23:59,
2025-05-02,OH207,YES,00:00,23:59,
2025-05-02,OH366,YES,00:00,23:59,
2025-05-02,OH395,YES,00:00,23:59,
2025-05-02,RA073,YES,00:00,23:59,
2025-05-02,RA231,YES,00:00,23:59,
2025-05-02,RA367,NO,,,Breakdown
2025-05-02,RA397,YES,00:00,23:59,
2025-05-02,TA211,YES,00:00,23:59,
2025-05-02,TA310,YES,00:00,23:59,
2025-05-02,TA341,NO,,,In Use Elsewhere
2025-05-02,TA396,YES,00:00,23:59,
2025-05-02,TO028,YES,00:00,23:59,
2025-05-02,TO193,YES,00:00,23:59,
2025-05-04,BA094,YES,00:00,23:59,
2025-05-04,BA266,NO,,,Scheduled Maintenance
2025-05-04,BA344,NO,,,Breakdown
2025-05-04,DY001,YES,00:00,23:59,
2025-05-04,DY115,YES,00:00,23:59,
2025-05-04,DY194,NO,,,In Use Elsewhere
2025-05-04,DY201,NO,,,Scheduled Maintenance
2025-05-04,DY262,YES,00:00,23:59,
2025-05-04,OH077,YES,00:00,23:59,
2025-05-04,OH130,YES,00:00,23:59,
2025-05-04,OH182,YES,00:00,23:59,
2025-05-04,OH189,YES,00:00,23:59,
2025-05-04,OH298,YES,00:00,23:59,
2025-05-04,OH372,YES,00:00,23:59,
2025-05-04,RA240,YES,00:00,23:59,
2025-05-04,RA339,YES,00:00,23:59,
2025-05-04,RA354,YES,00:00,23:59,
2025-05-04,TA075,NO,,,Breakdown
2025-05-04,TA285,YES,00:00,23:59,
2025-05-04,TO041,YES,00:00,23:59,
2025-05-04,TO187,YES,00:00,23:59,
2025-05-04,TO223,YES,00:00,23:59,
2025-05-04,TO228,YES,00:00,23:59,
2025-05-04,TO257,YES,00:00,23:59,
2025-05-04,TO335,NO,,,Scheduled Maintenance
2025-05-04,TO364,YES,00:00,23:59,
2025-05-06,BA042,YES,00:00,23:59,
2025-05-06,BA324,YES,00:00,23:59,
2025-05-06,DY105,NO,,,Breakdown
2025-05-06,DY135,YES,00:00,23:59,
2025-05-06,DY216,YES,00:00,23:59,
2025-05-06,OH019,YES,00:00,23:59,
2025-05-06,OH384,YES,00:00,23:59,
2025-05-06,RA013,NO,,,In Use Elsewhere
2025-05-06,RA210,YES,00:00,23:59,
2025-05-06,TA049,YES,00:00,23:59,
2025-05-06,TA264,YES,00:00,23:59,
2025-05-06,TA283,NO,,,Breakdown
2025-05-06,TA325,YES,00:00,23:59,
2025-05-06,TO109,YES,00:00,23:59,
2025-05-08,BA058,YES,00:00,23:59,
2025-05-08,BA170,NO,,,Scheduled Maintenance
2025-05-08,BA209,YES,00:00,23:59,
2025-05-08,BA247,YES,00:00,23:59,
2025-05-08,DY018,YES,00:00,23:59,
2025-05-08,DY133,YES,00:00,23:59,
2025-05-08,DY232,YES,00:00,23:59,
2025-05-08,DY399,YES,00:00,23:59,
2025-05-08,OH197,YES,00:00,23:59,
2025-05-08,OH271,YES,00:00,23:59,
2025-05-08,OH368,YES,00:00,23:59,
2025-05-08,RA053,YES,00:00,23:59,
2025-05-08,RA375,YES,00:00,23:59,
2025-05-08,RA385,NO,,,Scheduled Maintenance
2025-05-08,TA147,YES,00:00,23:59,
2025-05-08,TA222,YES,00:00,23:59,
2025-05-08,TA264,YES,00:00,23:59,
2025-05-08,TA283,YES,00:00,23:59,
2025-05-08,TO021,YES,00:00,23:59,
2025-05-08,TO032,NO,,,Scheduled Maintenance
2025-05-08,TO044,YES,00:00,23:59,
2025-05-08,TO101,NO,,,Scheduled Maintenance
2025-05-09,DY157,YES,00:00,23:59,
2025-05-09,DY327,YES,00:00,23:59,
2025-05-09,DY374,YES,00:00,23:59,
2025-05-09,DY379,YES,00:00,23:59,
2025-05-09,OH052,YES,00:00,23:59,
2025-05-09,OH086,NO,,,In Use Elsewhere
2025-05-09,OH160,YES,00:00,23:59,
2025-05-09,OH312,YES,00:00,23:59,
2025-05-09,OH382,YES,00:00,23:59,
2025-05-09,RA029,YES,00:00,23:59,
2025-05-09,RA198,YES,00:00,23:59,
2025-05-09,RA286,NO,,,Breakdown
2025-05-09,RA373,YES,00:00,23:59,
2025-05-09,RA391,NO,,,In Use Elsewhere
2025-05-09,TA036,YES,00:00,23:59,
2025-05-09,TA227,YES,00:00,23:59,
2025-05-09,TA282,YES,00:00,23:59,
2025-05-09,TA361,YES,00:00,23:59,
2025-05-11,DY321,YES,00:00,23:59,
2025-05-11,OH052,YES,00:00,23:59,
2025-05-11,OH080,YES,00:00,23:59,
2025-05-11,OH221,YES,00:00,23:59,
2025-05-11,OH296,YES,00:00,23:59,
2025-05-11,OH357,YES,00:00,23:59,
2025-05-11,OH359,NO,,,Scheduled Maintenance
2025-05-11,OH368,YES,00:00,23:59,
2025-05-11,RA136,YES,00:00,23:59,
2025-05-11,RA206,NO,,,Scheduled Maintenance
2025-05-11,RA252,YES,00:00,23:59,
2025-05-11,TA205,YES,00:00,23:59,
2025-05-11,TA227,NO,,,In Use Elsewhere
2025-05-11,TO250,YES,00:00,23:59,
2025-05-11,TO260,NO,,,Breakdown
2025-05-12,BA016,YES,00:00,23:59,
2025-05-12,BA151,YES,00:00,23:59,
2025-05-12,BA208,NO,,,Scheduled Maintenance
2025-05-12,BA230,YES,00:00,23:59,
2025-05-12,DY040,YES,00:00,23:59,
2025-05-12,DY045,YES,00:00,23:59,
2025-05-12,DY067,YES,00:00,23:59,
2025-05-12,DY167,YES,00:00,23:59,
2025-05-12,DY232,NO,,,In Use Elsewhere
2025-05-12,DY262,YES,00:00,23:59,
2025-05-12,DY374,YES,00:00,23:59,
2025-05-12,OH015,YES,00:00,23:59,
2025-05-12,OH103,YES,00:00,23:59,
2025-05-12,OH130,YES,00:00,23:59,
2025-05-12,RA051,YES,00:00,23:59,
2025-05-12,RA172,YES,00:00,23:59,
2025-05-12,RA206,YES,00:00,23:59,
2025-05-12,RA278,YES,00:00,23:59,
2025-05-12,RA306,YES,00:00,23:59,
2025-05-12,RA354,NO,,,Breakdown
2025-05-12,TO030,YES,00:00,23:59,
2025-05-12,TO047,YES,00:00,23:59,
2025-05-12,TO149,YES,00:00,23:59,
2025-05-12,TO258,YES,00:00,23:59,
2025-05-12,TO317,YES,00:00,23:59,
2025-05-13,BA127,YES,00:00,23:59,
2025-05-13,BA263,YES,00:00,23:59,
2025-05-13,BA386,YES,00:00,23:59,
2025-05-13,DY105,YES,00:00,23:59,
2025-05-13,DY169,YES,00:00,23:59,
2025-05-13,DY248,YES,00:00,23:59,
2025-05-13,DY331,YES,00:00,23:59,
2025-05-13,DY392,YES,00:00,23:59,
2025-05-13,OH023,YES,00:00,23:59,
2025-05-13,OH082,YES,00:00,23:59,
2025-05-13,OH130,NO,,,In Use Elsewhere
2025-05-13,OH160,YES,00:00,23:59,
2025-05-13,OH197,YES,00:00,23:59,
2025-05-13,RA119,NO,,,Breakdown
2025-05-13,RA200,YES,00:00,23:59,
2025-05-13,RA354,YES,00:00,23:59,
2025-05-13,RA367,NO,,,In Use Elsewhere
2025-05-13,TA099,NO,,,In Use Elsewhere
2025-05-13,TA285,YES,00:00,23:59,
2025-05-13,TA325,NO,,,Breakdown
2025-05-13,TO030,YES,00:00,23:59,
2025-05-13,TO123,NO,,,In Use Elsewhere
2025-05-13,TO202,NO,,,In Use Elsewhere
2025-05-14,BA126,YES,00:00,23:59,
2025-05-14,BA230,YES,00:00,23:59,
2025-05-14,BA299,YES,00:00,23:59,
2025-05-14,BA393,YES,00:00,23:59,
2025-05-14,DY045,YES,00:00,23:59,
2025-05-14,DY251,NO,,,Breakdown
2025-05-14,DY369,YES,00:00,23:59,
2025-05-14,DY380,YES,00:00,23:59,
2025-05-14,OH046,YES,00:00,23:59,
2025-05-14,RA073,NO,,,Scheduled Maintenance
2025-05-14,RA116,YES,00:00,23:59,
2025-05-14,RA240,YES,00:00,23:59,
2025-05-14,RA370,YES,00:00,23:59,
2025-05-14,TA165,YES,00:00,23:59,
2025-05-14,TA199,YES,00:00,23:59,
2025-05-14,TA233,NO,,,In Use Elsewhere
2025-05-14,TO187,YES,00:00,23:59,
2025-05-14,TO284,YES,00:00,23:59,
2025-05-14,TO351,YES,00:00,23:59,
2025-05-15,BA042,NO,,,Scheduled Maintenance
2025-05-15,BA110,YES,00:00,23:59,
2025-05-15,BA185,YES,00:00,23:59,
2025-05-15,BA259,YES,00:00,23:59,
2025-05-15,BA324,YES,00:00,23:59,
2025-05-15,DY319,NO,,,Breakdown
2025-05-15,DY331,YES,00:00,23:59,
2025-05-15,OH052,YES,00:00,23:59,
2025-05-15,OH158,YES,00:00,23:59,
2025-05-15,OH382,YES,00:00,23:59,
2025-05-15,TA108,YES,00:00,23:59,
2025-05-15,TA131,YES,00:00,23:59,
2025-05-15,TA205,YES,00:00,23:59,
2025-05-15,TO041,YES,00:00,23:59,
2025-05-16,BA348,YES,00:00,23:59,
2025-05-16,DY180,YES,00:00,23:59,
2025-05-16,DY184,YES,00:00,23:59,
2025-05-16,OH019,YES,00:00,23:59,
2025-05-16,OH046,YES,00:00,23:59,
2025-05-16,OH086,YES,00:00,23:59,
2025-05-16,OH134,YES,00:00,23:59,
2025-05-16,OH359,YES,00:00,23:59,
2025-05-16,RA139,YES,00:00,23:59,
2025-05-16,RA155,YES,00:00,23:59,
2025-05-16,RA206,NO,,,Scheduled Maintenance
2025-05-16,RA278,YES,00:00,23:59,
2025-05-16,RA308,YES,00:00,23:59,
2025-05-16,RA329,YES,00:00,23:59,
2025-05-16,RA378,YES,00:00,23:59,
2025-05-16,TA137,YES,00:00,23:59,
2025-05-17,BA314,YES,00:00,23:59,
2025-05-17,DY217,NO,,,In Use Elsewhere
2025-05-17,OH015,YES,00:00,23:59,
2025-05-17,OH019,NO,,,In Use Elsewhere
2025-05-17,OH052,YES,00:00,23:59,
2025-05-17,OH390,YES,00:00,23:59,
2025-05-17,RA051,YES,00:00,23:59,
2025-05-17,RA204,YES,00:00,23:59,
2025-05-17,RA265,YES,00:00,23:59,
2025-05-17,RA370,YES,00:00,23:59,
2025-05-17,TA034,YES,00:00,23:59,
2025-05-17,TA118,YES,00:00,23:59,
2025-05-17,TA131,YES,00:00,23:59,
2025-05-17,TA150,NO,,,In Use Elsewhere
2025-05-17,TA302,YES,00:00,23:59,
2025-05-17,TO351,YES,00:00,23:59,
2025-05-18,BA022,YES,00:00,23:59,
2025-05-18,BA174,NO,,,In Use Elsewhere
2025-05-18,BA314,YES,00:00,23:59,
2025-05-18,DY321,YES,00:00,23:59,
2025-05-18,OH046,YES,00:00,23:59,
2025-05-18,OH176,YES,00:00,23:59,
2025-05-18,OH343,YES,00:00,23:59,
2025-05-18,OH347,YES,00:00,23:59,
2025-05-18,RA177,NO,,,Breakdown
2025-05-18,RA190,YES,00:00,23:59,
2025-05-18,RA337,YES,00:00,23:59,
2025-05-18,TA269,YES,00:00,23:59,
2025-05-18,TA292,YES,00:00,23:59,
2025-05-18,TO228,YES,00:00,23:59,
2025-05-19,BA159,YES,00:00,23:59,
2025-05-19,BA293,YES,00:00,23:59,
2025-05-19,BA323,YES,00:00,23:59,
2025-05-19,BA358,YES,00:00,23:59,
2025-05-19,DY070,YES,00:00,23:59,
2025-05-19,DY216,YES,00:00,23:59,
2025-05-19,DY248,YES,00:00,23:59,
2025-05-19,DY392,YES,00:00,23:59,
2025-05-19,OH086,YES,00:00,23:59,
2025-05-19,OH160,YES,00:00,23:59,
2025-05-19,OH312,YES,00:00,23:59,
2025-05-19,OH366,YES,00:00,23:59,
2025-05-19,OH368,YES,00:00,23:59,
2025-05-19,RA029,YES,00:00,23:59,
2025-05-19,RA156,YES,00:00,23:59,
2025-05-19,RA200,YES,00:00,23:59,
2025-05-19,RA252,YES,00:00,23:59,
2025-05-19,RA334,NO,,,In Use Elsewhere
2025-05-19,RA340,NO,,,Scheduled Maintenance
2025-05-19,RA373,YES,00:00,23:59,
2025-05-19,TA171,YES,00:00,23:59,
2025-05-19,TA222,YES,00:00,23:59,
2025-05-19,TA233,NO,,,Breakdown
2025-05-19,TA264,YES,00:00,23:59,
2025-05-19,TA291,YES,00:00,23:59,
2025-05-19,TA394,YES,00:00,23:59,
2025-05-19,TO101,YES,00:00,23:59,
2025-05-19,TO287,YES,00:00,23:59,
2025-05-20,BA242,YES,00:00,23:59,
2025-05-20,BA274,YES,00:00,23:59,
2025-05-20,BA358,YES,00:00,23:59,
2025-05-20,BA383,YES,00:00,23:59,
2025-05-20,DY115,YES,00:00,23:59,
2025-05-20,DY201,NO,,,Breakdown
2025-05-20,DY236,YES,00:00,23:59,
2025-05-20,DY244,YES,00:00,23:59,
2025-05-20,DY281,YES,00:00,23:59,
2025-05-20,DY380,YES,00:00,23:59,
2025-05-20,OH050,YES,00:00,23:59,
2025-05-20,OH189,NO,,,In Use Elsewhere
2025-05-20,OH195,YES,00:00,23:59,
2025-05-20,RA053,YES,00:00,23:59,
2025-05-20,RA073,YES,00:00,23:59,
2025-05-20,RA155,YES,00:00,23:59,
2025-05-20,RA334,YES,00:00,23:59,
2025-05-20,TA150,YES,00:00,23:59,
2025-05-20,TA165,YES,00:00,23:59,
2025-05-20,TO028,YES,00:00,23:59,
2025-05-20,TO044,NO,,,In Use Elsewhere
2025-05-20,TO056,YES,00:00,23:59,
2025-05-20,TO109,YES,00:00,23:59,
2025-05-21,BA174,YES,00:00,23:59,
2025-05-21,BA255,YES,00:00,23:59,
2025-05-21,BA386,YES,00:00,23:59,
2025-05-21,DY060,NO,,,Breakdown
2025-05-21,DY067,YES,00:00,23:59,
2025-05-21,DY152,YES,00:00,23:59,
2025-05-21,DY161,YES,00:00,23:59,
2025-05-21,DY379,NO,,,Breakdown
2025-05-21,OH103,YES,00:00,23:59,
2025-05-21,OH134,YES,00:00,23:59,
2025-05-21,OH183,NO,,,Breakdown
2025-05-21,OH214,NO,,,Breakdown
2025-05-21,OH239,YES,00:00,23:59,
2025-05-21,OH343,YES,00:00,23:59,
2025-05-21,RA085,YES,00:00,23:59,
2025-05-21,RA206,YES,00:00,23:59,
2025-05-21,RA295,NO,,,Scheduled Maintenance
2025-05-21,TA140,NO,,,In Use Elsewhere
2025-05-21,TA211,YES,00:00,23:59,
2025-05-21,TA222,YES,00:00,23:59,
2025-05-21,TA280,NO,,,Breakdown
2025-05-21,TO166,YES,00:00,23:59,
2025-05-26,BA128,YES,00:00,23:59,
2025-05-26,BA230,YES,00:00,23:59,
2025-05-26,BA255,YES,00:00,23:59,
2025-05-26,BA299,YES,00:00,23:59,
2025-05-26,DY201,YES,00:00,23:59,
2025-05-26,DY281,YES,00:00,23:59,
2025-05-26,DY398,YES,00:00,23:59,
2025-05-26,OH010,YES,00:00,23:59,
2025-05-26,OH245,YES,00:00,23:59,
2025-05-26,OH333,NO,,,Scheduled Maintenance
2025-05-26,RA048,YES,00:00,23:59,
2025-05-26,RA073,YES,00:00,23:59,
2025-05-26,RA240,YES,00:00,23:59,
2025-05-26,RA337,YES,00:00,23:59,
2025-05-26,RA391,YES,00:00,23:59,
2025-05-26,TA049,NO,,,In Use Elsewhere
2025-05-26,TA205,YES,00:00,23:59,
2025-05-26,TO033,NO,,,Scheduled Maintenance
2025-05-26,TO101,YES,00:00,23:59,
2025-05-26,TO166,YES,00:00,23:59,
2025-05-26,TO175,YES,00:00,23:59,
2025-05-26,TO223,YES,00:00,23:59,
2025-05-26,TO317,YES,00:00,23:59,
2025-05-26,TO335,YES,00:00,23:59,
2025-05-27,BA259,YES,00:00,23:59,
2025-05-27,BA263,YES,00:00,23:59,
2025-05-27,DY018,YES,00:00,23:59,
2025-05-27,DY169,YES,00:00,23:59,
2025-05-27,OH197,YES,00:00,23:59,
2025-05-27,OH253,YES,00:00,23:59,
2025-05-27,OH333,YES,00:00,23:59,
2025-05-27,RA008,YES,00:00,23:59,
2025-05-27,RA204,YES,00:00,23:59,
2025-05-27,RA391,YES,00:00,23:59,
2025-05-27,TA049,YES,00:00,23:59,
2025-05-27,TA218,NO,,,Breakdown
2025-05-27,TA283,YES,00:00,23:59,
2025-05-27,TO021,YES,00:00,23:59,
2025-05-27,TO193,YES,00:00,23:59,
2025-05-27,TO284,YES,00:00,23:59,
2025-05-27,TO288,YES,00:00,23:59,
2025-05-27,TO351,YES,00:00,23:59,
2025-05-30,BA299,NO,,,In Use Elsewhere
2025-05-30,DY014,YES,00:00,23:59,
2025-05-30,DY279,YES,00:00,23:59,
2025-05-30,DY331,NO,,,Scheduled Maintenance
2025-05-30,DY353,NO,,,Breakdown
2025-05-30,DY356,YES,00:00,23:59,
2025-05-30,DY398,YES,00:00,23:59,
2025-05-30,OH301,YES,00:00,23:59,
2025-05-30,OH312,YES,00:00,23:59,
2025-05-30,OH318,YES,00:00,23:59,
2025-05-30,OH352,YES,00:00,23:59,
2025-05-30,RA051,NO,,,Scheduled Maintenance
2025-05-30,RA238,YES,00:00,23:59,
2025-05-30,RA303,NO,,,In Use Elsewhere
2025-05-30,RA307,YES,00:00,23:59,
2025-05-30,TA147,YES,00:00,23:59,
2025-05-30,TO047,YES,00:00,23:59,
2025-05-30,TO149,YES,00:00,23:59,
2025-05-30,TO223,YES,00:00,23:59,
2025-05-30,TO350,YES,00:00,23:59,
2025-06-01,DY181,YES,00:00,23:59,
2025-06-01,DY201,NO,,,Breakdown
2025-06-01,DY374,YES,00:00,23:59,
2025-06-01,OH072,YES,00:00,23:59,
2025-06-01,RA051,YES,00:00,23:59,
2025-06-01,RA073,YES,00:00,23:59,
2025-06-01,RA081,YES,00:00,23:59,
2025-06-01,RA136,YES,00:00,23:59,
2025-06-01,TA098,YES,00:00,23:59,
2025-06-01,TA131,YES,00:00,23:59,
2025-06-01,TA275,NO,,,Scheduled Maintenance
2025-06-01,TO028,YES,00:00,23:59,
2025-06-01,TO032,YES,00:00,23:59,
2025-06-01,TO106,YES,00:00,23:59,
2025-06-02,BA069,YES,00:00,23:59,
2025-06-02,BA170,YES,00:00,23:59,
2025-06-02,DY040,YES,00:00,23:59,
2025-06-02,DY138,YES,00:00,23:59,
2025-06-02,DY141,YES,00:00,23:59,
2025-06-02,DY178,YES,00:00,23:59,
2025-06-02,DY371,NO,,,Scheduled Maintenance
2025-06-02,OH010,YES,00:00,23:59,
2025-06-02,OH362,YES,00:00,23:59,
2025-06-02,RA360,YES,00:00,23:59,
2025-06-02,RA373,YES,00:00,23:59,
2025-06-02,RA387,YES,00:00,23:59,
2025-06-02,TA005,YES,00:00,23:59,
2025-06-02,TA120,YES,00:00,23:59,
2025-06-02,TA165,NO,,,Breakdown
2025-06-02,TA226,YES,00:00,23:59,
2025-06-02,TA292,YES,00:00,23:59,
2025-06-02,TO056,YES,00:00,23:59,
2025-06-02,TO106,YES,00:00,23:59,
2025-06-03,BA113,YES,00:00,23:59,
2025-06-03,BA386,YES,00:00,23:59,
2025-06-03,DY090,YES,00:00,23:59,
2025-06-03,DY224,YES,00:00,23:59,
2025-06-03,DY235,YES,00:00,23:59,
2025-06-03,DY328,YES,00:00,23:59,
2025-06-03,OH026,YES,00:00,23:59,
2025-06-03,OH059,YES,00:00,23:59,
2025-06-03,OH077,YES,00:00,23:59,
2025-06-03,OH245,NO,,,In Use Elsewhere
2025-06-03,OH318,YES,00:00,23:59,
2025-06-03,OH384,YES,00:00,23:59,
2025-06-03,RA087,YES,00:00,23:59,
2025-06-03,RA114,NO,,,Breakdown
2025-06-03,RA265,YES,00:00,23:59,
2025-06-03,RA268,YES,00:00,23:59,
2025-06-03,RA277,YES,00:00,23:59,
2025-06-03,TA171,YES,00:00,23:59,
2025-06-03,TA218,YES,00:00,23:59,
2025-06-03,TA222,YES,00:00,23:59,
2025-06-03,TA269,YES,00:00,23:59,
2025-06-04,BA102,YES,00:00,23:59,
2025-06-04,DY014,YES,00:00,23:59,
2025-06-04,DY067,YES,00:00,23:59,
2025-06-04,DY105,YES,00:00,23:59,
2025-06-04,DY181,YES,00:00,23:59,
2025-06-04,OH023,YES,00:00,23:59,
2025-06-04,OH071,YES,00:00,23:59,
2025-06-04,OH142,YES,00:00,23:59,
2025-06-04,OH189,YES,00:00,23:59,
2025-06-04,RA116,YES,00:00,23:59,
2025-06-04,RA306,YES,00:00,23:59,
2025-06-04,RA308,YES,00:00,23:59,
2025-06-04,RA397,YES,00:00,23:59,
2025-06-04,TA098,YES,00:00,23:59,
2025-06-04,TA229,YES,00:00,23:59,
2025-06-04,TO123,NO,,,Breakdown
2025-06-04,TO149,NO,,,Breakdown
2025-06-05,BA174,YES,00:00,23:59,
2025-06-05,BA247,YES,00:00,23:59,
2025-06-05,BA249,YES,00:00,23:59,
2025-06-05,BA266,YES,00:00,23:59,
2025-06-05,BA300,NO,,,Breakdown
2025-06-05,BA393,NO,,,In Use Elsewhere
2025-06-05,DY012,YES,00:00,23:59,
2025-06-05,DY161,NO,,,Scheduled Maintenance
2025-06-05,DY315,YES,00:00,23:59,
2025-06-05,OH077,YES,00:00,23:59,
2025-06-05,OH093,YES,00:00,23:59,
2025-06-05,OH176,YES,00:00,23:59,
2025-06-05,OH254,YES,00:00,23:59,
2025-06-05,OH311,YES,00:00,23:59,
2025-06-05,OH312,YES,00:00,23:59,
2025-06-05,OH347,YES,00:00,23:59,
2025-06-05,OH366,YES,00:00,23:59,
2025-06-05,RA011,YES,00:00,23:59,
2025-06-05,RA116,YES,00:00,23:59,
2025-06-05,RA177,YES,00:00,23:59,
2025-06-05,RA277,YES,00:00,23:59,
2025-06-05,TO033,YES,00:00,23:59,
2025-06-05,TO041,YES,00:00,23:59,
2025-06-05,TO112,NO,,,In Use Elsewhere
2025-06-06,BA113,YES,00:00,23:59,
2025-06-06,BA128,YES,00:00,23:59,
2025-06-06,BA293,YES,00:00,23:59,
2025-06-06,BA393,YES,00:00,23:59,
2025-06-06,DY060,NO,,,Breakdown
2025-06-06,DY135,YES,00:00,23:59,
2025-06-06,DY169,YES,00:00,23:59,
2025-06-06,DY244,YES,00:00,23:59,
2025-06-06,DY322,NO,,,Scheduled Maintenance
2025-06-06,OH007,YES,00:00,23:59,
2025-06-06,OH023,YES,00:00,23:59,
2025-06-06,OH025,YES,00:00,23:59,
2025-06-06,OH368,YES,00:00,23:59,
2025-06-06,OH390,YES,00:00,23:59,
2025-06-06,RA139,YES,00:00,23:59,
2025-06-06,RA192,YES,00:00,23:59,
2025-06-06,RA200,YES,00:00,23:59,
2025-06-06,RA231,NO,,,Scheduled Maintenance
2025-06-06,TA229,YES,00:00,23:59,
2025-06-06,TO002,YES,00:00,23:59,
2025-06-06,TO056,YES,00:00,23:59,
2025-06-06,TO123,YES,00:00,23:59,
2025-06-06,TO257,YES,00:00,23:59,
2025-06-08,BA022,YES,00:00,23:59,
2025-06-08,BA084,YES,00:00,23:59,
2025-06-08,BA247,YES,00:00,23:59,
2025-06-08,DY004,YES,00:00,23:59,
2025-06-08,DY040,YES,00:00,23:59,
2025-06-08,DY219,YES,00:00,23:59,
2025-06-08,DY309,YES,00:00,23:59,
2025-06-08,DY319,YES,00:00,23:59,
2025-06-08,DY327,YES,00:00,23:59,
2025-06-08,DY392,NO,,,Breakdown
2025-06-08,OH160,YES,00:00,23:59,
2025-06-08,OH197,YES,00:00,23:59,
2025-06-08,OH298,YES,00:00,23:59,
2025-06-08,RA168,YES,00:00,23:59,
2025-06-08,RA192,YES,00:00,23:59,
2025-06-08,TA065,YES,00:00,23:59,
2025-06-08,TA131,YES,00:00,23:59,
2025-06-08,TA233,YES,00:00,23:59,
2025-06-08,TA285,YES,00:00,23:59,
2025-06-08,TO149,YES,00:00,23:59,
2025-06-08,TO257,YES,00:00,23:59,
2025-06-11,BA324,NO,,,Breakdown
2025-06-11,BA344,YES,00:00,23:59,
2025-06-11,DY124,YES,00:00,23:59,
2025-06-11,DY389,YES,00:00,23:59,
2025-06-11,OH010,YES,00:00,23:59,
2025-06-11,OH077,YES,00:00,23:59,
2025-06-11,OH160,NO,,,In Use Elsewhere
2025-06-11,OH214,NO,,,Scheduled Maintenance
2025-06-11,OH239,YES,00:00,23:59,
2025-06-11,OH365,YES,00:00,23:59,
2025-06-11,RA029,YES,00:00,23:59,
2025-06-11,RA277,NO,,,In Use Elsewhere
2025-06-11,RA307,YES,00:00,23:59,
2025-06-11,RA329,YES,00:00,23:59,
2025-06-11,RA367,NO,,,In Use Elsewhere
2025-06-11,RA400,YES,00:00,23:59,
2025-06-11,TA107,YES,00:00,23:59,
2025-06-11,TA118,YES,00:00,23:59,
2025-06-11,TO041,YES,00:00,23:59,
2025-06-11,TO149,YES,00:00,23:59,
2025-06-11,TO267,YES,00:00,23:59,
2025-06-12,BA113,YES,00:00,23:59,
2025-06-12,BA263,YES,00:00,23:59,
2025-06-12,DY091,YES,00:00,23:59,
2025-06-12,DY194,YES,00:00,23:59,
2025-06-12,OH046,YES,00:00,23:59,
2025-06-12,OH125,YES,00:00,23:59,
2025-06-12,OH384,YES,00:00,23:59,
2025-06-12,RA085,YES,00:00,23:59,
2025-06-12,RA168,YES,00:00,23:59,
2025-06-12,RA190,YES,00:00,23:59,
2025-06-12,RA268,YES,00:00,23:59,
2025-06-12,RA354,YES,00:00,23:59,
2025-06-12,RA385,YES,00:00,23:59,
2025-06-12,TA310,NO,,,In Use Elsewhere
2025-06-12,TO056,YES,00:00,23:59,
2025-06-12,TO179,YES,00:00,23:59,
2025-06-12,TO316,YES,00:00,23:59,
2025-06-15,BA188,YES,00:00,23:59,
2025-06-15,BA323,YES,00:00,23:59,
2025-06-15,DY091,YES,00:00,23:59,
2025-06-15,DY122,NO,,,Scheduled Maintenance
2025-06-15,DY369,YES,00:00,23:59,
2025-06-15,OH050,YES,00:00,23:59,
2025-06-15,OH092,NO,,,Breakdown
2025-06-15,OH103,YES,00:00,23:59,
2025-06-15,RA013,YES,00:00,23:59,
2025-06-15,RA035,NO,,,Breakdown
2025-06-15,RA303,NO,,,In Use Elsewhere
2025-06-15,RA340,YES,00:00,23:59,
2025-06-15,RA375,YES,00:00,23:59,
2025-06-15,RA385,YES,00:00,23:59,
2025-06-15,TO032,YES,00:00,23:59,
2025-06-15,TO129,YES,00:00,23:59,
2025-06-15,TO305,YES,00:00,23:59,
2025-06-16,BA042,NO,,,In Use Elsewhere
2025-06-16,BA104,YES,00:00,23:59,
2025-06-16,BA151,YES,00:00,23:59,
2025-06-16,BA386,YES,00:00,23:59,
2025-06-16,DY070,YES,00:00,23:59,
2025-06-16,DY105,YES,00:00,23:59,
2025-06-16,DY219,NO,,,Scheduled Maintenance
2025-06-16,DY246,YES,00:00,23:59,
2025-06-16,DY380,YES,00:00,23:59,
2025-06-16,OH072,YES,00:00,23:59,
2025-06-16,OH111,YES,00:00,23:59,
2025-06-16,OH191,YES,00:00,23:59,
2025-06-16,OH207,NO,,,In Use Elsewhere
2025-06-16,RA008,YES,00:00,23:59,
2025-06-16,RA013,YES,00:00,23:59,
2025-06-16,RA035,YES,00:00,23:59,
2025-06-16,RA238,YES,00:00,23:59,
2025-06-16,RA375,YES,00:00,23:59,
2025-06-16,TA054,YES,00:00,23:59,
2025-06-16,TA150,YES,00:00,23:59,
2025-06-16,TA396,YES,00:00,23:59,
2025-06-16,TO047,YES,00:00,23:59,
2025-06-16,TO317,YES,00:00,23:59,
2025-06-18,BA104,YES,00:00,23:59,
2025-06-18,DY001,YES,00:00,23:59,
2025-06-18,DY055,YES,00:00,23:59,
2025-06-18,DY091,YES,00:00,23:59,
2025-06-18,DY138,YES,00:00,23:59,
2025-06-18,RA011,YES,00:00,23:59,
2025-06-18,RA238,YES,00:00,23:59,
2025-06-18,RA261,YES,00:00,23:59,
2025-06-18,RA367,YES,00:00,23:59,
2025-06-18,RA397,YES,00:00,23:59,
2025-06-18,TA005,YES,00:00,23:59,
2025-06-18,TA291,YES,00:00,23:59,
2025-06-18,TA325,YES,00:00,23:59,
2025-06-18,TO021,YES,00:00,23:59,
2025-06-18,TO030,YES,00:00,23:59,
2025-06-18,TO351,YES,00:00,23:59,
2025-06-19,BA095,YES,00:00,23:59,
2025-06-19,BA170,YES,00:00,23:59,
2025-06-19,BA247,NO,,,Scheduled Maintenance
2025-06-19,DY090,NO,,,Breakdown
2025-06-19,DY091,YES,00:00,23:59,
2025-06-19,DY133,YES,00:00,23:59,
2025-06-19,DY219,YES,00:00,23:59,
2025-06-19,OH026,YES,00:00,23:59,
2025-06-19,OH189,YES,00:00,23:59,
2025-06-19,RA048,YES,00:00,23:59,
2025-06-19,RA114,NO,,,In Use Elsewhere
2025-06-19,RA240,NO,,,Breakdown
2025-06-19,TA147,YES,00:00,23:59,
2025-06-19,TA171,YES,00:00,23:59,
2025-06-19,TA205,YES,00:00,23:59,
2025-06-19,TA361,YES,00:00,23:59,
2025-06-19,TO326,YES,00:00,23:59,
2025-06-21,BA064,YES,00:00,23:59,
2025-06-21,BA145,YES,00:00,23:59,
2025-06-21,BA242,YES,00:00,23:59,
2025-06-21,BA358,YES,00:00,23:59,
2025-06-21,DY124,NO,,,In Use Elsewhere
2025-06-21,DY133,YES,00:00,23:59,
2025-06-21,DY180,YES,00:00,23:59,
2025-06-21,DY237,NO,,,Breakdown
2025-06-21,DY309,NO,,,In Use Elsewhere
2025-06-21,DY327,NO,,,In Use Elsewhere
2025-06-21,OH195,YES,00:00,23:59,
2025-06-21,OH213,YES,00:00,23:59,
2025-06-21,OH312,YES,00:00,23:59,
2025-06-21,OH352,YES,00:00,23:59,
2025-06-21,OH357,YES,00:00,23:59,
2025-06-21,RA261,YES,00:00,23:59,
2025-06-21,RA388,YES,00:00,23:59,
2025-06-21,TA027,YES,00:00,23:59,
2025-06-21,TA068,YES,00:00,23:59,
2025-06-21,TA108,NO,,,Scheduled Maintenance
2025-06-21,TA120,YES,00:00,23:59,
2025-06-21,TA137,YES,00:00,23:59,
2025-06-21,TA215,YES,00:00,23:59,
2025-06-21,TO166,YES,00:00,23:59,
2025-06-21,TO267,YES,00:00,23:59,
2025-06-23,BA324,YES,00:00,23:59,
2025-06-23,DY001,NO,,,Scheduled Maintenance
2025-06-23,DY380,YES,00:00,23:59,
2025-06-23,OH015,YES,00:00,23:59,
2025-06-23,OH182,YES,00:00,23:59,
2025-06-23,OH191,YES,00:00,23:59,
2025-06-23,OH270,YES,00:00,23:59,
2025-06-23,OH294,YES,00:00,23:59,
2025-06-23,RA013,NO,,,Breakdown
2025-06-23,RA024,YES,00:00,23:59,
2025-06-23,RA062,YES,00:00,23:59,
2025-06-23,RA192,YES,00:00,23:59,
2025-06-23,RA198,YES,00:00,23:59,
2025-06-23,RA252,YES,00:00,23:59,
2025-06-23,RA360,YES,00:00,23:59,
2025-06-23,TA027,YES,00:00,23:59,
2025-06-23,TA049,NO,,,Scheduled Maintenance
2025-06-23,TA108,YES,00:00,23:59,
2025-06-23,TA118,NO,,,In Use Elsewhere
2025-06-23,TA171,YES,00:00,23:59,
2025-06-23,TA205,YES,00:00,23:59,
2025-06-23,TA269,YES,00:00,23:59,
2025-06-23,TA361,YES,00:00,23:59,
2025-06-23,TO112,YES,00:00,23:59,
2025-06-23,TO149,YES,00:00,23:59,
2025-06-24,BA022,YES,00:00,23:59,
2025-06-24,BA069,NO,,,Scheduled Maintenance
2025-06-24,BA127,YES,00:00,23:59,
2025-06-24,BA242,YES,00:00,23:59,
2025-06-24,BA293,YES,00:00,23:59,
2025-06-24,BA324,NO,,,Scheduled Maintenance
2025-06-24,DY141,YES,00:00,23:59,
2025-06-24,DY369,YES,00:00,23:59,
2025-06-24,OH189,YES,00:00,23:59,
2025-06-24,OH338,YES,00:00,23:59,
2025-06-24,OH366,YES,00:00,23:59,
2025-06-24,OH372,YES,00:00,23:59,
2025-06-24,RA337,YES,00:00,23:59,
2025-06-24,RA339,YES,00:00,23:59,
2025-06-24,RA397,YES,00:00,23:59,
2025-06-24,TA063,YES,00:00,23:59,
2025-06-24,TA078,YES,00:00,23:59,
2025-06-24,TA107,YES,00:00,23:59,
2025-06-24,TA199,YES,00:00,23:59,
2025-06-24,TO009,YES,00:00,23:59,
2025-06-25,BA016,YES,00:00,23:59,
2025-06-25,BA022,YES,00:00,23:59,
2025-06-25,BA126,NO,,,Scheduled Maintenance
2025-06-25,BA185,YES,00:00,23:59,
2025-06-25,BA242,YES,00:00,23:59,
2025-06-25,BA344,YES,00:00,23:59,
2025-06-25,DY057,YES,00:00,23:59,
2025-06-25,DY090,YES,00:00,23:59,
2025-06-25,DY161,YES,00:00,23:59,
2025-06-25,DY178,YES,00:00,23:59,
2025-06-25,DY235,YES,00:00,23:59,
2025-06-25,DY356,YES,00:00,23:59,
2025-06-25,OH006,YES,00:00,23:59,
2025-06-25,OH023,YES,00:00,23:59,
2025-06-25,OH130,YES,00:00,23:59,
2025-06-25,OH343,YES,00:00,23:59,
2025-06-25,OH382,YES,00:00,23:59,
2025-06-25,RA276,YES,00:00,23:59,
2025-06-25,RA370,YES,00:00,23:59,
2025-06-25,RA385,YES,00:00,23:59,
2025-06-25,TA211,YES,00:00,23:59,
2025-06-25,TA225,NO,,,In Use Elsewhere
2025-06-25,TA275,YES,00:00,23:59,
2025-06-25,TA280,YES,00:00,23:59,
2025-06-25,TA325,YES,00:00,23:59,
2025-06-25,TO030,YES,00:00,23:59,
2025-06-25,TO284,YES,00:00,23:59,
2025-06-25,TO326,YES,00:00,23:59,
2025-06-25,TO336,YES,00:00,23:59,
2025-06-26,BA186,YES,00:00,23:59,
2025-06-26,DY115,NO,,,Scheduled Maintenance
2025-06-26,DY122,YES,00:00,23:59,
2025-06-26,DY124,YES,00:00,23:59,
2025-06-26,DY133,YES,00:00,23:59,
2025-06-26,DY135,YES,00:00,23:59,
2025-06-26,DY194,YES,00:00,23:59,
2025-06-26,DY389,YES,00:00,23:59,
2025-06-26,OH010,YES,00:00,23:59,
2025-06-26,OH197,YES,00:00,23:59,
2025-06-26,RA008,YES,00:00,23:59,
2025-06-26,RA043,YES,00:00,23:59,
2025-06-26,RA162,YES,00:00,23:59,
2025-06-26,RA164,YES,00:00,23:59,
2025-06-26,RA200,YES,00:00,23:59,
2025-06-26,RA278,YES,00:00,23:59,
2025-06-26,RA363,YES,00:00,23:59,
2025-06-26,RA400,YES,00:00,23:59,
2025-06-26,TA215,YES,00:00,23:59,
2025-06-26,TA233,NO,,,Breakdown
2025-06-26,TO002,YES,00:00,23:59,
2025-06-26,TO009,YES,00:00,23:59,
2025-06-26,TO101,NO,,,Scheduled Maintenance
2025-06-26,TO179,YES,00:00,23:59,
2025-06-28,BA042,YES,00:00,23:59,
2025-06-28,BA208,YES,00:00,23:59,
2025-06-28,BA247,YES,00:00,23:59,
2025-06-28,BA297,YES,00:00,23:59,
2025-06-28,BA342,YES,00:00,23:59,
2025-06-28,DY152,YES,00:00,23:59,
2025-06-28,DY169,YES,00:00,23:59,
2025-06-28,DY380,NO,,,In Use Elsewhere
2025-06-28,OH125,YES,00:00,23:59,
2025-06-28,OH130,YES,00:00,23:59,
2025-06-28,OH239,NO,,,Scheduled Maintenance
2025-06-28,RA081,YES,00:00,23:59,
2025-06-28,RA378,YES,00:00,23:59,
2025-06-28,TA147,YES,00:00,23:59,
2025-06-28,TA227,NO,,,In Use Elsewhere
2025-06-29,BA113,YES,00:00,23:59,
2025-06-29,BA249,NO,,,In Use Elsewhere
2025-06-29,BA348,YES,00:00,23:59,
2025-06-29,DY012,YES,00:00,23:59,
2025-06-29,DY061,YES,00:00,23:59,
2025-06-29,DY281,YES,00:00,23:59,
2025-06-29,DY353,YES,00:00,23:59,
2025-06-29,DY371,NO,,,Scheduled Maintenance
2025-06-29,OH019,NO,,,Breakdown
2025-06-29,OH189,YES,00:00,23:59,
2025-06-29,OH296,YES,00:00,23:59,
2025-06-29,OH301,YES,00:00,23:59,
2025-06-29,OH382,YES,00:00,23:59,
2025-06-29,RA011,NO,,,Scheduled Maintenance
2025-06-29,RA031,YES,00:00,23:59,
2025-06-29,RA139,YES,00:00,23:59,
2025-06-29,RA168,YES,00:00,23:59,
2025-06-29,RA261,YES,00:00,23:59,
2025-06-29,TA003,YES,00:00,23:59,
2025-06-29,TA137,YES,00:00,23:59,
2025-06-29,TA150,YES,00:00,23:59,
2025-06-29,TA292,YES,00:00,23:59,
2025-06-29,TO129,NO,,,Breakdown
2025-06-29,TO223,YES,00:00,23:59,
2025-06-29,TO250,YES,00:00,23:59,
2025-07-01,BA097,YES,00:00,23:59,
2025-07-01,BA102,YES,00:00,23:59,
2025-07-01,BA255,YES,00:00,23:59,
2025-07-01,BA266,YES,00:00,23:59,
2025-07-01,DY105,NO,,,Scheduled Maintenance
2025-07-01,DY115,YES,00:00,23:59,
2025-07-01,DY122,NO,,,In Use Elsewhere
2025-07-01,DY167,YES,00:00,23:59,
2025-07-01,DY232,YES,00:00,23:59,
2025-07-01,DY327,YES,00:00,23:59,
2025-07-01,DY328,YES,00:00,23:59,
2025-07-01,OH088,YES,00:00,23:59,
2025-07-01,OH130,YES,00:00,23:59,
2025-07-01,RA177,YES,00:00,23:59,
2025-07-01,RA238,YES,00:00,23:59,
2025-07-01,RA329,YES,00:00,23:59,
2025-07-01,RA370,YES,00:00,23:59,
2025-07-01,TA147,YES,00:00,23:59,
2025-07-01,TO112,YES,00:00,23:59,
2025-07-01,TO228,YES,00:00,23:59,
2025-07-03,BA174,YES,00:00,23:59,
2025-07-03,DY014,NO,,,Scheduled Maintenance
2025-07-03,DY060,YES,00:00,23:59,
2025-07-03,DY237,YES,00:00,23:59,
2025-07-03,DY281,YES,00:00,23:59,
2025-07-03,OH059,YES,00:00,23:59,
2025-07-03,OH077,YES,00:00,23:59,
2025-07-03,OH134,YES,00:00,23:59,
2025-07-03,OH221,YES,00:00,23:59,
2025-07-03,OH254,YES,00:00,23:59,
2025-07-03,OH270,YES,00:00,23:59,
2025-07-03,RA081,YES,00:00,23:59,
2025-07-03,RA136,YES,00:00,23:59,
2025-07-03,RA354,YES,00:00,23:59,
2025-07-03,RA375,YES,00:00,23:59,
2025-07-03,TA063,YES,00:00,23:59,
2025-07-03,TA226,YES,00:00,23:59,
2025-07-03,TA229,YES,00:00,23:59,
2025-07-03,TA264,YES,00:00,23:59,
2025-07-05,BA069,YES,00:00,23:59,
2025-07-05,BA170,YES,00:00,23:59,
2025-07-05,BA247,YES,00:00,23:59,
2025-07-05,BA266,YES,00:00,23:59,
2025-07-05,BA377,YES,00:00,23:59,
2025-07-05,DY122,YES,00:00,23:59,
2025-07-05,DY161,YES,00:00,23:59,
2025-07-05,DY216,YES,00:00,23:59,
2025-07-05,DY244,YES,00:00,23:59,
2025-07-05,DY331,YES,00:00,23:59,
2025-07-05,OH072,YES,00:00,23:59,
2025-07-05,OH160,YES,00:00,23:59,
2025-07-05,OH254,YES,00:00,23:59,
2025-07-05,OH270,NO,,,Breakdown
2025-07-05,OH296,YES,00:00,23:59,
2025-07-05,OH301,YES,00:00,23:59,
2025-07-05,RA114,NO,,,In Use Elsewhere
2025-07-05,RA172,YES,00:00,23:59,
2025-07-05,RA177,YES,00:00,23:59,
2025-07-05,RA261,YES,00:00,23:59,
2025-07-05,RA334,NO,,,Breakdown
2025-07-05,RA360,YES,00:00,23:59,
2025-07-05,RA397,YES,00:00,23:59,
2025-07-05,TA098,YES,00:00,23:59,
2025-07-05,TA264,YES,00:00,23:59,
2025-07-05,TA285,NO,,,Scheduled Maintenance
2025-07-05,TO272,YES,00:00,23:59,
2025-07-05,TO305,YES,00:00,23:59,
2025-07-07,BA094,YES,00:00,23:59,
2025-07-07,BA266,YES,00:00,23:59,
2025-07-07,DY105,YES,00:00,23:59,
2025-07-07,DY121,YES,00:00,23:59,
2025-07-07,DY281,YES,00:00,23:59,
2025-07-07,DY398,YES,00:00,23:59,
2025-07-07,OH072,YES,00:00,23:59,
2025-07-07,OH183,YES,00:00,23:59,
2025-07-07,OH382,YES,00:00,23:59,
2025-07-07,RA024,YES,00:00,23:59,
2025-07-07,RA031,YES,00:00,23:59,
2025-07-07,RA278,NO,,,Scheduled Maintenance
2025-07-07,RA387,YES,00:00,23:59,
2025-07-07,TA218,YES,00:00,23:59,
2025-07-07,TO056,YES,00:00,23:59,
2025-07-07,TO123,YES,00:00,23:59,
2025-07-07,TO317,NO,,,Breakdown
2025-07-07,TO330,YES,00:00,23:59,
2025-07-08,BA117,YES,00:00,23:59,
2025-07-08,BA314,YES,00:00,23:59,
2025-07-08,DY115,YES,00:00,23:59,
2025-07-08,DY196,YES,00:00,23:59,
2025-07-08,DY398,NO,,,In Use Elsewhere
2025-07-08,OH019,YES,00:00,23:59,
2025-07-08,OH189,YES,00:00,23:59,
2025-07-08,OH191,NO,,,Breakdown
2025-07-08,OH245,YES,00:00,23:59,
2025-07-08,OH338,YES,00:00,23:59,
2025-07-08,OH372,YES,00:00,23:59,
2025-07-08,RA164,YES,00:00,23:59,
2025-07-08,RA261,YES,00:00,23:59,
2025-07-08,RA278,YES,00:00,23:59,
2025-07-08,RA363,YES,00:00,23:59,
2025-07-08,TA003,YES,00:00,23:59,
2025-07-08,TA036,YES,00:00,23:59,
2025-07-08,TA199,NO,,,In Use Elsewhere
2025-07-08,TA218,YES,00:00,23:59,
2025-07-08,TA220,YES,00:00,23:59,
2025-07-09,BA097,YES,00:00,23:59,
2025-07-09,BA314,YES,00:00,23:59,
2025-07-09,BA332,YES,00:00,23:59,
2025-07-09,DY001,YES,00:00,23:59,
2025-07-09,DY055,YES,00:00,23:59,
2025-07-09,DY115,NO,,,Scheduled Maintenance
2025-07-09,DY143,YES,00:00,23:59,
2025-07-09,DY152,YES,00:00,23:59,
2025-07-09,DY178,YES,00:00,23:59,
2025-07-09,DY217,YES,00:00,23:59,
2025-07-09,DY369,NO,,,Scheduled Maintenance
2025-07-09,DY389,NO,,,Breakdown
2025-07-09,DY398,NO,,,Breakdown
2025-07-09,OH071,YES,00:00,23:59,
2025-07-09,OH173,YES,00:00,23:59,
2025-07-09,OH311,YES,00:00,23:59,
2025-07-09,RA206,NO,,,Scheduled Maintenance
2025-07-09,TA098,YES,00:00,23:59,
2025-07-09,TA150,YES,00:00,23:59,
2025-07-09,TA292,YES,00:00,23:59,
2025-07-09,TO002,YES,00:00,23:59,
2025-07-10,BA094,YES,00:00,23:59,
2025-07-10,BA144,YES,00:00,23:59,
2025-07-10,BA145,YES,00:00,23:59,
2025-07-10,DY055,YES,00:00,23:59,
2025-07-10,DY248,YES,00:00,23:59,
2025-07-10,DY319,YES,00:00,23:59,
2025-07-10,DY369,YES,00:00,23:59,
2025-07-10,DY380,YES,00:00,23:59,
2025-07-10,OH015,NO,,,Breakdown
2025-07-10,OH294,YES,00:00,23:59,
2025-07-10,OH311,YES,00:00,23:59,
2025-07-10,OH333,YES,00:00,23:59,
2025-07-10,RA013,YES,00:00,23:59,
2025-07-10,RA116,YES,00:00,23:59,
2025-07-10,RA210,NO,,,In Use Elsewhere
2025-07-10,RA320,YES,00:00,23:59,
2025-07-10,TA027,YES,00:00,23:59,
2025-07-10,TA310,YES,00:00,23:59,
2025-07-10,TO258,YES,00:00,23:59,
2025-07-10,TO284,YES,00:00,23:59,
2025-07-10,TO305,YES,00:00,23:59,
2025-07-11,BA022,YES,00:00,23:59,
2025-07-11,BA095,YES,00:00,23:59,
2025-07-11,BA358,YES,00:00,23:59,
2025-07-11,BA377,YES,00:00,23:59,
2025-07-11,DY055,YES,00:00,23:59,
2025-07-11,DY196,YES,00:00,23:59,
2025-07-11,DY281,YES,00:00,23:59,
2025-07-11,OH088,YES,00:00,23:59,
2025-07-11,OH158,YES,00:00,23:59,
2025-07-11,OH338,YES,00:00,23:59,
2025-07-11,OH357,YES,00:00,23:59,
2025-07-11,OH359,YES,00:00,23:59,
2025-07-11,RA268,NO,,,Scheduled Maintenance
2025-07-11,RA290,YES,00:00,23:59,
2025-07-11,TO106,YES,00:00,23:59,
2025-07-11,TO228,YES,00:00,23:59,
2025-07-11,TO305,YES,00:00,23:59,
2025-07-11,TO350,YES,00:00,23:59,
2025-07-12,BA066,YES,00:00,23:59,
2025-07-12,BA144,YES,00:00,23:59,
2025-07-12,BA300,YES,00:00,23:59,
2025-07-12,DY014,YES,00:00,23:59,
2025-07-12,DY067,YES,00:00,23:59,
2025-07-12,DY167,YES,00:00,23:59,
2025-07-12,DY184,YES,00:00,23:59,
2025-07-12,DY194,YES,00:00,23:59,
2025-07-12,DY217,YES,00:00,23:59,
2025-07-12,OH007,YES,00:00,23:59,
2025-07-12,OH158,NO,,,In Use Elsewhere
2025-07-12,RA162,NO,,,Scheduled Maintenance
2025-07-12,RA295,YES,00:00,23:59,
2025-07-12,TA099,YES,00:00,23:59,
2025-07-12,TA148,YES,00:00,23:59,
2025-07-12,TA292,YES,00:00,23:59,
2025-07-12,TA361,YES,00:00,23:59,
2025-07-12,TO112,YES,00:00,23:59,
2025-07-13,BA170,YES,00:00,23:59,
2025-07-13,BA174,YES,00:00,23:59,
2025-07-13,BA314,YES,00:00,23:59,
2025-07-13,DY017,YES,00:00,23:59,
2025-07-13,DY057,NO,,,Scheduled Maintenance
2025-07-13,DY091,YES,00:00,23:59,
2025-07-13,DY392,YES,00:00,23:59,
2025-07-13,OH025,YES,00:00,23:59,
2025-07-13,OH071,YES,00:00,23:59,
2025-07-13,OH086,YES,00:00,23:59,
2025-07-13,OH365,YES,00:00,23:59,
2025-07-13,RA008,YES,00:00,23:59,
2025-07-13,RA234,YES,00:00,23:59,
2025-07-13,RA329,YES,00:00,23:59,
2025-07-13,TA027,YES,00:00,23:59,
2025-07-13,TA165,YES,00:00,23:59,
2025-07-13,TO146,YES,00:00,23:59,
2025-07-13,TO187,NO,,,Scheduled Maintenance
2025-07-13,TO243,YES,00:00,23:59,
2025-07-14,BA016,YES,00:00,23:59,
2025-07-14,BA066,YES,00:00,23:59,
2025-07-14,BA247,YES,00:00,23:59,
2025-07-14,BA386,YES,00:00,23:59,
2025-07-14,DY143,YES,00:00,23:59,
2025-07-14,DY328,YES,00:00,23:59,
2025-07-14,DY369,YES,00:00,23:59,
2025-07-14,OH046,YES,00:00,23:59,
2025-07-14,OH059,NO,,,Breakdown
2025-07-14,OH176,YES,00:00,23:59,
2025-07-14,OH183,YES,00:00,23:59,
2025-07-14,OH333,YES,00:00,23:59,
2025-07-14,RA087,YES,00:00,23:59,
2025-07-14,RA164,YES,00:00,23:59,
2025-07-14,RA204,YES,00:00,23:59,
2025-07-14,RA306,YES,00:00,23:59,
2025-07-14,RA354,YES,00:00,23:59,
2025-07-14,TA065,YES,00:00,23:59,
2025-07-14,TA165,NO,,,Scheduled Maintenance
2025-07-14,TA233,YES,00:00,23:59,
2025-07-14,TO021,YES,00:00,23:59,
2025-07-14,TO123,YES,00:00,23:59,
2025-07-15,BA066,YES,00:00,23:59,
2025-07-15,BA097,YES,00:00,23:59,
2025-07-15,BA113,YES,00:00,23:59,
2025-07-15,BA314,YES,00:00,23:59,
2025-07-15,BA377,YES,00:00,23:59,
2025-07-15,DY096,NO,,,Scheduled Maintenance
2025-07-15,DY167,YES,00:00,23:59,
2025-07-15,DY399,YES,00:00,23:59,
2025-07-15,OH019,YES,00:00,23:59,
2025-07-15,OH221,NO,,,Breakdown
2025-07-15,OH298,YES,00:00,23:59,
2025-07-15,OH312,YES,00:00,23:59,
2025-07-15,OH352,NO,,,In Use Elsewhere
2025-07-15,RA265,YES,00:00,23:59,
2025-07-15,RA295,YES,00:00,23:59,
2025-07-15,RA370,YES,00:00,23:59,
2025-07-15,RA391,NO,,,Scheduled Maintenance
2025-07-15,RA397,NO,,,In Use Elsewhere
2025-07-15,TA005,YES,00:00,23:59,
2025-07-15,TA034,YES,00:00,23:59,
2025-07-15,TA282,YES,00:00,23:59,
2025-07-15,TO032,YES,00:00,23:59,
2025-07-15,TO256,YES,00:00,23:59,
2025-07-15,TO288,YES,00:00,23:59,
2025-07-15,TO317,YES,00:00,23:59,
2025-07-15,TO330,YES,00:00,23:59,
2025-07-17,BA126,NO,,,In Use Elsewhere
2025-07-17,BA144,YES,00:00,23:59,
2025-07-17,BA209,YES,00:00,23:59,
2025-07-17,BA242,YES,00:00,23:59,
2025-07-17,DY014,YES,00:00,23:59,
2025-07-17,DY045,YES,00:00,23:59,
2025-07-17,DY070,YES,00:00,23:59,
2025-07-17,DY115,YES,00:00,23:59,
2025-07-17,DY236,YES,00:00,23:59,
2025-07-17,OH010,YES,00:00,23:59,
2025-07-17,OH158,YES,00:00,23:59,
2025-07-17,OH294,NO,,,Breakdown
2025-07-17,RA156,YES,00:00,23:59,
2025-07-17,RA163,YES,00:00,23:59,
2025-07-17,RA172,YES,00:00,23:59,
2025-07-17,RA308,NO,,,Scheduled Maintenance
2025-07-17,RA367,YES,00:00,23:59,
2025-07-17,TA054,YES,00:00,23:59,
2025-07-17,TA147,YES,00:00,23:59,
2025-07-17,TA285,YES,00:00,23:59,
2025-07-17,TO250,YES,00:00,23:59,
2025-07-18,BA113,YES,00:00,23:59,
2025-07-18,BA144,YES,00:00,23:59,
2025-07-18,BA145,YES,00:00,23:59,
2025-07-18,BA342,YES,00:00,23:59,
2025-07-18,DY122,YES,00:00,23:59,
2025-07-18,DY184,YES,00:00,23:59,
2025-07-18,DY235,YES,00:00,23:59,
2025-07-18,DY281,YES,00:00,23:59,
2025-07-18,OH312,YES,00:00,23:59,
2025-07-18,OH343,YES,00:00,23:59,
2025-07-18,OH352,YES,00:00,23:59,
2025-07-18,OH384,YES,00:00,23:59,
2025-07-18,RA119,NO,,,Breakdown
2025-07-18,RA385,YES,00:00,23:59,
2025-07-18,RA400,YES,00:00,23:59,
2025-07-18,TA098,YES,00:00,23:59,
2025-07-18,TA275,YES,00:00,23:59,
2025-07-18,TO041,YES,00:00,23:59,
2025-07-18,TO109,YES,00:00,23:59,
2025-07-18,TO202,NO,,,Breakdown
2025-07-19,BA151,YES,00:00,23:59,
2025-07-19,BA263,NO,,,Breakdown
2025-07-19,BA304,YES,00:00,23:59,
2025-07-19,DY040,YES,00:00,23:59,
2025-07-19,DY201,NO,,,In Use Elsewhere
2025-07-19,DY236,YES,00:00,23:59,
2025-07-19,DY374,NO,,,Scheduled Maintenance
2025-07-19,OH026,YES,00:00,23:59,
2025-07-19,OH082,YES,00:00,23:59,
2025-07-19,OH103,YES,00:00,23:59,
2025-07-19,OH134,YES,00:00,23:59,
2025-07-19,RA048,YES,00:00,23:59,
2025-07-19,RA116,YES,00:00,23:59,
2025-07-19,RA164,YES,00:00,23:59,
2025-07-19,RA273,YES,00:00,23:59,
2025-07-19,RA329,YES,00:00,23:59,
2025-07-19,TA065,YES,00:00,23:59,
2025-07-19,TA140,YES,00:00,23:59,
2025-07-19,TA148,YES,00:00,23:59,
2025-07-19,TA225,YES,00:00,23:59,
2025-07-19,TO123,YES,00:00,23:59,
2025-07-19,TO179,YES,00:00,23:59,
2025-07-19,TO336,YES,00:00,23:59,
2025-07-21,BA259,YES,00:00,23:59,
2025-07-21,BA349,YES,00:00,23:59,
2025-07-21,BA358,YES,00:00,23:59,
2025-07-21,DY216,YES,00:00,23:59,
2025-07-21,DY224,YES,00:00,23:59,
2025-07-21,DY353,NO,,,In Use Elsewhere
2025-07-21,DY369,YES,00:00,23:59,
2025-07-21,DY389,YES,00:00,23:59,
2025-07-21,OH245,YES,00:00,23:59,
2025-07-21,OH333,YES,00:00,23:59,
2025-07-21,RA156,YES,00:00,23:59,
2025-07-21,TA154,YES,00:00,23:59,
2025-07-21,TA218,NO,,,Breakdown
2025-07-21,TA227,YES,00:00,23:59,
2025-07-21,TA275,YES,00:00,23:59,
2025-07-21,TO020,YES,00:00,23:59,
2025-07-21,TO028,YES,00:00,23:59,
2025-07-21,TO038,NO,,,Scheduled Maintenance
2025-07-21,TO146,YES,00:00,23:59,
2025-07-21,TO336,YES,00:00,23:59,
2025-07-22,BA094,YES,00:00,23:59,
2025-07-22,BA144,YES,00:00,23:59,
2025-07-22,BA355,YES,00:00,23:59,
2025-07-22,BA381,YES,00:00,23:59,
2025-07-22,DY246,YES,00:00,23:59,
2025-07-22,DY346,YES,00:00,23:59,
2025-07-22,OH103,YES,00:00,23:59,
2025-07-22,OH189,YES,00:00,23:59,
2025-07-22,OH347,NO,,,In Use Elsewhere
2025-07-22,RA048,YES,00:00,23:59,
2025-07-22,RA268,NO,,,Scheduled Maintenance
2025-07-22,RA376,YES,00:00,23:59,
2025-07-22,TA003,NO,,,Scheduled Maintenance
2025-07-22,TA036,YES,00:00,23:59,
2025-07-22,TA227,YES,00:00,23:59,
2025-07-22,TA269,YES,00:00,23:59,
2025-07-22,TA302,YES,00:00,23:59,
2025-07-22,TO106,YES,00:00,23:59,
2025-07-22,TO187,NO,,,Breakdown
2025-07-22,TO326,YES,00:00,23:59,
2025-07-22,TO336,YES,00:00,23:59,
2025-07-23,BA066,YES,00:00,23:59,
2025-07-23,BA079,YES,00:00,23:59,
2025-07-23,BA255,YES,00:00,23:59,
2025-07-23,BA358,YES,00:00,23:59,
2025-07-23,DY017,YES,00:00,23:59,
2025-07-23,DY345,YES,00:00,23:59,
2025-07-23,DY389,YES,00:00,23:59,
2025-07-23,OH050,YES,00:00,23:59,
2025-07-23,OH125,YES,00:00,23:59,
2025-07-23,OH390,YES,00:00,23:59,
2025-07-23,RA119,YES,00:00,23:59,
2025-07-23,RA238,YES,00:00,23:59,
2025-07-23,TA107,NO,,,Breakdown
2025-07-23,TA118,YES,00:00,23:59,
2025-07-23,TO112,YES,00:00,23:59,
2025-07-24,BA113,YES,00:00,23:59,
2025-07-24,DY121,NO,,,Breakdown
2025-07-24,DY251,YES,00:00,23:59,
2025-07-24,OH077,YES,00:00,23:59,
2025-07-24,OH318,NO,,,Breakdown
2025-07-24,OH365,YES,00:00,23:59,
2025-07-24,RA119,YES,00:00,23:59,
2025-07-24,RA261,YES,00:00,23:59,
2025-07-24,RA268,YES,00:00,23:59,
2025-07-24,RA307,YES,00:00,23:59,
2025-07-24,TA003,YES,00:00,23:59,
2025-07-24,TA147,YES,00:00,23:59,
2025-07-24,TA211,NO,,,Breakdown
2025-07-24,TO112,YES,00:00,23:59,
2025-07-24,TO193,YES,00:00,23:59,
2025-07-24,TO316,NO,,,Scheduled Maintenance
2025-07-25,BA066,YES,00:00,23:59,
2025-07-25,BA203,YES,00:00,23:59,
2025-07-25,BA247,YES,00:00,23:59,
2025-07-25,BA323,YES,00:00,23:59,
2025-07-25,DY133,YES,00:00,23:59,
2025-07-25,DY216,NO,,,Scheduled Maintenance
2025-07-25,DY248,YES,00:00,23:59,
2025-07-25,DY327,YES,00:00,23:59,
2025-07-25,DY328,YES,00:00,23:59,
2025-07-25,DY374,YES,00:00,23:59,
2025-07-25,OH103,YES,00:00,23:59,
2025-07-25,OH213,YES,00:00,23:59,
2025-07-25,RA116,YES,00:00,23:59,
2025-07-25,RA156,NO,,,Scheduled Maintenance
2025-07-25,RA198,YES,00:00,23:59,
2025-07-25,RA261,YES,00:00,23:59,
2025-07-25,TA065,YES,00:00,23:59,
2025-07-25,TA078,YES,00:00,23:59,
2025-07-25,TA282,YES,00:00,23:59,
2025-07-25,TO044,NO,,,Breakdown
2025-07-25,TO288,YES,00:00,23:59,
2025-07-26,BA314,YES,00:00,23:59,
2025-07-26,DY012,YES,00:00,23:59,
2025-07-26,DY121,YES,00:00,23:59,
2025-07-26,DY235,YES,00:00,23:59,
2025-07-26,DY236,YES,00:00,23:59,
2025-07-26,DY237,NO,,,Breakdown
2025-07-26,DY379,YES,00:00,23:59,
2025-07-26,OH026,YES,00:00,23:59,
2025-07-26,OH088,YES,00:00,23:59,
2025-07-26,RA039,YES,00:00,23:59,
2025-07-26,RA114,YES,00:00,23:59,
2025-07-26,TA215,YES,00:00,23:59,
2025-07-26,TA233,YES,00:00,23:59,
2025-07-26,TO316,YES,00:00,23:59,
2025-07-26,TO350,YES,00:00,23:59,
2025-07-27,BA113,YES,00:00,23:59,
2025-07-27,BA153,YES,00:00,23:59,
2025-07-27,BA304,YES,00:00,23:59,
2025-07-27,DY060,YES,00:00,23:59,
2025-07-27,DY201,YES,00:00,23:59,
2025-07-27,DY236,YES,00:00,23:59,
2025-07-27,DY371,YES,00:00,23:59,
2025-07-27,OH082,YES,00:00,23:59,
2025-07-27,OH160,YES,00:00,23:59,
2025-07-27,OH189,YES,00:00,23:59,
2025-07-27,RA062,YES,00:00,23:59,
2025-07-27,RA268,NO,,,Breakdown
2025-07-27,RA286,YES,00:00,23:59,
2025-07-27,RA337,YES,00:00,23:59,
2025-07-27,RA340,YES,00:00,23:59,
2025-07-27,RA375,NO,,,In Use Elsewhere
2025-07-27,TA065,YES,00:00,23:59,
2025-07-27,TA137,YES,00:00,23:59,
2025-07-27,TA140,YES,00:00,23:59,
2025-07-27,TA171,YES,00:00,23:59,
2025-07-27,TO100,YES,00:00,23:59,
2025-07-27,TO123,YES,00:00,23:59,
2025-07-27,TO129,NO,,,Scheduled Maintenance
2025-07-27,TO228,YES,00:00,23:59,
2025-07-29,BA016,YES,00:00,23:59,
2025-07-29,BA151,YES,00:00,23:59,
2025-07-29,BA247,YES,00:00,23:59,
2025-07-29,BA358,YES,00:00,23:59,
2025-07-29,DY091,YES,00:00,23:59,
2025-07-29,DY180,YES,00:00,23:59,
2025-07-29,DY248,YES,00:00,23:59,
2025-07-29,DY262,YES,00:00,23:59,
2025-07-29,DY346,NO,,,In Use Elsewhere
2025-07-29,OH059,YES,00:00,23:59,
2025-07-29,OH191,YES,00:00,23:59,
2025-07-29,OH298,YES,00:00,23:59,
2025-07-29,RA011,YES,00:00,23:59,
2025-07-29,RA206,YES,00:00,23:59,
2025-07-29,RA234,YES,00:00,23:59,
2025-07-29,RA240,YES,00:00,23:59,
2025-07-29,TA078,YES,00:00,23:59,
2025-07-29,TA154,YES,00:00,23:59,
2025-07-29,TO041,YES,00:00,23:59,
2025-07-29,TO047,YES,00:00,23:59,
2025-07-29,TO267,YES,00:00,23:59,
2025-07-30,BA058,NO,,,In Use Elsewhere
2025-07-30,BA094,YES,00:00,23:59,
2025-07-30,BA208,YES,00:00,23:59,
2025-07-30,BA323,YES,00:00,23:59,
2025-07-30,DY178,YES,00:00,23:59,
2025-07-30,DY237,NO,,,Breakdown
2025-07-30,DY321,YES,00:00,23:59,
2025-07-30,DY379,NO,,,Scheduled Maintenance
2025-07-30,OH207,YES,00:00,23:59,
2025-07-30,OH384,YES,00:00,23:59,
2025-07-30,RA008,YES,00:00,23:59,
2025-07-30,RA177,YES,00:00,23:59,
2025-07-30,RA306,YES,00:00,23:59,
2025-07-30,RA385,YES,00:00,23:59,
2025-07-30,TA218,NO,,,In Use Elsewhere
2025-07-30,TO101,NO,,,In Use Elsewhere
2025-07-31,BA097,YES,00:00,23:59,
2025-07-31,BA203,YES,00:00,23:59,
2025-07-31,BA314,YES,00:00,23:59,
2025-07-31,BA383,YES,00:00,23:59,
2025-07-31,DY061,NO,,,In Use Elsewhere
2025-07-31,DY121,YES,00:00,23:59,
2025-07-31,DY143,YES,00:00,23:59,
2025-07-31,DY184,YES,00:00,23:59,
2025-07-31,DY237,YES,00:00,23:59,
2025-07-31,OH007,YES,00:00,23:59,
2025-07-31,OH092,YES,00:00,23:59,
2025-07-31,OH207,YES,00:00,23:59,
2025-07-31,OH294,YES,00:00,23:59,
2025-07-31,RA024,YES,00:00,23:59,
2025-07-31,RA367,NO,,,Breakdown
2025-07-31,RA376,NO,,,In Use Elsewhere
2025-07-31,TA003,YES,00:00,23:59,
2025-07-31,TO020,YES,00:00,23:59,
2025-07-31,TO038,YES,00:00,23:59,
2025-07-31,TO179,YES,00:00,23:59,
2025-07-31,TO187,YES,00:00,23:59,
2025-07-31,TO258,NO,,,Breakdown
2025-07-31,TO284,YES,00:00,23:59,
2025-08-01,BA126,YES,00:00,23:59,
2025-08-01,BA263,YES,00:00,23:59,
2025-08-01,BA299,YES,00:00,23:59,
2025-08-01,DY014,YES,00:00,23:59,
2025-08-01,DY055,NO,,,Scheduled Maintenance
2025-08-01,DY141,YES,00:00,23:59,
2025-08-01,DY328,YES,00:00,23:59,
2025-08-01,OH072,YES,00:00,23:59,
2025-08-01,OH103,YES,00:00,23:59,
2025-08-01,OH195,YES,00:00,23:59,
2025-08-01,OH245,YES,00:00,23:59,
2025-08-01,RA085,YES,00:00,23:59,
2025-08-01,RA139,YES,00:00,23:59,
2025-08-01,TA107,YES,00:00,23:59,
2025-08-01,TA118,YES,00:00,23:59,
2025-08-01,TA140,YES,00:00,23:59,
2025-08-01,TO350,YES,00:00,23:59,
2025-08-02,BA095,YES,00:00,23:59,
2025-08-02,BA297,YES,00:00,23:59,
2025-08-02,BA314,YES,00:00,23:59,
2025-08-02,DY061,YES,00:00,23:59,
2025-08-02,DY135,YES,00:00,23:59,
2025-08-02,DY219,YES,00:00,23:59,
2025-08-02,DY248,YES,00:00,23:59,
2025-08-02,DY399,YES,00:00,23:59,
2025-08-02,OH006,YES,00:00,23:59,
2025-08-02,OH093,YES,00:00,23:59,
2025-08-02,RA037,NO,,,Breakdown
2025-08-02,RA139,YES,00:00,23:59,
2025-08-02,RA177,YES,00:00,23:59,
2025-08-02,RA192,YES,00:00,23:59,
2025-08-02,RA340,YES,00:00,23:59,
2025-08-02,RA375,YES,00:00,23:59,
2025-08-02,TA075,YES,00:00,23:59,
2025-08-02,TA107,YES,00:00,23:59,
2025-08-02,TA154,YES,00:00,23:59,
2025-08-02,TA165,YES,00:00,23:59,
2025-08-02,TA282,YES,00:00,23:59,
2025-08-02,TA310,YES,00:00,23:59,
2025-08-02,TO009,YES,00:00,23:59,
2025-08-02,TO032,NO,,,Breakdown
2025-08-02,TO041,YES,00:00,23:59,
2025-08-02,TO287,YES,00:00,23:59,
2025-08-03,BA084,YES,00:00,23:59,
2025-08-03,BA102,NO,,,In Use Elsewhere
2025-08-03,BA104,YES,00:00,23:59,
2025-08-03,BA170,NO,,,Breakdown
2025-08-03,BA242,YES,00:00,23:59,
2025-08-03,BA247,YES,00:00,23:59,
2025-08-03,BA299,YES,00:00,23:59,
2025-08-03,BA314,YES,00:00,23:59,
2025-08-03,BA386,YES,00:00,23:59,
2025-08-03,DY090,NO,,,Scheduled Maintenance
2025-08-03,DY091,YES,00:00,23:59,
2025-08-03,DY122,NO,,,Breakdown
2025-08-03,DY152,YES,00:00,23:59,
2025-08-03,DY194,YES,00:00,23:59,
2025-08-03,DY248,YES,00:00,23:59,
2025-08-03,DY322,YES,00:00,23:59,
2025-08-03,OH077,NO,,,In Use Elsewhere
2025-08-03,OH395,YES,00:00,23:59,
2025-08-03,RA048,NO,,,In Use Elsewhere
2025-08-03,RA334,YES,00:00,23:59,
2025-08-03,RA367,YES,00:00,23:59,
2025-08-03,TA225,YES,00:00,23:59,
2025-08-03,TA302,YES,00:00,23:59,
2025-08-03,TO021,YES,00:00,23:59,
2025-08-03,TO030,YES,00:00,23:59,
2025-08-03,TO112,YES,00:00,23:59,
2025-08-03,TO166,YES,00:00,23:59,
2025-08-03,TO223,NO,,,Breakdown
2025-08-03,TO258,NO,,,In Use Elsewhere
2025-08-03,TO351,NO,,,In Use Elsewhere
2025-08-04,BA209,YES,00:00,23:59,
2025-08-04,BA344,YES,00:00,23:59,
2025-08-04,DY061,YES,00:00,23:59,
2025-08-04,DY091,YES,00:00,23:59,
2025-08-04,DY248,YES,00:00,23:59,
2025-08-04,DY251,YES,00:00,23:59,
2025-08-04,OH077,YES,00:00,23:59,
2025-08-04,OH083,YES,00:00,23:59,
2025-08-04,OH352,YES,00:00,23:59,
2025-08-04,RA008,YES,00:00,23:59,
2025-08-04,RA334,NO,,,In Use Elsewhere
2025-08-04,RA339,YES,00:00,23:59,
2025-08-04,TO020,YES,00:00,23:59,
2025-08-04,TO112,YES,00:00,23:59,
2025-08-05,BA058,YES,00:00,23:59,
2025-08-05,BA208,YES,00:00,23:59,
2025-08-05,BA209,YES,00:00,23:59,
2025-08-05,DY057,YES,00:00,23:59,
2025-08-05,DY248,YES,00:00,23:59,
2025-08-05,DY331,YES,00:00,23:59,
2025-08-05,DY371,YES,00:00,23:59,
2025-08-05,OH007,YES,00:00,23:59,
2025-08-05,OH103,YES,00:00,23:59,
2025-08-05,OH142,YES,00:00,23:59,
2025-08-05,OH296,NO,,,Scheduled Maintenance
2025-08-05,RA031,YES,00:00,23:59,
2025-08-05,RA037,YES,00:00,23:59,
2025-08-05,RA278,NO,,,Scheduled Maintenance
2025-08-05,RA363,NO,,,In Use Elsewhere
2025-08-05,RA375,YES,00:00,23:59,
2025-08-05,TA036,YES,00:00,23:59,
2025-08-05,TA310,NO,,,Breakdown
2025-08-05,TO028,NO,,,Scheduled Maintenance
2025-08-05,TO030,NO,,,Breakdown
2025-08-05,TO044,YES,00:00,23:59,
2025-08-05,TO129,YES,00:00,23:59,
2025-08-05,TO175,NO,,,In Use Elsewhere
2025-08-05,TO179,NO,,,In Use Elsewhere
2025-08-05,TO223,YES,00:00,23:59,
2025-08-05,TO260,YES,00:00,23:59,
2025-08-05,TO330,YES,00:00,23:59,
2025-08-10,BA102,NO,,,Scheduled Maintenance
2025-08-10,BA242,YES,00:00,23:59,
2025-08-10,BA355,YES,00:00,23:59,
2025-08-10,DY115,YES,00:00,23:59,
2025-08-10,DY217,YES,00:00,23:59,
2025-08-10,DY219,YES,00:00,23:59,
2025-08-10,DY279,NO,,,In Use Elsewhere
2025-08-10,DY309,YES,00:00,23:59,
2025-08-10,OH046,YES,00:00,23:59,
2025-08-10,OH134,YES,00:00,23:59,
2025-08-10,OH294,YES,00:00,23:59,
2025-08-10,OH313,YES,00:00,23:59,
2025-08-10,RA073,NO,,,In Use Elsewhere
2025-08-10,RA116,YES,00:00,23:59,
2025-08-10,RA172,YES,00:00,23:59,
2025-08-10,RA268,NO,,,Breakdown
2025-08-10,RA306,YES,00:00,23:59,
2025-08-10,RA308,YES,00:00,23:59,
2025-08-10,RA375,YES,00:00,23:59,
2025-08-10,TA036,YES,00:00,23:59,
2025-08-10,TO223,YES,00:00,23:59,
2025-08-12,BA058,YES,00:00,23:59,
2025-08-12,BA084,YES,00:00,23:59,
2025-08-12,BA117,YES,00:00,23:59,
2025-08-12,BA377,YES,00:00,23:59,
2025-08-12,DY045,YES,00:00,23:59,
2025-08-12,DY115,YES,00:00,23:59,
2025-08-12,DY124,YES,00:00,23:59,
2025-08-12,DY216,YES,00:00,23:59,
2025-08-12,DY244,YES,00:00,23:59,
2025-08-12,DY346,YES,00:00,23:59,
2025-08-12,OH160,NO,,,In Use Elsewhere
2025-08-12,OH365,YES,00:00,23:59,
2025-08-12,RA011,NO,,,Breakdown
2025-08-12,RA039,NO,,,Breakdown
2025-08-12,RA053,YES,00:00,23:59,
2025-08-12,RA268,YES,00:00,23:59,
2025-08-12,RA276,YES,00:00,23:59,
2025-08-12,TA003,YES,00:00,23:59,
2025-08-12,TA005,NO,,,Breakdown
2025-08-12,TA222,YES,00:00,23:59,
2025-08-12,TA289,YES,00:00,23:59,
2025-08-12,TA341,YES,00:00,23:59,
2025-08-12,TA361,YES,00:00,23:59,
2025-08-12,TO033,YES,00:00,23:59,
2025-08-12,TO250,YES,00:00,23:59,
2025-08-12,TO284,YES,00:00,23:59,
2025-08-12,TO336,YES,00:00,23:59,
2025-08-13,BA095,YES,00:00,23:59,
2025-08-13,BA102,YES,00:00,23:59,
2025-08-13,BA188,YES,00:00,23:59,
2025-08-13,DY018,YES,00:00,23:59,
2025-08-13,DY132,NO,,,Breakdown
2025-08-13,DY178,NO,,,In Use Elsewhere
2025-08-13,OH382,YES,00:00,23:59,
2025-08-13,RA029,YES,00:00,23:59,
2025-08-13,RA136,YES,00:00,23:59,
2025-08-13,RA265,YES,00:00,23:59,
2025-08-13,RA329,YES,00:00,23:59,
2025-08-13,RA363,YES,00:00,23:59,
2025-08-13,TA098,YES,00:00,23:59,
2025-08-13,TA154,YES,00:00,23:59,
2025-08-13,TA225,YES,00:00,23:59,
2025-08-13,TA229,YES,00:00,23:59,
2025-08-13,TA291,YES,00:00,23:59,
2025-08-13,TO106,YES,00:00,23:59,
2025-08-13,TO316,YES,00:00,23:59,
2025-08-15,BA344,YES,00:00,23:59,
2025-08-15,DY014,YES,00:00,23:59,
2025-08-15,DY091,YES,00:00,23:59,
2025-08-15,DY180,YES,00:00,23:59,
2025-08-15,DY196,YES,00:00,23:59,
2025-08-15,DY224,YES,00:00,23:59,
2025-08-15,DY237,YES,00:00,23:59,
2025-08-15,OH253,YES,00:00,23:59,
2025-08-15,RA035,YES,00:00,23:59,
2025-08-15,RA037,YES,00:00,23:59,
2025-08-15,RA062,YES,00:00,23:59,
2025-08-15,RA290,YES,00:00,23:59,
2025-08-15,RA308,YES,00:00,23:59,
2025-08-15,RA334,NO,,,In Use Elsewhere
2025-08-15,TA068,NO,,,Breakdown
2025-08-15,TA075,YES,00:00,23:59,
2025-08-15,TO100,NO,,,In Use Elsewhere
2025-08-15,TO106,YES,00:00,23:59,
2025-08-15,TO202,YES,00:00,23:59,
2025-08-16,BA058,YES,00:00,23:59,
2025-08-16,BA383,NO,,,Scheduled Maintenance
2025-08-16,DY001,YES,00:00,23:59,
2025-08-16,DY143,YES,00:00,23:59,
2025-08-16,DY246,NO,,,Scheduled Maintenance
2025-08-16,DY279,YES,00:00,23:59,
2025-08-16,OH059,YES,00:00,23:59,
2025-08-16,OH103,YES,00:00,23:59,
2025-08-16,OH298,YES,00:00,23:59,
2025-08-16,OH301,YES,00:00,23:59,
2025-08-16,RA238,YES,00:00,23:59,
2025-08-16,RA273,YES,00:00,23:59,
2025-08-16,RA334,YES,00:00,23:59,
2025-08-16,TA220,YES,00:00,23:59,
2025-08-16,TA225,YES,00:00,23:59,
2025-08-16,TO009,YES,00:00,23:59,
2025-08-16,TO033,YES,00:00,23:59,
2025-08-16,TO257,NO,,,Breakdown
2025-08-16,TO267,YES,00:00,23:59,
2025-08-17,BA153,YES,00:00,23:59,
2025-08-17,BA159,YES,00:00,23:59,
2025-08-17,BA255,YES,00:00,23:59,
2025-08-17,BA293,YES,00:00,23:59,
2025-08-17,DY040,YES,00:00,23:59,
2025-08-17,DY070,NO,,,In Use Elsewhere
2025-08-17,DY090,YES,00:00,23:59,
2025-08-17,DY122,YES,00:00,23:59,
2025-08-17,OH050,YES,00:00,23:59,
2025-08-17,RA035,YES,00:00,23:59,
2025-08-17,RA051,YES,00:00,23:59,
2025-08-17,RA087,NO,,,Breakdown
2025-08-17,RA139,YES,00:00,23:59,
2025-08-17,RA164,YES,00:00,23:59,
2025-08-17,RA190,YES,00:00,23:59,
2025-08-17,RA320,YES,00:00,23:59,
2025-08-17,RA334,YES,00:00,23:59,
2025-08-17,RA385,YES,00:00,23:59,
2025-08-17,TA140,YES,00:00,23:59,
2025-08-17,TA154,YES,00:00,23:59,
2025-08-17,TA205,NO,,,Scheduled Maintenance
2025-08-17,TA212,YES,00:00,23:59,
2025-08-17,TA218,YES,00:00,23:59,
2025-08-17,TA226,YES,00:00,23:59,
2025-08-17,TA233,NO,,,Breakdown
2025-08-17,TA283,YES,00:00,23:59,
2025-08-17,TO009,YES,00:00,23:59,
2025-08-17,TO149,YES,00:00,23:59,
2025-08-18,BA128,YES,00:00,23:59,
2025-08-18,BA259,YES,00:00,23:59,
2025-08-18,BA266,YES,00:00,23:59,
2025-08-18,DY251,NO,,,In Use Elsewhere
2025-08-18,DY321,YES,00:00,23:59,
2025-08-18,DY327,YES,00:00,23:59,
2025-08-18,OH142,NO,,,Breakdown
2025-08-18,OH173,YES,00:00,23:59,
2025-08-18,OH382,YES,00:00,23:59,
2025-08-18,RA085,NO,,,Scheduled Maintenance
2025-08-18,RA234,YES,00:00,23:59,
2025-08-18,RA306,YES,00:00,23:59,
2025-08-18,RA334,YES,00:00,23:59,
2025-08-18,RA375,YES,00:00,23:59,
2025-08-18,TA054,YES,00:00,23:59,
2025-08-18,TA325,YES,00:00,23:59,
2025-08-18,TO021,YES,00:00,23:59,
2025-08-18,TO149,YES,00:00,23:59,
2025-08-18,TO326,YES,00:00,23:59,
2025-08-18,TO350,YES,00:00,23:59,
2025-08-19,BA079,YES,00:00,23:59,
2025-08-19,BA185,YES,00:00,23:59,
2025-08-19,BA323,YES,00:00,23:59,
2025-08-19,BA349,YES,00:00,23:59,
2025-08-19,DY057,YES,00:00,23:59,
2025-08-19,DY060,YES,00:00,23:59,
2025-08-19,DY115,YES,00:00,23:59,
2025-08-19,DY152,NO,,,Breakdown
2025-08-19,DY194,YES,00:00,23:59,
2025-08-19,DY309,YES,00:00,23:59,
2025-08-19,OH183,YES,00:00,23:59,
2025-08-19,OH213,YES,00:00,23:59,
2025-08-19,OH271,YES,00:00,23:59,
2025-08-19,OH301,YES,00:00,23:59,
2025-08-19,OH343,YES,00:00,23:59,
2025-08-19,OH357,YES,00:00,23:59,
2025-08-19,RA011,YES,00:00,23:59,
2025-08-19,RA164,YES,00:00,23:59,
2025-08-19,RA177,YES,00:00,23:59,
2025-08-19,RA268,YES,00:00,23:59,
2025-08-19,TA341,NO,,,In Use Elsewhere
2025-08-19,TO123,YES,00:00,23:59,
2025-08-20,BA022,YES,00:00,23:59,
2025-08-20,BA066,NO,,,Scheduled Maintenance
2025-08-20,BA095,YES,00:00,23:59,
2025-08-20,BA355,YES,00:00,23:59,
2025-08-20,DY141,NO,,,Breakdown
2025-08-20,DY319,YES,00:00,23:59,
2025-08-20,OH221,YES,00:00,23:59,
2025-08-20,OH312,YES,00:00,23:59,
2025-08-20,OH313,YES,00:00,23:59,
2025-08-20,OH333,YES,00:00,23:59,
2025-08-20,RA008,YES,00:00,23:59,
2025-08-20,RA085,YES,00:00,23:59,
2025-08-20,RA087,YES,00:00,23:59,
2025-08-20,RA136,YES,00:00,23:59,
2025-08-20,RA164,YES,00:00,23:59,
2025-08-20,RA241,YES,00:00,23:59,
2025-08-20,RA273,YES,00:00,23:59,
2025-08-20,RA277,YES,00:00,23:59,
2025-08-20,RA320,NO,,,Breakdown
2025-08-20,RA367,YES,00:00,23:59,
2025-08-20,TA148,NO,,,In Use Elsewhere
2025-08-20,TA394,YES,00:00,23:59,
2025-08-20,TO202,YES,00:00,23:59,
2025-08-20,TO330,NO,,,Scheduled Maintenance
2025-08-21,BA159,YES,00:00,23:59,
2025-08-21,BA203,YES,00:00,23:59,
2025-08-21,BA249,NO,,,Breakdown
2025-08-21,BA304,YES,00:00,23:59,
2025-08-21,BA383,YES,00:00,23:59,
2025-08-21,DY090,YES,00:00,23:59,
2025-08-21,DY219,YES,00:00,23:59,
2025-08-21,DY246,NO,,,Breakdown
2025-08-21,DY346,YES,00:00,23:59,
2025-08-21,OH311,YES,00:00,23:59,
2025-08-21,RA051,YES,00:00,23:59,
2025-08-21,RA139,YES,00:00,23:59,
2025-08-21,RA163,YES,00:00,23:59,
2025-08-21,RA210,YES,00:00,23:59,
2025-08-21,RA307,YES,00:00,23:59,
2025-08-21,RA334,YES,00:00,23:59,
2025-08-21,TA003,YES,00:00,23:59,
2025-08-21,TO021,YES,00:00,23:59,
2025-08-21,TO166,YES,00:00,23:59,
2025-08-21,TO335,YES,00:00,23:59,
2025-08-23,BA185,YES,00:00,23:59,
2025-08-23,BA342,YES,00:00,23:59,
2025-08-23,BA348,YES,00:00,23:59,
2025-08-23,DY217,YES,00:00,23:59,
2025-08-23,OH088,YES,00:00,23:59,
2025-08-23,OH390,YES,00:00,23:59,
2025-08-23,RA035,YES,00:00,23:59,
2025-08-23,RA037,YES,00:00,23:59,
2025-08-23,RA048,YES,00:00,23:59,
2025-08-23,RA156,YES,00:00,23:59,
2025-08-23,RA241,YES,00:00,23:59,
2025-08-23,TA063,YES,00:00,23:59,
2025-08-23,TO100,YES,00:00,23:59,
2025-08-23,TO250,YES,00:00,23:59,
2025-08-23,TO330,NO,,,In Use Elsewhere
2025-08-25,BA145,YES,00:00,23:59,
2025-08-25,BA185,YES,00:00,23:59,
2025-08-25,BA355,YES,00:00,23:59,
2025-08-25,DY061,YES,00:00,23:59,
2025-08-25,DY070,YES,00:00,23:59,
2025-08-25,DY322,NO,,,Breakdown
2025-08-25,DY356,YES,00:00,23:59,
2025-08-25,OH207,YES,00:00,23:59,
2025-08-25,RA051,YES,00:00,23:59,
2025-08-25,RA234,YES,00:00,23:59,
2025-08-25,RA278,NO,,,In Use Elsewhere
2025-08-25,RA337,YES,00:00,23:59,
2025-08-25,TA065,YES,00:00,23:59,
2025-08-25,TA211,YES,00:00,23:59,
2025-08-25,TA341,YES,00:00,23:59,
2025-08-25,TA361,YES,00:00,23:59,
2025-08-27,BA323,YES,00:00,23:59,
2025-08-27,BA381,YES,00:00,23:59,
2025-08-27,DY018,NO,,,In Use Elsewhere
2025-08-27,DY248,YES,00:00,23:59,
2025-08-27,DY374,YES,00:00,23:59,
2025-08-27,OH083,YES,00:00,23:59,
2025-08-27,OH160,YES,00:00,23:59,
2025-08-27,OH195,NO,,,Breakdown
2025-08-27,OH312,YES,00:00,23:59,
2025-08-27,OH366,YES,00:00,23:59,
2025-08-27,OH382,YES,00:00,23:59,
2025-08-27,RA081,YES,00:00,23:59,
2025-08-27,RA273,NO,,,Scheduled Maintenance
2025-08-27,TA131,YES,00:00,23:59,
2025-08-27,TA302,YES,00:00,23:59,
2025-08-27,TO100,YES,00:00,23:59,
2025-08-27,TO287,YES,00:00,23:59,
2025-08-28,BA274,YES,00:00,23:59,
2025-08-28,BA299,YES,00:00,23:59,
2025-08-28,DY017,YES,00:00,23:59,
2025-08-28,DY018,YES,00:00,23:59,
2025-08-28,DY161,YES,00:00,23:59,
2025-08-28,DY169,YES,00:00,23:59,
2025-08-28,DY180,YES,00:00,23:59,
2025-08-28,DY194,YES,00:00,23:59,
2025-08-28,DY246,NO,,,In Use Elsewhere
2025-08-28,DY346,YES,00:00,23:59,
2025-08-28,OH015,YES,00:00,23:59,
2025-08-28,OH023,NO,,,Breakdown
2025-08-28,OH134,YES,00:00,23:59,
2025-08-28,OH271,YES,00:00,23:59,
2025-08-28,RA011,NO,,,In Use Elsewhere
2025-08-28,RA043,YES,00:00,23:59,
2025-08-28,RA261,YES,00:00,23:59,
2025-08-28,RA276,YES,00:00,23:59,
2025-08-28,RA378,YES,00:00,23:59,
2025-08-28,TA063,YES,00:00,23:59,
2025-08-28,TA078,YES,00:00,23:59,
2025-08-28,TA098,YES,00:00,23:59,
2025-08-28,TA165,YES,00:00,23:59,
2025-08-28,TO202,YES,00:00,23:59,
2025-08-28,TO316,YES,00:00,23:59,
2025-08-30,BA094,YES,00:00,23:59,
2025-08-30,BA127,YES,00:00,23:59,
2025-08-30,BA203,NO,,,Breakdown
2025-08-30,DY001,YES,00:00,23:59,
2025-08-30,DY040,YES,00:00,23:59,
2025-08-30,DY248,YES,00:00,23:59,
2025-08-30,DY328,YES,00:00,23:59,
2025-08-30,DY379,YES,00:00,23:59,
2025-08-30,OH076,NO,,,In Use Elsewhere
2025-08-30,OH395,YES,00:00,23:59,
2025-08-30,RA156,YES,00:00,23:59,
2025-08-30,RA164,NO,,,Breakdown
2025-08-30,RA360,YES,00:00,23:59,
2025-08-30,RA400,NO,,,Breakdown
2025-08-30,TA394,YES,00:00,23:59,
2025-08-30,TO032,YES,00:00,23:59,
2025-08-30,TO258,YES,00:00,23:59,
2025-08-31,BA151,YES,00:00,23:59,
2025-08-31,BA230,YES,00:00,23:59,
2025-08-31,DY070,YES,00:00,23:59,
2025-08-31,DY157,YES,00:00,23:59,
2025-08-31,DY184,YES,00:00,23:59,
2025-08-31,DY262,NO,,,In Use Elsewhere
2025-08-31,DY389,NO,,,Scheduled Maintenance
2025-08-31,DY399,YES,00:00,23:59,
2025-08-31,OH086,YES,00:00,23:59,
2025-08-31,OH130,YES,00:00,23:59,
2025-08-31,OH254,YES,00:00,23:59,
2025-08-31,OH294,YES,00:00,23:59,
2025-08-31,OH312,YES,00:00,23:59,
2025-08-31,RA039,YES,00:00,23:59,
2025-08-31,RA119,NO,,,Scheduled Maintenance
2025-08-31,RA286,YES,00:00,23:59,
2025-08-31,RA329,NO,,,Breakdown
2025-08-31,TA034,YES,00:00,23:59,
2025-08-31,TA075,YES,00:00,23:59,
2025-08-31,TA120,YES,00:00,23:59,
2025-08-31,TA212,YES,00:00,23:59,
2025-08-31,TA220,YES,00:00,23:59,
2025-08-31,TO228,YES,00:00,23:59,
2025-08-31,TO250,YES,00:00,23:59,
2025-09-02,BA126,YES,00:00,23:59,
2025-09-02,BA145,YES,00:00,23:59,
2025-09-02,BA324,YES,00:00,23:59,
2025-09-02,DY180,YES,00:00,23:59,
2025-09-02,DY237,YES,00:00,23:59,
2025-09-02,DY345,YES,00:00,23:59,
2025-09-02,RA162,YES,00:00,23:59,
2025-09-02,RA206,NO,,,In Use Elsewhere
2025-09-02,RA277,YES,00:00,23:59,
2025-09-02,RA339,YES,00:00,23:59,
2025-09-02,RA375,YES,00:00,23:59,
2025-09-02,TA098,YES,00:00,23:59,
2025-09-02,TA264,YES,00:00,23:59,
2025-09-02,TA394,YES,00:00,23:59,
2025-09-02,TO038,YES,00:00,23:59,
2025-09-02,TO100,YES,00:00,23:59,
2025-09-04,BA242,YES,00:00,23:59,
2025-09-04,BA304,YES,00:00,23:59,
2025-09-04,BA323,YES,00:00,23:59,
2025-09-04,BA344,YES,00:00,23:59,
2025-09-04,BA381,YES,00:00,23:59,
2025-09-04,BA386,NO,,,Breakdown
2025-09-04,DY157,YES,00:00,23:59,
2025-09-04,DY196,YES,00:00,23:59,
2025-09-04,DY224,YES,00:00,23:59,
2025-09-04,DY345,YES,00:00,23:59,
2025-09-04,DY356,YES,00:00,23:59,
2025-09-04,DY398,YES,00:00,23:59,
2025-09-04,OH015,YES,00:00,23:59,
2025-09-04,OH395,YES,00:00,23:59,
2025-09-04,RA240,YES,00:00,23:59,
2025-09-04,RA334,YES,00:00,23:59,
2025-09-04,RA370,YES,00:00,23:59,
2025-09-04,TA222,YES,00:00,23:59,
2025-09-04,TA227,YES,00:00,23:59,
2025-09-04,TA233,YES,00:00,23:59,
2025-09-04,TA285,YES,00:00,23:59,
2025-09-04,TO250,YES,00:00,23:59,
2025-09-04,TO335,YES,00:00,23:59,
2025-09-05,BA209,YES,00:00,23:59,
2025-09-05,BA297,YES,00:00,23:59,
2025-09-05,DY091,YES,00:00,23:59,
2025-09-05,DY167,YES,00:00,23:59,
2025-09-05,DY322,YES,00:00,23:59,
2025-09-05,DY371,NO,,,Breakdown
2025-09-05,DY379,YES,00:00,23:59,
2025-09-05,OH072,YES,00:00,23:59,
2025-09-05,OH195,YES,00:00,23:59,
2025-09-05,RA210,YES,00:00,23:59,
2025-09-05,RA231,YES,00:00,23:59,
2025-09-05,RA354,YES,00:00,23:59,
2025-09-05,TA049,NO,,,In Use Elsewhere
2025-09-05,TA098,YES,00:00,23:59,
2025-09-05,TA099,YES,00:00,23:59,
2025-09-05,TA108,YES,00:00,23:59,
2025-09-05,TA154,YES,00:00,23:59,
2025-09-05,TA310,YES,00:00,23:59,
2025-09-05,TO100,YES,00:00,23:59,
2025-09-05,TO112,YES,00:00,23:59,
2025-09-05,TO179,YES,00:00,23:59,
2025-09-05,TO336,YES,00:00,23:59,
2025-09-06,BA016,YES,00:00,23:59,
2025-09-06,BA151,NO,,,Breakdown
2025-09-06,BA247,YES,00:00,23:59,
2025-09-06,BA299,NO,,,In Use Elsewhere
2025-09-06,BA300,YES,00:00,23:59,
2025-09-06,BA383,YES,00:00,23:59,
2025-09-06,DY281,YES,00:00,23:59,
2025-09-06,DY309,NO,,,Scheduled Maintenance
2025-09-06,OH092,YES,00:00,23:59,
2025-09-06,OH183,YES,00:00,23:59,
2025-09-06,OH338,YES,00:00,23:59,
2025-09-06,OH362,YES,00:00,23:59,
2025-09-06,RA177,YES,00:00,23:59,
2025-09-06,RA261,YES,00:00,23:59,
2025-09-06,RA360,NO,,,Breakdown
2025-09-06,TA034,YES,00:00,23:59,
2025-09-06,TA075,YES,00:00,23:59,
2025-09-06,TA233,NO,,,In Use Elsewhere
2025-09-06,TO041,YES,00:00,23:59,
2025-09-06,TO257,YES,00:00,23:59,
2025-09-06,TO317,NO,,,In Use Elsewhere
2025-09-08,BA069,YES,00:00,23:59,
2025-09-08,BA094,YES,00:00,23:59,
2025-09-08,BA126,YES,00:00,23:59,
2025-09-08,BA300,YES,00:00,23:59,
2025-09-08,DY060,YES,00:00,23:59,
2025-09-08,DY067,YES,00:00,23:59,
2025-09-08,DY143,YES,00:00,23:59,
2025-09-08,DY181,YES,00:00,23:59,
2025-09-08,DY315,YES,00:00,23:59,
2025-09-08,DY331,YES,00:00,23:59,
2025-09-08,OH025,YES,00:00,23:59,
2025-09-08,OH072,YES,00:00,23:59,
2025-09-08,OH125,YES,00:00,23:59,
2025-09-08,OH338,YES,00:00,23:59,
2025-09-08,OH365,NO,,,Breakdown
2025-09-08,RA031,YES,00:00,23:59,
2025-09-08,RA114,YES,00:00,23:59,
2025-09-08,RA204,YES,00:00,23:59,
2025-09-08,TA027,YES,00:00,23:59,
2025-09-08,TA068,YES,00:00,23:59,
2025-09-08,TA074,YES,00:00,23:59,
2025-09-08,TA148,NO,,,In Use Elsewhere
2025-09-08,TA283,YES,00:00,23:59,
2025-09-08,TA325,YES,00:00,23:59,
2025-09-08,TO032,YES,00:00,23:59,
2025-09-08,TO256,YES,00:00,23:59,
2025-09-08,TO272,YES,00:00,23:59,
2025-09-09,BA110,YES,00:00,23:59,
2025-09-09,BA300,YES,00:00,23:59,
2025-09-09,BA323,YES,00:00,23:59,
2025-09-09,BA358,YES,00:00,23:59,
2025-09-09,DY196,YES,00:00,23:59,
2025-09-09,OH111,NO,,,Breakdown
2025-09-09,OH158,YES,00:00,23:59,
2025-09-09,OH183,YES,00:00,23:59,
2025-09-09,OH191,YES,00:00,23:59,
2025-09-09,RA013,YES,00:00,23:59,
2025-09-09,RA114,NO,,,In Use Elsewhere
2025-09-09,RA172,YES,00:00,23:59,
2025-09-09,RA190,NO,,,Breakdown
2025-09-09,RA278,YES,00:00,23:59,
2025-09-09,RA334,YES,00:00,23:59,
2025-09-09,RA387,YES,00:00,23:59,
2025-09-09,TA003,YES,00:00,23:59,
2025-09-09,TA089,YES,00:00,23:59,
2025-09-09,TO166,YES,00:00,23:59,
2025-09-10,DY246,YES,00:00,23:59,
2025-09-10,DY279,YES,00:00,23:59,
2025-09-10,DY327,NO,,,Breakdown
2025-09-10,OH046,YES,00:00,23:59,
2025-09-10,OH142,YES,00:00,23:59,
2025-09-10,OH197,YES,00:00,23:59,
2025-09-10,OH347,YES,00:00,23:59,
2025-09-10,OH366,YES,00:00,23:59,
2025-09-10,RA053,YES,00:00,23:59,
2025-09-10,RA081,NO,,,In Use Elsewhere
2025-09-10,RA136,YES,00:00,23:59,
2025-09-10,RA162,YES,00:00,23:59,
2025-09-10,RA306,YES,00:00,23:59,
2025-09-10,RA334,NO,,,Scheduled Maintenance
2025-09-10,RA373,YES,00:00,23:59,
2025-09-10,TA036,YES,00:00,23:59,
2025-09-10,TA078,YES,00:00,23:59,
2025-09-10,TA211,YES,00:00,23:59,
2025-09-10,TA275,YES,00:00,23:59,
2025-09-10,TO129,YES,00:00,23:59,
2025-09-10,TO243,NO,,,Scheduled Maintenance
2025-09-10,TO316,YES,00:00,23:59,
2025-09-11,BA151,YES,00:00,23:59,
2025-09-11,BA263,YES,00:00,23:59,
2025-09-11,BA297,YES,00:00,23:59,
2025-09-11,OH010,YES,00:00,23:59,
2025-09-11,RA073,YES,00:00,23:59,
2025-09-11,RA360,YES,00:00,23:59,
2025-09-11,RA375,YES,00:00,23:59,
2025-09-11,RA391,YES,00:00,23:59,
2025-09-11,TA034,YES,00:00,23:59,
2025-09-11,TA099,YES,00:00,23:59,
2025-09-11,TA229,YES,00:00,23:59,
2025-09-11,TA310,NO,,,Breakdown
2025-09-12,BA151,YES,00:00,23:59,
2025-09-12,DY018,YES,00:00,23:59,
2025-09-12,DY331,NO,,,In Use Elsewhere
2025-09-12,OH010,YES,00:00,23:59,
2025-09-12,OH025,YES,00:00,23:59,
2025-09-12,OH072,YES,00:00,23:59,
2025-09-12,RA008,YES,00:00,23:59,
2025-09-12,RA204,YES,00:00,23:59,
2025-09-12,RA339,YES,00:00,23:59,
2025-09-12,TA034,YES,00:00,23:59,
2025-09-12,TA131,YES,00:00,23:59,
2025-09-12,TA148,YES,00:00,23:59,
2025-09-12,TA269,YES,00:00,23:59,
2025-09-12,TA394,YES,00:00,23:59,
2025-09-12,TO002,YES,00:00,23:59,
2025-09-12,TO106,YES,00:00,23:59,
2025-09-12,TO317,NO,,,In Use Elsewhere
2025-09-13,BA095,YES,00:00,23:59,
2025-09-13,BA274,NO,,,In Use Elsewhere
2025-09-13,DY012,YES,00:00,23:59,
2025-09-13,DY135,YES,00:00,23:59,
2025-09-13,DY138,YES,00:00,23:59,
2025-09-13,DY181,YES,00:00,23:59,
2025-09-13,DY194,YES,00:00,23:59,
2025-09-13,DY371,YES,00:00,23:59,
2025-09-13,OH059,YES,00:00,23:59,
2025-09-13,OH311,YES,00:00,23:59,
2025-09-13,RA031,YES,00:00,23:59,
2025-09-13,RA136,YES,00:00,23:59,
2025-09-13,RA172,YES,00:00,23:59,
2025-09-13,RA286,YES,00:00,23:59,
2025-09-13,RA370,NO,,,Scheduled Maintenance
2025-09-13,TA036,YES,00:00,23:59,
2025-09-13,TA063,YES,00:00,23:59,
2025-09-13,TA074,YES,00:00,23:59,
2025-09-13,TA199,YES,00:00,23:59,
2025-09-13,TA215,YES,00:00,23:59,
2025-09-13,TA289,YES,00:00,23:59,
2025-09-13,TO146,YES,00:00,23:59,
2025-09-13,TO223,YES,00:00,23:59,
2025-09-13,TO350,YES,00:00,23:59,
2025-09-14,BA079,YES,00:00,23:59,
2025-09-14,BA095,YES,00:00,23:59,
2025-09-14,BA242,YES,00:00,23:59,
2025-09-14,DY161,YES,00:00,23:59,
2025-09-14,DY237,YES,00:00,23:59,
2025-09-14,DY246,YES,00:00,23:59,
2025-09-14,DY356,NO,,,In Use Elsewhere
2025-09-14,OH006,YES,00:00,23:59,
2025-09-14,OH023,YES,00:00,23:59,
2025-09-14,OH197,YES,00:00,23:59,
2025-09-14,OH214,YES,00:00,23:59,
2025-09-14,OH333,YES,00:00,23:59,
2025-09-14,RA024,YES,00:00,23:59,
2025-09-14,RA162,YES,00:00,23:59,
2025-09-14,RA240,YES,00:00,23:59,
2025-09-14,RA378,YES,00:00,23:59,
2025-09-14,TA154,YES,00:00,23:59,
2025-09-14,TA225,YES,00:00,23:59,
2025-09-14,TA229,YES,00:00,23:59,
2025-09-14,TO028,YES,00:00,23:59,
2025-09-14,TO044,YES,00:00,23:59,
2025-09-15,BA066,YES,00:00,23:59,
2025-09-15,BA104,YES,00:00,23:59,
2025-09-15,BA209,NO,,,In Use Elsewhere
2025-09-15,DY091,YES,00:00,23:59,
2025-09-15,DY121,YES,00:00,23:59,
2025-09-15,DY138,NO,,,Breakdown
2025-09-15,DY345,NO,,,In Use Elsewhere
2025-09-15,OH052,YES,00:00,23:59,
2025-09-15,OH395,YES,00:00,23:59,
2025-09-15,RA273,YES,00:00,23:59,
2025-09-15,RA290,YES,00:00,23:59,
2025-09-15,RA397,YES,00:00,23:59,
2025-09-15,RA400,YES,00:00,23:59,
2025-09-15,TA005,YES,00:00,23:59,
2025-09-15,TA171,YES,00:00,23:59,
2025-09-15,TA220,YES,00:00,23:59,
2025-09-15,TO123,YES,00:00,23:59,
2025-09-15,TO202,YES,00:00,23:59,
2025-09-15,TO267,NO,,,In Use Elsewhere
2025-09-15,TO272,NO,,,Scheduled Maintenance
2025-09-16,DY060,YES,00:00,23:59,
2025-09-16,DY067,YES,00:00,23:59,
2025-09-16,DY181,YES,00:00,23:59,
2025-09-16,DY194,YES,00:00,23:59,
2025-09-16,DY232,YES,00:00,23:59,
2025-09-16,DY244,YES,00:00,23:59,
2025-09-16,DY315,YES,00:00,23:59,
2025-09-16,OH082,YES,00:00,23:59,
2025-09-16,OH111,YES,00:00,23:59,
2025-09-16,OH214,YES,00:00,23:59,
2025-09-16,OH311,NO,,,In Use Elsewhere
2025-09-16,RA155,YES,00:00,23:59,
2025-09-16,RA373,YES,00:00,23:59,
2025-09-16,RA385,YES,00:00,23:59,
2025-09-16,RA397,NO,,,Breakdown
2025-09-16,TA005,YES,00:00,23:59,
2025-09-16,TA036,YES,00:00,23:59,
2025-09-16,TA280,YES,00:00,23:59,
2025-09-16,TO129,YES,00:00,23:59,
2025-09-16,TO336,YES,00:00,23:59,
2025-09-17,BA022,YES,00:00,23:59,
2025-09-17,BA104,YES,00:00,23:59,
2025-09-17,BA383,NO,,,Scheduled Maintenance
2025-09-17,OH007,NO,,,Scheduled Maintenance
2025-09-17,OH086,YES,00:00,23:59,
2025-09-17,OH298,YES,00:00,23:59,
2025-09-17,OH347,YES,00:00,23:59,
2025-09-17,RA241,YES,00:00,23:59,
2025-09-17,RA277,YES,00:00,23:59,
2025-09-17,RA303,YES,00:00,23:59,
2025-09-17,TA283,YES,00:00,23:59,
2025-09-17,TA289,YES,00:00,23:59,
2025-09-17,TO350,YES,00:00,23:59,
2025-09-18,BA064,YES,00:00,23:59,
2025-09-18,BA342,YES,00:00,23:59,
2025-09-18,BA358,YES,00:00,23:59,
2025-09-18,DY224,NO,,,In Use Elsewhere
2025-09-18,DY309,YES,00:00,23:59,
2025-09-18,DY315,YES,00:00,23:59,
2025-09-18,DY321,YES,00:00,23:59,
2025-09-18,DY353,YES,00:00,23:59,
2025-09-18,OH082,YES,00:00,23:59,
2025-09-18,OH083,YES,00:00,23:59,
2025-09-18,OH301,YES,00:00,23:59,
2025-09-18,OH313,YES,00:00,23:59,
2025-09-18,RA008,YES,00:00,23:59,
2025-09-18,RA339,YES,00:00,23:59,
2025-09-18,RA363,YES,00:00,23:59,
2025-09-18,TA054,YES,00:00,23:59,
2025-09-19,BA104,YES,00:00,23:59,
2025-09-19,BA113,YES,00:00,23:59,
2025-09-19,BA242,YES,00:00,23:59,
2025-09-19,DY138,YES,00:00,23:59,
2025-09-19,DY319,YES,00:00,23:59,
2025-09-19,DY321,YES,00:00,23:59,
2025-09-19,OH080,YES,00:00,23:59,
2025-09-19,OH160,YES,00:00,23:59,
2025-09-19,OH333,NO,,,Breakdown
2025-09-19,OH372,NO,,,Breakdown
2025-09-19,RA085,YES,00:00,23:59,
2025-09-19,RA139,YES,00:00,23:59,
2025-09-19,RA387,NO,,,In Use Elsewhere
2025-09-19,RA388,YES,00:00,23:59,
2025-09-19,TO020,YES,00:00,23:59,
2025-09-19,TO021,YES,00:00,23:59,
2025-09-19,TO179,YES,00:00,23:59,
2025-09-19,TO223,YES,00:00,23:59,
2025-09-19,TO305,YES,00:00,23:59,
2025-09-20,BA110,YES,00:00,23:59,
2025-09-20,BA117,YES,00:00,23:59,
2025-09-20,BA128,YES,00:00,23:59,
2025-09-20,DY040,YES,00:00,23:59,
2025-09-20,DY090,YES,00:00,23:59,
2025-09-20,DY328,YES,00:00,23:59,
2025-09-20,OH052,YES,00:00,23:59,
2025-09-20,OH077,NO,,,Scheduled Maintenance
2025-09-20,OH082,YES,00:00,23:59,
2025-09-20,OH088,YES,00:00,23:59,
2025-09-20,OH176,YES,00:00,23:59,
2025-09-20,OH301,YES,00:00,23:59,
2025-09-20,OH382,YES,00:00,23:59,
2025-09-20,RA163,YES,00:00,23:59,
2025-09-20,RA172,NO,,,In Use Elsewhere
2025-09-20,RA241,YES,00:00,23:59,
2025-09-20,RA290,YES,00:00,23:59,
2025-09-20,RA363,YES,00:00,23:59,
2025-09-20,RA397,YES,00:00,23:59,
2025-09-20,TA147,YES,00:00,23:59,
2025-09-20,TA302,YES,00:00,23:59,
2025-09-20,TO100,YES,00:00,23:59,
2025-09-22,BA144,YES,00:00,23:59,
2025-09-22,BA153,YES,00:00,23:59,
2025-09-22,BA355,YES,00:00,23:59,
2025-09-22,DY096,YES,00:00,23:59,
2025-09-22,DY124,YES,00:00,23:59,
2025-09-22,DY133,YES,00:00,23:59,
2025-09-22,DY235,YES,00:00,23:59,
2025-09-22,DY309,NO,,,In Use Elsewhere
2025-09-22,OH239,YES,00:00,23:59,
2025-09-22,RA206,YES,00:00,23:59,
2025-09-22,RA320,YES,00:00,23:59,
2025-09-22,RA329,YES,00:00,23:59,
2025-09-22,RA370,YES,00:00,23:59,
2025-09-22,RA387,YES,00:00,23:59,
2025-09-22,RA397,YES,00:00,23:59,
2025-09-22,RA400,YES,00:00,23:59,
2025-09-22,TA269,YES,00:00,23:59,
2025-09-22,TA275,YES,00:00,23:59,
2025-09-22,TO033,NO,,,Scheduled Maintenance
2025-09-23,BA094,NO,,,Scheduled Maintenance
2025-09-23,DY132,YES,00:00,23:59,
2025-09-23,DY152,YES,00:00,23:59,
2025-09-23,DY232,YES,00:00,23:59,
2025-09-23,DY244,YES,00:00,23:59,
2025-09-23,DY281,YES,00:00,23:59,
2025-09-23,DY353,YES,00:00,23:59,
2025-09-23,OH019,YES,00:00,23:59,
2025-09-23,OH103,YES,00:00,23:59,
2025-09-23,OH111,YES,00:00,23:59,
2025-09-23,OH183,YES,00:00,23:59,
2025-09-23,OH313,YES,00:00,23:59,
2025-09-23,OH366,YES,00:00,23:59,
2025-09-23,TA118,YES,00:00,23:59,
2025-09-23,TA215,YES,00:00,23:59,
2025-09-23,TA222,NO,,,Breakdown
2025-09-23,TA361,YES,00:00,23:59,
2025-09-23,TO129,YES,00:00,23:59,
2025-09-23,TO316,YES,00:00,23:59,
2025-09-24,BA297,YES,00:00,23:59,
2025-09-24,BA348,YES,00:00,23:59,
2025-09-24,DY055,YES,00:00,23:59,
2025-09-24,DY217,YES,00:00,23:59,
2025-09-24,DY346,YES,00:00,23:59,
2025-09-24,DY356,YES,00:00,23:59,
2025-09-24,DY399,YES,00:00,23:59,
2025-09-24,OH050,YES,00:00,23:59,
2025-09-24,OH052,YES,00:00,23:59,
2025-09-24,OH134,YES,00:00,23:59,
2025-09-24,OH221,YES,00:00,23:59,
2025-09-24,OH311,YES,00:00,23:59,
2025-09-24,OH352,YES,00:00,23:59,
2025-09-24,RA073,YES,00:00,23:59,
2025-09-24,RA139,YES,00:00,23:59,
2025-09-24,RA240,YES,00:00,23:59,
2025-09-24,RA308,YES,00:00,23:59,
2025-09-24,RA354,YES,00:00,23:59,
2025-09-24,TA068,NO,,,Scheduled Maintenance
2025-09-24,TA165,YES,00:00,23:59,
2025-09-24,TA227,YES,00:00,23:59,
2025-09-24,TA289,YES,00:00,23:59,
2025-09-24,TO021,YES,00:00,23:59,
2025-09-24,TO032,YES,00:00,23:59,
2025-09-24,TO106,YES,00:00,23:59,
2025-09-24,TO364,YES,00:00,23:59,
2025-09-25,BA095,YES,00:00,23:59,
2025-09-25,BA144,YES,00:00,23:59,
2025-09-25,BA358,YES,00:00,23:59,
2025-09-25,BA383,NO,,,In Use Elsewhere
2025-09-25,DY178,YES,00:00,23:59,
2025-09-25,DY237,YES,00:00,23:59,
2025-09-25,DY315,YES,00:00,23:59,
2025-09-25,DY379,YES,00:00,23:59,
2025-09-25,OH086,YES,00:00,23:59,
2025-09-25,OH173,YES,00:00,23:59,
2025-09-25,OH312,YES,00:00,23:59,
2025-09-25,OH382,YES,00:00,23:59,
2025-09-25,RA013,YES,00:00,23:59,
2025-09-25,RA073,YES,00:00,23:59,
2025-09-25,RA139,YES,00:00,23:59,
2025-09-25,RA295,YES,00:00,23:59,
2025-09-25,TA068,YES,00:00,23:59,
2025-09-25,TA107,YES,00:00,23:59,
2025-09-25,TA233,YES,00:00,23:59,
2025-09-26,BA042,YES,00:00,23:59,
2025-09-26,BA393,YES,00:00,23:59,
2025-09-26,DY017,YES,00:00,23:59,
2025-09-26,DY096,YES,00:00,23:59,
2025-09-26,DY133,YES,00:00,23:59,
2025-09-26,DY371,YES,00:00,23:59,
2025-09-26,OH015,YES,00:00,23:59,
2025-09-26,OH158,YES,00:00,23:59,
2025-09-26,OH207,YES,00:00,23:59,
2025-09-26,OH347,YES,00:00,23:59,
2025-09-26,OH352,YES,00:00,23:59,
2025-09-26,RA081,NO,,,Scheduled Maintenance
2025-09-26,RA241,YES,00:00,23:59,
2025-09-26,RA360,YES,00:00,23:59,
2025-09-26,TA089,YES,00:00,23:59,
2025-09-26,TA171,YES,00:00,23:59,
2025-09-26,TO106,YES,00:00,23:59,
2025-09-26,TO256,YES,00:00,23:59,
2025-09-27,BA079,YES,00:00,23:59,
2025-09-27,BA095,YES,00:00,23:59,
2025-09-27,BA208,YES,00:00,23:59,
2025-09-27,BA344,YES,00:00,23:59,
2025-09-27,DY057,YES,00:00,23:59,
2025-09-27,DY181,YES,00:00,23:59,
2025-09-27,DY236,YES,00:00,23:59,
2025-09-27,OH197,YES,00:00,23:59,
2025-09-27,OH347,YES,00:00,23:59,
2025-09-27,RA136,YES,00:00,23:59,
2025-09-27,RA156,YES,00:00,23:59,
2025-09-27,RA210,YES,00:00,23:59,
2025-09-27,RA273,YES,00:00,23:59,
2025-09-27,RA388,YES,00:00,23:59,
2025-09-27,TA054,YES,00:00,23:59,
2025-09-27,TA222,YES,00:00,23:59,
2025-09-27,TA291,YES,00:00,23:59,
2025-09-27,TO101,YES,00:00,23:59,
2025-09-27,TO258,YES,00:00,23:59,
2025-09-27,TO317,YES,00:00,23:59,
2025-09-28,BA022,YES,00:00,23:59,
2025-09-28,BA332,YES,00:00,23:59,
2025-09-28,BA386,YES,00:00,23:59,
2025-09-28,DY061,YES,00:00,23:59,
2025-09-28,DY135,YES,00:00,23:59,
2025-09-28,DY321,YES,00:00,23:59,
2025-09-28,DY353,YES,00:00,23:59,
2025-09-28,DY392,YES,00:00,23:59,
2025-09-28,OH006,YES,00:00,23:59,
2025-09-28,OH103,YES,00:00,23:59,
2025-09-28,OH189,YES,00:00,23:59,
2025-09-28,RA035,YES,00:00,23:59,
2025-09-28,RA051,NO,,,Breakdown
2025-09-28,RA192,YES,00:00,23:59,
2025-09-28,RA286,YES,00:00,23:59,
2025-09-28,RA400,YES,00:00,23:59,
2025-09-28,TA049,YES,00:00,23:59,
2025-09-28,TA068,YES,00:00,23:59,
2025-09-28,TA205,YES,00:00,23:59,
2025-09-28,TO044,YES,00:00,23:59,
2025-09-28,TO284,YES,00:00,23:59,
2025-09-30,BA117,YES,00:00,23:59,
2025-09-30,BA259,YES,00:00,23:59,
2025-09-30,DY321,YES,00:00,23:59,
2025-09-30,DY346,YES,00:00,23:59,
2025-09-30,RA139,YES,00:00,23:59,
2025-09-30,RA391,YES,00:00,23:59,
2025-09-30,TA283,YES,00:00,23:59,
2025-09-30,TO002,YES,00:00,23:59,
2025-09-30,TO032,YES,00:00,23:59,
2025-09-30,TO044,YES,00:00,23:59,
2025-10-02,BA066,YES,00:00,23:59,
2025-10-02,BA102,YES,00:00,23:59,
2025-10-02,BA208,YES,00:00,23:59,
2025-10-02,BA255,YES,00:00,23:59,
2025-10-02,BA266,YES,00:00,23:59,
2025-10-02,BA304,YES,00:00,23:59,
2025-10-02,DY133,YES,00:00,23:59,
2025-10-02,DY135,YES,00:00,23:59,
2025-10-02,DY281,NO,,,Scheduled Maintenance
2025-10-02,OH142,YES,00:00,23:59,
2025-10-02,OH191,NO,,,Scheduled Maintenance
2025-10-02,OH195,YES,00:00,23:59,
2025-10-02,OH296,YES,00:00,23:59,
2025-10-02,RA234,YES,00:00,23:59,
2025-10-02,RA238,YES,00:00,23:59,
2025-10-02,RA363,YES,00:00,23:59,
2025-10-02,RA373,YES,00:00,23:59,
2025-10-02,RA387,YES,00:00,23:59,
2025-10-02,TA098,NO,,,In Use Elsewhere
2025-10-02,TO033,YES,00:00,23:59,
2025-10-02,TO256,YES,00:00,23:59,
2025-10-05,BA102,YES,00:00,23:59,
2025-10-05,BA159,YES,00:00,23:59,
2025-10-05,BA297,YES,00:00,23:59,
2025-10-05,BA324,YES,00:00,23:59,
2025-10-05,BA386,YES,00:00,23:59,
2025-10-05,DY217,YES,00:00,23:59,
2025-10-05,DY328,YES,00:00,23:59,
2025-10-05,OH006,YES,00:00,23:59,
2025-10-05,OH076,YES,00:00,23:59,
2025-10-05,OH092,YES,00:00,23:59,
2025-10-05,OH182,YES,00:00,23:59,
2025-10-05,OH245,YES,00:00,23:59,
2025-10-05,OH347,NO,,,In Use Elsewhere
2025-10-05,OH359,NO,,,Breakdown
2025-10-05,RA037,YES,00:00,23:59,
2025-10-05,RA039,YES,00:00,23:59,
2025-10-05,RA043,YES,00:00,23:59,
2025-10-05,RA051,YES,00:00,23:59,
2025-10-05,RA231,YES,00:00,23:59,
2025-10-05,TA063,YES,00:00,23:59,
2025-10-05,TA280,YES,00:00,23:59,
2025-10-05,TA282,YES,00:00,23:59,
2025-10-05,TO100,YES,00:00,23:59,
2025-10-06,BA016,YES,00:00,23:59,
2025-10-06,BA064,NO,,,In Use Elsewhere
2025-10-06,BA069,YES,00:00,23:59,
2025-10-06,BA174,YES,00:00,23:59,
2025-10-06,BA304,YES,00:00,23:59,
2025-10-06,DY004,YES,00:00,23:59,
2025-10-06,DY133,YES,00:00,23:59,
2025-10-06,DY201,YES,00:00,23:59,
2025-10-06,DY328,YES,00:00,23:59,
2025-10-06,OH214,NO,,,Scheduled Maintenance
2025-10-06,OH296,YES,00:00,23:59,
2025-10-06,RA008,YES,00:00,23:59,
2025-10-06,RA051,NO,,,Breakdown
2025-10-06,RA116,YES,00:00,23:59,
2025-10-06,RA200,YES,00:00,23:59,
2025-10-06,RA397,YES,00:00,23:59,
2025-10-06,TA034,NO,,,In Use Elsewhere
2025-10-06,TA394,YES,00:00,23:59,
2025-10-06,TO146,NO,,,Scheduled Maintenance
2025-10-06,TO202,YES,00:00,23:59,
2025-10-07,BA266,YES,00:00,23:59,
2025-10-07,BA386,NO,,,In Use Elsewhere
2025-10-07,DY090,YES,00:00,23:59,
2025-10-07,DY279,YES,00:00,23:59,
2025-10-07,DY399,YES,00:00,23:59,
2025-10-07,OH010,YES,00:00,23:59,
2025-10-07,OH183,YES,00:00,23:59,
2025-10-07,OH301,YES,00:00,23:59,
2025-10-07,OH362,NO,,,In Use Elsewhere
2025-10-07,RA164,NO,,,Breakdown
2025-10-07,RA306,YES,00:00,23:59,
2025-10-07,RA340,NO,,,In Use Elsewhere
2025-10-07,TA049,YES,00:00,23:59,
2025-10-07,TA074,YES,00:00,23:59,
2025-10-07,TA107,YES,00:00,23:59,
2025-10-07,TA108,YES,00:00,23:59,
2025-10-07,TA225,YES,00:00,23:59,
2025-10-07,TA291,YES,00:00,23:59,
2025-10-07,TO256,YES,00:00,23:59,
2025-10-07,TO316,YES,00:00,23:59,
2025-10-10,BA016,YES,00:00,23:59,
2025-10-10,BA170,YES,00:00,23:59,
2025-10-10,BA186,YES,00:00,23:59,
2025-10-10,DY121,YES,00:00,23:59,
2025-10-10,DY321,YES,00:00,23:59,
2025-10-10,OH050,YES,00:00,23:59,
2025-10-10,OH103,YES,00:00,23:59,
2025-10-10,OH125,YES,00:00,23:59,
2025-10-10,RA043,YES,00:00,23:59,
2025-10-10,RA210,YES,00:00,23:59,
2025-10-10,RA231,YES,00:00,23:59,
2025-10-10,RA276,YES,00:00,23:59,
2025-10-10,RA334,YES,00:00,23:59,
2025-10-10,RA373,YES,00:00,23:59,
2025-10-10,TA229,YES,00:00,23:59,
2025-10-10,TO038,YES,00:00,23:59,
2025-10-10,TO129,YES,00:00,23:59,
2025-10-11,BA159,YES,00:00,23:59,
2025-10-11,DY045,YES,00:00,23:59,
2025-10-11,DY055,YES,00:00,23:59,
2025-10-11,DY091,NO,,,Scheduled Maintenance
2025-10-11,DY157,YES,00:00,23:59,
2025-10-11,DY180,YES,00:00,23:59,
2025-10-11,DY279,YES,00:00,23:59,
2025-10-11,OH023,YES,00:00,23:59,
2025-10-11,OH197,NO,,,Breakdown
2025-10-11,OH312,YES,00:00,23:59,
2025-10-11,RA013,NO,,,Breakdown
2025-10-11,RA119,YES,00:00,23:59,
2025-10-11,RA276,YES,00:00,23:59,
2025-10-11,TA003,NO,,,Scheduled Maintenance
2025-10-11,TA131,NO,,,Breakdown
2025-10-11,TO038,YES,00:00,23:59,
2025-10-11,TO109,YES,00:00,23:59,
2025-10-11,TO175,YES,00:00,23:59,
2025-10-11,TO336,YES,00:00,23:59,
2025-10-12,BA203,YES,00:00,23:59,
2025-10-12,DY328,YES,00:00,23:59,
2025-10-12,OH025,YES,00:00,23:59,
2025-10-12,OH082,YES,00:00,23:59,
2025-10-12,OH093,YES,00:00,23:59,
2025-10-12,OH158,YES,00:00,23:59,
2025-10-12,OH182,YES,00:00,23:59,
2025-10-12,RA013,YES,00:00,23:59,
2025-10-12,RA029,YES,00:00,23:59,
2025-10-12,RA073,YES,00:00,23:59,
2025-10-12,RA172,YES,00:00,23:59,
2025-10-12,RA231,YES,00:00,23:59,
2025-10-12,RA238,YES,00:00,23:59,
2025-10-12,RA265,YES,00:00,23:59,
2025-10-12,RA354,YES,00:00,23:59,
2025-10-12,RA385,YES,00:00,23:59,
2025-10-12,RA388,YES,00:00,23:59,
2025-10-12,TA049,YES,00:00,23:59,
2025-10-12,TA150,NO,,,In Use Elsewhere
2025-10-12,TA218,NO,,,Scheduled Maintenance
2025-10-12,TA226,NO,,,Breakdown
2025-10-12,TA275,YES,00:00,23:59,
2025-10-12,TO041,YES,00:00,23:59,
2025-10-12,TO166,NO,,,Breakdown
2025-10-13,DY057,YES,00:00,23:59,
2025-10-13,DY105,NO,,,In Use Elsewhere
2025-10-13,DY135,YES,00:00,23:59,
2025-10-13,DY224,YES,00:00,23:59,
2025-10-13,OH093,NO,,,In Use Elsewhere
2025-10-13,OH254,YES,00:00,23:59,
2025-10-13,RA039,YES,00:00,23:59,
2025-10-13,RA081,NO,,,In Use Elsewhere
2025-10-13,RA286,YES,00:00,23:59,
2025-10-13,RA360,YES,00:00,23:59,
2025-10-13,RA367,NO,,,In Use Elsewhere
2025-10-13,TA108,YES,00:00,23:59,
2025-10-13,TA137,YES,00:00,23:59,
2025-10-13,TO030,NO,,,In Use Elsewhere
2025-10-13,TO260,YES,00:00,23:59,
2025-10-14,BA299,YES,00:00,23:59,
2025-10-14,DY217,YES,00:00,23:59,
2025-10-14,OH253,YES,00:00,23:59,
2025-10-14,OH338,YES,00:00,23:59,
2025-10-14,OH372,NO,,,In Use Elsewhere
2025-10-14,RA156,YES,00:00,23:59,
2025-10-14,RA172,YES,00:00,23:59,
2025-10-14,RA295,NO,,,In Use Elsewhere
2025-10-14,RA340,YES,00:00,23:59,
2025-10-14,RA378,YES,00:00,23:59,
2025-10-14,TA120,YES,00:00,23:59,
2025-10-14,TA264,YES,00:00,23:59,
2025-10-14,TA361,YES,00:00,23:59,
2025-10-14,TO284,YES,00:00,23:59,
2025-10-14,TO317,YES,00:00,23:59,
2025-10-15,BA247,YES,00:00,23:59,
2025-10-15,BA332,YES,00:00,23:59,
2025-10-15,BA383,YES,00:00,23:59,
2025-10-15,BA386,YES,00:00,23:59,
2025-10-15,DY135,NO,,,Breakdown
2025-10-15,DY356,YES,00:00,23:59,
2025-10-15,OH086,YES,00:00,23:59,
2025-10-15,TO123,YES,00:00,23:59,
2025-10-16,BA094,NO,,,Breakdown
2025-10-16,BA126,YES,00:00,23:59,
2025-10-16,BA145,YES,00:00,23:59,
2025-10-16,BA263,YES,00:00,23:59,
2025-10-16,BA332,YES,00:00,23:59,
2025-10-16,BA355,YES,00:00,23:59,
2025-10-16,DY152,YES,00:00,23:59,
2025-10-16,DY161,YES,00:00,23:59,
2025-10-16,OH007,YES,00:00,23:59,
2025-10-16,OH072,YES,00:00,23:59,
2025-10-16,OH176,YES,00:00,23:59,
2025-10-16,OH207,YES,00:00,23:59,
2025-10-16,OH318,YES,00:00,23:59,
2025-10-16,OH368,YES,00:00,23:59,
2025-10-16,RA139,YES,00:00,23:59,
2025-10-16,RA278,YES,00:00,23:59,
2025-10-16,TA075,YES,00:00,23:59,
2025-10-16,TA118,YES,00:00,23:59,
2025-10-16,TA229,YES,00:00,23:59,
2025-10-16,TA264,YES,00:00,23:59,
2025-10-16,TA291,YES,00:00,23:59,
2025-10-16,TA292,YES,00:00,23:59,
2025-10-16,TO146,YES,00:00,23:59,
2025-10-16,TO250,YES,00:00,23:59,
2025-10-16,TO256,YES,00:00,23:59,
2025-10-16,TO335,YES,00:00,23:59,
2025-10-17,BA293,NO,,,In Use Elsewhere
2025-10-17,DY096,NO,,,In Use Elsewhere
2025-10-17,DY201,NO,,,Breakdown
2025-10-17,OH006,YES,00:00,23:59,
2025-10-17,OH076,NO,,,In Use Elsewhere
2025-10-17,OH130,YES,00:00,23:59,
2025-10-17,OH245,YES,00:00,23:59,
2025-10-17,OH333,YES,00:00,23:59,
2025-10-17,RA261,YES,00:00,23:59,
2025-10-17,RA354,YES,00:00,23:59,
2025-10-17,RA363,YES,00:00,23:59,
2025-10-17,TA120,YES,00:00,23:59,
2025-10-17,TA222,NO,,,In Use Elsewhere
2025-10-17,TO106,YES,00:00,23:59,
2025-10-17,TO166,YES,00:00,23:59,
2025-10-17,TO260,NO,,,Scheduled Maintenance
2025-10-19,BA102,YES,00:00,23:59,
2025-10-19,BA170,YES,00:00,23:59,
2025-10-19,BA259,NO,,,Breakdown
2025-10-19,BA383,NO,,,Scheduled Maintenance
2025-10-19,DY070,YES,00:00,23:59,
2025-10-19,DY180,YES,00:00,23:59,
2025-10-19,DY184,YES,00:00,23:59,
2025-10-19,DY236,YES,00:00,23:59,
2025-10-19,DY331,YES,00:00,23:59,
2025-10-19,OH050,YES,00:00,23:59,
2025-10-19,OH083,YES,00:00,23:59,
2025-10-19,OH111,YES,00:00,23:59,
2025-10-19,RA024,YES,00:00,23:59,
2025-10-19,RA073,YES,00:00,23:59,
2025-10-19,RA114,YES,00:00,23:59,
2025-10-19,RA334,YES,00:00,23:59,
2025-10-19,RA387,YES,00:00,23:59,
2025-10-19,TA222,YES,00:00,23:59,
2025-10-19,TO028,YES,00:00,23:59,
2025-10-19,TO100,YES,00:00,23:59,
2025-10-19,TO258,NO,,,Breakdown
2025-10-21,BA064,YES,00:00,23:59,
2025-10-21,BA066,YES,00:00,23:59,
2025-10-21,BA079,YES,00:00,23:59,
2025-10-21,BA144,YES,00:00,23:59,
2025-10-21,BA159,YES,00:00,23:59,
2025-10-21,BA249,YES,00:00,23:59,
2025-10-21,BA342,YES,00:00,23:59,
2025-10-21,DY017,YES,00:00,23:59,
2025-10-21,DY061,NO,,,Scheduled Maintenance
2025-10-21,DY181,YES,00:00,23:59,
2025-10-21,DY217,YES,00:00,23:59,
2025-10-21,DY219,YES,00:00,23:59,
2025-10-21,OH077,YES,00:00,23:59,
2025-10-21,OH158,YES,00:00,23:59,
2025-10-21,OH362,YES,00:00,23:59,
2025-10-21,OH366,YES,00:00,23:59,
2025-10-21,OH372,NO,,,Breakdown
2025-10-21,RA024,YES,00:00,23:59,
2025-10-21,RA085,NO,,,In Use Elsewhere
2025-10-21,RA354,YES,00:00,23:59,
2025-10-21,TA005,YES,00:00,23:59,
2025-10-21,TA108,YES,00:00,23:59,
2025-10-21,TA218,YES,00:00,23:59,
2025-10-21,TA227,YES,00:00,23:59,
2025-10-21,TO193,YES,00:00,23:59,
2025-10-21,TO250,NO,,,Scheduled Maintenance
2025-10-21,TO260,YES,00:00,23:59,
2025-10-21,TO267,YES,00:00,23:59,
2025-10-21,TO350,YES,00:00,23:59,
2025-10-22,BA174,YES,00:00,23:59,
2025-10-22,BA332,YES,00:00,23:59,
2025-10-22,BA342,YES,00:00,23:59,
2025-10-22,BA358,YES,00:00,23:59,
2025-10-22,DY122,YES,00:00,23:59,
2025-10-22,DY219,YES,00:00,23:59,
2025-10-22,DY262,YES,00:00,23:59,
2025-10-22,OH015,YES,00:00,23:59,
2025-10-22,OH083,YES,00:00,23:59,
2025-10-22,OH134,YES,00:00,23:59,
2025-10-22,OH296,YES,00:00,23:59,
2025-10-22,OH343,NO,,,Scheduled Maintenance
2025-10-22,RA011,YES,00:00,23:59,
2025-10-22,RA053,YES,00:00,23:59,
2025-10-22,RA268,YES,00:00,23:59,
2025-10-22,RA290,YES,00:00,23:59,
2025-10-22,RA388,YES,00:00,23:59,
2025-10-22,RA397,YES,00:00,23:59,
2025-10-22,TA049,YES,00:00,23:59,
2025-10-22,TA154,YES,00:00,23:59,
2025-10-22,TA282,YES,00:00,23:59,
2025-10-22,TO129,YES,00:00,23:59,
2025-10-22,TO330,YES,00:00,23:59,
2025-10-23,BA145,YES,00:00,23:59,
2025-10-23,BA314,YES,00:00,23:59,
2025-10-23,DY184,YES,00:00,23:59,
2025-10-23,DY315,YES,00:00,23:59,
2025-10-23,OH173,YES,00:00,23:59,
2025-10-23,OH221,YES,00:00,23:59,
2025-10-23,OH254,YES,00:00,23:59,
2025-10-23,OH301,YES,00:00,23:59,
2025-10-23,RA192,YES,00:00,23:59,
2025-10-23,RA206,YES,00:00,23:59,
2025-10-23,RA307,YES,00:00,23:59,
2025-10-23,RA339,YES,00:00,23:59,
2025-10-23,TA054,YES,00:00,23:59,
2025-10-23,TA148,YES,00:00,23:59,
2025-10-23,TO041,YES,00:00,23:59,
2025-10-23,TO100,YES,00:00,23:59,
2025-10-23,TO272,YES,00:00,23:59,
2025-10-24,BA016,YES,00:00,23:59,
2025-10-24,BA274,YES,00:00,23:59,
2025-10-24,BA358,NO,,,In Use Elsewhere
2025-10-24,DY067,NO,,,In Use Elsewhere
2025-10-24,DY090,NO,,,Breakdown
2025-10-24,DY135,YES,00:00,23:59,
2025-10-24,DY141,YES,00:00,23:59,
2025-10-24,DY181,NO,,,In Use Elsewhere
2025-10-24,DY216,YES,00:00,23:59,
2025-10-24,DY246,YES,00:00,23:59,
2025-10-24,DY315,YES,00:00,23:59,
2025-10-24,DY374,YES,00:00,23:59,
2025-10-24,OH010,YES,00:00,23:59,
2025-10-24,OH082,YES,00:00,23:59,
2025-10-24,OH296,NO,,,Scheduled Maintenance
2025-10-24,OH318,YES,00:00,23:59,
2025-10-24,RA290,YES,00:00,23:59,
2025-10-25,BA095,NO,,,Breakdown
2025-10-25,BA104,YES,00:00,23:59,
2025-10-25,BA174,YES,00:00,23:59,
2025-10-25,BA381,YES,00:00,23:59,
2025-10-25,DY001,NO,,,In Use Elsewhere
2025-10-25,DY216,YES,00:00,23:59,
2025-10-25,DY322,YES,00:00,23:59,
2025-10-25,OH195,YES,00:00,23:59,
2025-10-25,OH362,YES,00:00,23:59,
2025-10-25,RA192,YES,00:00,23:59,
2025-10-25,RA265,YES,00:00,23:59,
2025-10-25,RA276,YES,00:00,23:59,
2025-10-25,TA225,YES,00:00,23:59,
2025-10-25,TO033,YES,00:00,23:59,
2025-10-25,TO101,YES,00:00,23:59,
2025-10-25,TO123,NO,,,Scheduled Maintenance
2025-10-25,TO228,YES,00:00,23:59,
2025-10-25,TO335,NO,,,In Use Elsewhere
2025-10-27,BA128,YES,00:00,23:59,
2025-10-27,BA151,YES,00:00,23:59,
2025-10-27,BA332,YES,00:00,23:59,
2025-10-27,DY096,YES,00:00,23:59,
2025-10-27,DY180,YES,00:00,23:59,
2025-10-27,DY224,YES,00:00,23:59,
2025-10-27,DY328,YES,00:00,23:59,
2025-10-27,DY345,YES,00:00,23:59,
2025-10-27,OH015,NO,,,Breakdown
2025-10-27,OH077,YES,00:00,23:59,
2025-10-27,OH142,YES,00:00,23:59,
2025-10-27,OH213,YES,00:00,23:59,
2025-10-27,OH338,YES,00:00,23:59,
2025-10-27,RA031,YES,00:00,23:59,
2025-10-27,RA162,YES,00:00,23:59,
2025-10-27,RA168,YES,00:00,23:59,
2025-10-27,RA231,YES,00:00,23:59,
2025-10-27,RA329,YES,00:00,23:59,
2025-10-27,RA340,YES,00:00,23:59,
2025-10-27,TA140,YES,00:00,23:59,
2025-10-27,TA220,NO,,,Scheduled Maintenance
2025-10-27,TA275,YES,00:00,23:59,
2025-10-27,TA283,YES,00:00,23:59,
2025-10-27,TA302,NO,,,In Use Elsewhere
2025-10-27,TO129,YES,00:00,23:59,
2025-10-27,TO305,YES,00:00,23:59,
2025-10-28,DY017,YES,00:00,23:59,
2025-10-28,DY141,YES,00:00,23:59,
2025-10-28,OH050,YES,00:00,23:59,
2025-10-28,OH076,YES,00:00,23:59,
2025-10-28,OH254,YES,00:00,23:59,
2025-10-28,OH343,YES,00:00,23:59,
2025-10-28,OH359,YES,00:00,23:59,
2025-10-28,RA081,YES,00:00,23:59,
2025-10-28,RA163,YES,00:00,23:59,
2025-10-28,RA240,YES,00:00,23:59,
2025-10-28,RA329,YES,00:00,23:59,
2025-10-28,TO256,YES,00:00,23:59,
2025-10-31,DY045,YES,00:00,23:59,
2025-10-31,DY181,NO,,,Scheduled Maintenance
2025-10-31,DY328,YES,00:00,23:59,
2025-10-31,DY389,YES,00:00,23:59,
2025-10-31,OH010,YES,00:00,23:59,
2025-10-31,RA029,YES,00:00,23:59,
2025-10-31,RA035,YES,00:00,23:59,
2025-10-31,RA053,NO,,,Breakdown
2025-10-31,RA177,YES,00:00,23:59,
2025-10-31,RA192,NO,,,Scheduled Maintenance
2025-10-31,RA252,YES,00:00,23:59,
2025-10-31,RA276,YES,00:00,23:59,
2025-10-31,RA307,YES,00:00,23:59,
2025-10-31,TA165,YES,00:00,23:59,
2025-10-31,TA215,YES,00:00,23:59,
2025-10-31,TO038,NO,,,Breakdown
2025-10-31,TO044,YES,00:00,23:59,
2025-10-31,TO100,YES,00:00,23:59,
2025-10-31,TO258,NO,,,Breakdown
2025-10-31,TO330,YES,00:00,23:59,
2025-11-02,BA079,YES,00:00,23:59,
2025-11-02,BA128,NO,,,Scheduled Maintenance
2025-11-02,DY012,YES,00:00,23:59,
2025-11-02,DY040,YES,00:00,23:59,
2025-11-02,DY167,YES,00:00,23:59,
2025-11-02,DY169,YES,00:00,23:59,
2025-11-02,OH318,NO,,,In Use Elsewhere
2025-11-02,RA035,YES,00:00,23:59,
2025-11-02,RA081,YES,00:00,23:59,
2025-11-02,RA136,YES,00:00,23:59,
2025-11-02,RA172,YES,00:00,23:59,
2025-11-02,RA240,YES,00:00,23:59,
2025-11-02,RA378,YES,00:00,23:59,
2025-11-02,TA063,NO,,,Breakdown
2025-11-02,TA118,YES,00:00,23:59,
2025-11-02,TA171,YES,00:00,23:59,
2025-11-02,TO002,NO,,,Scheduled Maintenance
2025-11-02,TO020,YES,00:00,23:59,
2025-11-03,BA066,YES,00:00,23:59,
2025-11-03,BA188,YES,00:00,23:59,
2025-11-03,BA247,YES,00:00,23:59,
2025-11-03,BA249,YES,00:00,23:59,
2025-11-03,DY251,NO,,,In Use Elsewhere
2025-11-03,OH006,YES,00:00,23:59,
2025-11-03,OH046,YES,00:00,23:59,
2025-11-03,OH142,YES,00:00,23:59,
2025-11-03,OH270,YES,00:00,23:59,
2025-11-03,OH298,YES,00:00,23:59,
2025-11-03,OH366,YES,00:00,23:59,
2025-11-03,RA029,YES,00:00,23:59,
2025-11-03,RA039,YES,00:00,23:59,
2025-11-03,RA062,YES,00:00,23:59,
2025-11-03,RA200,YES,00:00,23:59,
2025-11-03,RA210,YES,00:00,23:59,
2025-11-03,RA295,NO,,,Breakdown
2025-11-03,TA049,YES,00:00,23:59,
2025-11-03,TA065,YES,00:00,23:59,
2025-11-03,TA289,YES,00:00,23:59,
2025-11-03,TA394,NO,,,In Use Elsewhere
2025-11-03,TO038,NO,,,Scheduled Maintenance
2025-11-03,TO041,YES,00:00,23:59,
2025-11-03,TO109,NO,,,In Use Elsewhere
2025-11-05,BA022,YES,00:00,23:59,
2025-11-05,BA153,YES,00:00,23:59,
2025-11-05,DY018,YES,00:00,23:59,
2025-11-05,DY055,NO,,,Breakdown
2025-11-05,DY061,YES,00:00,23:59,
2025-11-05,DY096,YES,00:00,23:59,
2025-11-05,DY181,YES,00:00,23:59,
2025-11-05,DY232,YES,00:00,23:59,
2025-11-05,DY246,YES,00:00,23:59,
2025-11-05,DY315,YES,00:00,23:59,
2025-11-05,OH023,YES,00:00,23:59,
2025-11-05,OH083,YES,00:00,23:59,
2025-11-05,OH088,YES,00:00,23:59,
2025-11-05,OH294,YES,00:00,23:59,
2025-11-05,OH313,YES,00:00,23:59,
2025-11-05,OH338,YES,00:00,23:59,
2025-11-05,RA156,NO,,,In Use Elsewhere
2025-11-05,RA192,YES,00:00,23:59,
2025-11-05,TA065,YES,00:00,23:59,
2025-11-05,TA283,YES,00:00,23:59,
2025-11-05,TO149,YES,00:00,23:59,
2025-11-05,TO267,YES,00:00,23:59,
2025-11-05,TO272,YES,00:00,23:59,
2025-11-06,BA126,YES,00:00,23:59,
2025-11-06,BA342,YES,00:00,23:59,
2025-11-06,DY060,YES,00:00,23:59,
2025-11-06,DY133,YES,00:00,23:59,
2025-11-06,DY169,YES,00:00,23:59,
2025-11-06,DY180,YES,00:00,23:59,
2025-11-06,DY236,YES,00:00,23:59,
2025-11-06,DY392,YES,00:00,23:59,
2025-11-06,OH071,YES,00:00,23:59,
2025-11-06,OH076,YES,00:00,23:59,
2025-11-06,RA051,NO,,,Breakdown
2025-11-06,RA119,YES,00:00,23:59,
2025-11-06,RA252,YES,00:00,23:59,
2025-11-06,RA268,NO,,,Breakdown
2025-11-06,RA337,YES,00:00,23:59,
2025-11-06,TA054,YES,00:00,23:59,
2025-11-06,TA291,YES,00:00,23:59,
2025-11-06,TO187,YES,00:00,23:59,
2025-11-07,DY017,YES,00:00,23:59,
2025-11-07,DY124,YES,00:00,23:59,
2025-11-07,DY133,YES,00:00,23:59,
2025-11-07,DY138,NO,,,Scheduled Maintenance
2025-11-07,DY167,YES,00:00,23:59,
2025-11-07,DY232,YES,00:00,23:59,
2025-11-07,DY246,NO,,,In Use Elsewhere
2025-11-07,OH083,YES,00:00,23:59,
2025-11-07,RA029,YES,00:00,23:59,
2025-11-07,RA043,YES,00:00,23:59,
2025-11-07,RA053,YES,00:00,23:59,
2025-11-07,RA087,YES,00:00,23:59,
2025-11-07,RA334,NO,,,In Use Elsewhere
2025-11-07,TA074,NO,,,Breakdown
2025-11-07,TA282,YES,00:00,23:59,
2025-11-07,TA292,YES,00:00,23:59,
2025-11-09,BA084,YES,00:00,23:59,
2025-11-09,BA126,NO,,,In Use Elsewhere
2025-11-09,BA358,YES,00:00,23:59,
2025-11-09,DY057,YES,00:00,23:59,
2025-11-09,DY124,YES,00:00,23:59,
2025-11-09,DY141,YES,00:00,23:59,
2025-11-09,DY217,YES,00:00,23:59,
2025-11-09,DY262,YES,00:00,23:59,
2025-11-09,DY398,YES,00:00,23:59,
2025-11-09,OH015,NO,,,In Use Elsewhere
2025-11-09,OH176,YES,00:00,23:59,
2025-11-09,OH357,YES,00:00,23:59,
2025-11-09,OH368,YES,00:00,23:59,
2025-11-09,OH390,YES,00:00,23:59,
2025-11-09,RA156,YES,00:00,23:59,
2025-11-09,RA163,YES,00:00,23:59,
2025-11-09,RA375,YES,00:00,23:59,
2025-11-09,TA068,YES,00:00,23:59,
2025-11-09,TA147,YES,00:00,23:59,
2025-11-09,TO149,YES,00:00,23:59,
2025-11-09,TO243,YES,00:00,23:59,
2025-11-09,TO257,YES,00:00,23:59,
2025-11-09,TO305,YES,00:00,23:59,
2025-11-09,TO326,YES,00:00,23:59,
2025-11-09,TO330,YES,00:00,23:59,
2025-11-11,BA117,YES,00:00,23:59,
2025-11-11,BA349,YES,00:00,23:59,
2025-11-11,DY060,YES,00:00,23:59,
2025-11-11,DY319,YES,00:00,23:59,
2025-11-11,OH183,YES,00:00,23:59,
2025-11-11,OH347,YES,00:00,23:59,
2025-11-11,OH384,YES,00:00,23:59,
2025-11-11,RA008,YES,00:00,23:59,
2025-11-11,RA081,YES,00:00,23:59,
2025-11-11,RA136,YES,00:00,23:59,
2025-11-11,RA234,YES,00:00,23:59,
2025-11-11,RA276,NO,,,In Use Elsewhere
2025-11-11,RA363,NO,,,Scheduled Maintenance
2025-11-11,TA036,YES,00:00,23:59,
2025-11-11,TA205,YES,00:00,23:59,
2025-11-11,TA225,YES,00:00,23:59,
2025-11-11,TA285,YES,00:00,23:59,
2025-11-11,TO287,NO,,,Scheduled Maintenance
2025-11-11,TO351,NO,,,Breakdown
2025-11-12,BA084,NO,,,Scheduled Maintenance
2025-11-12,BA247,YES,00:00,23:59,
2025-11-12,BA358,YES,00:00,23:59,
2025-11-12,DY248,YES,00:00,23:59,
2025-11-12,DY319,NO,,,Breakdown
2025-11-12,OH052,YES,00:00,23:59,
2025-11-12,OH072,YES,00:00,23:59,
2025-11-12,OH086,YES,00:00,23:59,
2025-11-12,OH093,YES,00:00,23:59,
2025-11-12,OH298,YES,00:00,23:59,
2025-11-12,OH311,YES,00:00,23:59,
2025-11-12,OH312,YES,00:00,23:59,
2025-11-12,OH366,YES,00:00,23:59,
2025-11-12,RA043,YES,00:00,23:59,
2025-11-12,RA234,YES,00:00,23:59,
2025-11-12,RA241,YES,00:00,23:59,
2025-11-12,RA306,YES,00:00,23:59,
2025-11-12,RA308,YES,00:00,23:59,
2025-11-12,TA049,YES,00:00,23:59,
2025-11-12,TA218,NO,,,Breakdown
2025-11-12,TA222,NO,,,In Use Elsewhere
2025-11-12,TO021,YES,00:00,23:59,
2025-11-12,TO202,YES,00:00,23:59,
2025-11-12,TO272,YES,00:00,23:59,
2025-11-12,TO305,YES,00:00,23:59,
2025-11-13,BA274,YES,00:00,23:59,
2025-11-13,BA300,YES,00:00,23:59,
2025-11-13,DY143,YES,00:00,23:59,
2025-11-13,OH007,YES,00:00,23:59,
2025-11-13,OH046,YES,00:00,23:59,
2025-11-13,OH111,YES,00:00,23:59,
2025-11-13,OH313,NO,,,In Use Elsewhere
2025-11-13,OH395,YES,00:00,23:59,
2025-11-13,RA114,YES,00:00,23:59,
2025-11-13,RA162,YES,00:00,23:59,
2025-11-13,RA190,YES,00:00,23:59,
2025-11-13,RA206,YES,00:00,23:59,
2025-11-13,RA376,YES,00:00,23:59,
2025-11-13,TA280,NO,,,In Use Elsewhere
2025-11-13,TO364,YES,00:00,23:59,
2025-11-14,BA355,YES,00:00,23:59,
2025-11-14,DY014,YES,00:00,23:59,
2025-11-14,DY121,YES,00:00,23:59,
2025-11-14,OH023,YES,00:00,23:59,
2025-11-14,OH362,NO,,,In Use Elsewhere
2025-11-14,RA198,YES,00:00,23:59,
2025-11-14,RA241,YES,00:00,23:59,
2025-11-14,RA268,YES,00:00,23:59,
2025-11-14,RA378,NO,,,Breakdown
2025-11-14,RA397,YES,00:00,23:59,
2025-11-14,TA074,YES,00:00,23:59,
2025-11-14,TA229,YES,00:00,23:59,
2025-11-14,TO335,YES,00:00,23:59,
2025-11-15,BA058,NO,,,In Use Elsewhere
2025-11-15,BA151,YES,00:00,23:59,
2025-11-15,BA314,YES,00:00,23:59,
2025-11-15,BA332,YES,00:00,23:59,
2025-11-15,BA349,YES,00:00,23:59,
2025-11-15,DY061,NO,,,Breakdown
2025-11-15,DY070,NO,,,In Use Elsewhere
2025-11-15,DY135,YES,00:00,23:59,
2025-11-15,DY194,YES,00:00,23:59,
2025-11-15,DY262,YES,00:00,23:59,
2025-11-15,OH207,YES,00:00,23:59,
2025-11-15,OH294,YES,00:00,23:59,
2025-11-15,RA210,YES,00:00,23:59,
2025-11-15,RA278,YES,00:00,23:59,
2025-11-15,RA286,YES,00:00,23:59,
2025-11-15,RA334,NO,,,Breakdown
2025-11-15,TA027,YES,00:00,23:59,
2025-11-15,TA147,NO,,,In Use Elsewhere
2025-11-15,TA154,YES,00:00,23:59,
2025-11-15,TA282,YES,00:00,23:59,
2025-11-15,TA361,YES,00:00,23:59,
2025-11-15,TO044,YES,00:00,23:59,
2025-11-15,TO272,YES,00:00,23:59,
2025-11-16,DY133,YES,00:00,23:59,
2025-11-16,DY319,YES,00:00,23:59,
2025-11-16,DY356,YES,00:00,23:59,
2025-11-16,DY398,YES,00:00,23:59,
2025-11-16,OH023,YES,00:00,23:59,
2025-11-16,OH082,NO,,,Breakdown
2025-11-16,OH130,YES,00:00,23:59,
2025-11-16,OH142,NO,,,In Use Elsewhere
2025-11-16,OH214,YES,00:00,23:59,
2025-11-16,RA265,YES,00:00,23:59,
2025-11-16,RA337,YES,00:00,23:59,
2025-11-16,TA027,YES,00:00,23:59,
2025-11-16,TA065,YES,00:00,23:59,
2025-11-16,TA325,NO,,,Scheduled Maintenance
2025-11-16,TO041,NO,,,Breakdown
2025-11-17,BA022,YES,00:00,23:59,
2025-11-17,BA110,YES,00:00,23:59,
2025-11-17,BA159,YES,00:00,23:59,
2025-11-17,BA185,YES,00:00,23:59,
2025-11-17,BA259,YES,00:00,23:59,
2025-11-17,DY004,YES,00:00,23:59,
2025-11-17,DY138,YES,00:00,23:59,
2025-11-17,DY279,YES,00:00,23:59,
2025-11-17,OH006,YES,00:00,23:59,
2025-11-17,OH050,YES,00:00,23:59,
2025-11-17,OH134,NO,,,Scheduled Maintenance
2025-11-17,OH160,YES,00:00,23:59,
2025-11-17,OH245,NO,,,In Use Elsewhere
2025-11-17,OH311,YES,00:00,23:59,
2025-11-17,OH333,YES,00:00,23:59,
2025-11-17,OH362,NO,,,Breakdown
2025-11-17,RA200,YES,00:00,23:59,
2025-11-17,RA373,YES,00:00,23:59,
2025-11-17,TA065,NO,,,Scheduled Maintenance
2025-11-17,TA098,NO,,,In Use Elsewhere
2025-11-17,TA099,NO,,,In Use Elsewhere
2025-11-17,TO009,NO,,,In Use Elsewhere
2025-11-17,TO223,YES,00:00,23:59,
2025-11-17,TO250,YES,00:00,23:59,
2025-11-18,BA247,NO,,,Scheduled Maintenance
2025-11-18,DY236,YES,00:00,23:59,
2025-11-18,DY251,YES,00:00,23:59,
2025-11-18,DY345,YES,00:00,23:59,
2025-11-18,OH086,YES,00:00,23:59,
2025-11-18,OH093,YES,00:00,23:59,
2025-11-18,OH134,YES,00:00,23:59,
2025-11-18,OH197,YES,00:00,23:59,
2025-11-18,OH338,YES,00:00,23:59,
2025-11-18,OH352,YES,00:00,23:59,
2025-11-18,OH366,YES,00:00,23:59,
2025-11-18,RA190,YES,00:00,23:59,
2025-11-18,TA099,YES,00:00,23:59,
2025-11-18,TO038,YES,00:00,23:59,
2025-11-18,TO258,YES,00:00,23:59,
2025-11-19,DY091,NO,,,Scheduled Maintenance
2025-11-19,DY157,NO,,,Scheduled Maintenance
2025-11-19,OH130,YES,00:00,23:59,
2025-11-19,OH221,YES,00:00,23:59,
2025-11-19,OH313,YES,00:00,23:59,
2025-11-19,RA172,YES,00:00,23:59,
2025-11-19,RA290,YES,00:00,23:59,
2025-11-19,RA306,YES,00:00,23:59,
2025-11-19,RA320,YES,00:00,23:59,
2025-11-19,RA373,YES,00:00,23:59,
2025-11-19,TA027,YES,00:00,23:59,
2025-11-19,TA054,YES,00:00,23:59,
2025-11-19,TA089,YES,00:00,23:59,
2025-11-19,TA199,YES,00:00,23:59,
2025-11-19,TA211,NO,,,Breakdown
2025-11-19,TA212,YES,00:00,23:59,
2025-11-19,TA218,YES,00:00,23:59,
2025-11-19,TA280,YES,00:00,23:59,
2025-11-19,TA291,YES,00:00,23:59,
2025-11-19,TA292,YES,00:00,23:59,
2025-11-19,TO202,YES,00:00,23:59,
2025-11-19,TO256,NO,,,Scheduled Maintenance
2025-11-19,TO272,YES,00:00,23:59,
2025-11-20,BA058,YES,00:00,23:59,
2025-11-20,BA104,YES,00:00,23:59,
2025-11-20,BA381,NO,,,Breakdown
2025-11-20,DY096,YES,00:00,23:59,
2025-11-20,DY178,YES,00:00,23:59,
2025-11-20,OH271,YES,00:00,23:59,
2025-11-20,OH338,YES,00:00,23:59,
2025-11-20,OH347,YES,00:00,23:59,
2025-11-20,OH352,YES,00:00,23:59,
2025-11-20,OH362,NO,,,In Use Elsewhere
2025-11-20,RA008,YES,00:00,23:59,
2025-11-20,RA035,YES,00:00,23:59,
2025-11-20,RA278,YES,00:00,23:59,
2025-11-20,RA373,YES,00:00,23:59,
2025-11-20,RA376,YES,00:00,23:59,
2025-11-20,TA003,YES,00:00,23:59,
2025-11-20,TA065,YES,00:00,23:59,
2025-11-20,TA118,YES,00:00,23:59,
2025-11-20,TA120,YES,00:00,23:59,
2025-11-20,TA212,YES,00:00,23:59,
2025-11-20,TO223,YES,00:00,23:59,
2025-11-20,TO250,YES,00:00,23:59,
2025-11-21,BA066,YES,00:00,23:59,
2025-11-21,BA094,YES,00:00,23:59,
2025-11-21,BA188,YES,00:00,23:59,
2025-11-21,BA203,NO,,,Breakdown
2025-11-21,BA208,NO,,,Breakdown
2025-11-21,BA300,YES,00:00,23:59,
2025-11-21,DY004,YES,00:00,23:59,
2025-11-21,DY196,YES,00:00,23:59,
2025-11-21,OH301,YES,00:00,23:59,
2025-11-21,OH333,YES,00:00,23:59,
2025-11-21,RA035,YES,00:00,23:59,
2025-11-21,RA265,NO,,,Scheduled Maintenance
2025-11-21,RA295,YES,00:00,23:59,
2025-11-21,TA027,YES,00:00,23:59,
2025-11-21,TO146,YES,00:00,23:59,
2025-11-21,TO250,YES,00:00,23:59,
2025-11-21,TO350,YES,00:00,23:59,
2025-11-22,BA151,YES,00:00,23:59,
2025-11-22,BA386,YES,00:00,23:59,
2025-11-22,DY018,YES,00:00,23:59,
2025-11-22,DY141,YES,00:00,23:59,
2025-11-22,DY143,YES,00:00,23:59,
2025-11-22,DY236,YES,00:00,23:59,
2025-11-22,DY244,YES,00:00,23:59,
2025-11-22,DY322,NO,,,In Use Elsewhere
2025-11-22,OH189,YES,00:00,23:59,
2025-11-22,OH338,YES,00:00,23:59,
2025-11-22,OH368,YES,00:00,23:59,
2025-11-22,RA119,NO,,,Scheduled Maintenance
2025-11-22,RA286,YES,00:00,23:59,
2025-11-22,RA307,YES,00:00,23:59,
2025-11-22,RA360,YES,00:00,23:59,
2025-11-22,TA065,YES,00:00,23:59,
2025-11-22,TA269,YES,00:00,23:59,
2025-11-22,TO166,YES,00:00,23:59,
2025-11-22,TO256,YES,00:00,23:59,
2025-11-22,TO317,YES,00:00,23:59,
2025-11-22,TO326,YES,00:00,23:59,
2025-11-24,BA113,YES,00:00,23:59,
2025-11-24,BA186,YES,00:00,23:59,
2025-11-24,BA393,YES,00:00,23:59,
2025-11-24,DY090,YES,00:00,23:59,
2025-11-24,DY143,YES,00:00,23:59,
2025-11-24,DY180,YES,00:00,23:59,
2025-11-24,OH007,YES,00:00,23:59,
2025-11-24,OH025,NO,,,Scheduled Maintenance
2025-11-24,OH083,YES,00:00,23:59,
2025-11-24,RA162,YES,00:00,23:59,
2025-11-24,RA190,YES,00:00,23:59,
2025-11-24,TA394,YES,00:00,23:59,
2025-11-24,TO030,YES,00:00,23:59,
2025-11-24,TO032,YES,00:00,23:59,
2025-11-24,TO033,YES,00:00,23:59,
2025-11-24,TO112,NO,,,Breakdown
2025-11-25,BA314,YES,00:00,23:59,
2025-11-25,BA349,YES,00:00,23:59,
2025-11-25,BA386,YES,00:00,23:59,
2025-11-25,DY237,YES,00:00,23:59,
2025-11-25,DY345,YES,00:00,23:59,
2025-11-25,DY392,YES,00:00,23:59,
2025-11-25,OH023,NO,,,Breakdown
2025-11-25,OH294,YES,00:00,23:59,
2025-11-25,OH313,YES,00:00,23:59,
2025-11-25,RA116,YES,00:00,23:59,
2025-11-25,RA172,YES,00:00,23:59,
2025-11-25,RA204,YES,00:00,23:59,
2025-11-25,RA241,YES,00:00,23:59,
2025-11-25,RA306,YES,00:00,23:59,
2025-11-25,RA370,YES,00:00,23:59,
2025-11-25,TA036,YES,00:00,23:59,
2025-11-25,TA227,YES,00:00,23:59,
2025-11-25,TA289,YES,00:00,23:59,
2025-11-25,TA361,YES,00:00,23:59,
2025-11-25,TO305,YES,00:00,23:59,
2025-11-25,TO351,YES,00:00,23:59,
2025-11-26,BA064,YES,00:00,23:59,
2025-11-26,BA102,YES,00:00,23:59,
2025-11-26,BA117,YES,00:00,23:59,
2025-11-26,BA242,YES,00:00,23:59,
2025-11-26,BA249,YES,00:00,23:59,
2025-11-26,BA266,YES,00:00,23:59,
2025-11-26,DY281,YES,00:00,23:59,
2025-11-26,DY369,NO,,,Scheduled Maintenance
2025-11-26,OH213,YES,00:00,23:59,
2025-11-26,OH333,YES,00:00,23:59,
2025-11-26,OH382,YES,00:00,23:59,
2025-11-26,RA011,YES,00:00,23:59,
2025-11-26,RA119,YES,00:00,23:59,
2025-11-26,RA340,NO,,,Scheduled Maintenance
2025-11-26,TA005,YES,00:00,23:59,
2025-11-26,TA165,NO,,,Scheduled Maintenance
2025-11-26,TA199,YES,00:00,23:59,
2025-11-26,TO038,YES,00:00,23:59,
2025-11-26,TO257,YES,00:00,23:59,
2025-11-27,BA297,YES,00:00,23:59,
2025-11-27,DY124,YES,00:00,23:59,
2025-11-27,DY132,YES,00:00,23:59,
2025-11-27,DY138,YES,00:00,23:59,
2025-11-27,DY236,YES,00:00,23:59,
2025-11-27,DY392,YES,00:00,23:59,
2025-11-27,OH158,YES,00:00,23:59,
2025-11-27,OH352,NO,,,Scheduled Maintenance
2025-11-27,OH365,YES,00:00,23:59,
2025-11-27,RA013,NO,,,Breakdown
2025-11-27,RA198,YES,00:00,23:59,
2025-11-27,RA240,YES,00:00,23:59,
2025-11-27,TA218,YES,00:00,23:59,
2025-11-27,TA233,YES,00:00,23:59,
2025-11-27,TA291,YES,00:00,23:59,
2025-11-27,TO175,YES,00:00,23:59,
2025-11-28,BA153,YES,00:00,23:59,
2025-11-28,BA249,YES,00:00,23:59,
2025-11-28,BA304,YES,00:00,23:59,
2025-11-28,DY018,YES,00:00,23:59,
2025-11-28,DY090,YES,00:00,23:59,
2025-11-28,DY196,YES,00:00,23:59,
2025-11-28,DY328,YES,00:00,23:59,
2025-11-28,DY353,YES,00:00,23:59,
2025-11-28,RA119,YES,00:00,23:59,
2025-11-28,RA155,YES,00:00,23:59,
2025-11-28,RA290,YES,00:00,23:59,
2025-11-28,RA329,YES,00:00,23:59,
2025-11-28,RA373,YES,00:00,23:59,
2025-11-28,TA148,YES,00:00,23:59,
2025-11-28,TA150,YES,00:00,23:59,
2025-11-28,TA229,NO,,,In Use Elsewhere
2025-11-28,TA285,YES,00:00,23:59,
2025-11-28,TO123,YES,00:00,23:59,
2025-11-29,BA042,YES,00:00,23:59,
2025-11-29,BA104,YES,00:00,23:59,
2025-11-29,BA110,NO,,,Scheduled Maintenance
2025-11-29,BA128,YES,00:00,23:59,
2025-11-29,DY061,NO,,,In Use Elsewhere
2025-11-29,DY105,YES,00:00,23:59,
2025-11-29,DY161,YES,00:00,23:59,
2025-11-29,DY181,YES,00:00,23:59,
2025-11-29,DY281,YES,00:00,23:59,
2025-11-29,DY331,YES,00:00,23:59,
2025-11-29,DY356,YES,00:00,23:59,
2025-11-29,DY369,YES,00:00,23:59,
2025-11-29,DY392,YES,00:00,23:59,
2025-11-29,OH207,NO,,,Breakdown
2025-11-29,OH318,YES,00:00,23:59,
2025-11-29,OH372,YES,00:00,23:59,
2025-11-29,RA011,YES,00:00,23:59,
2025-11-29,RA087,YES,00:00,23:59,
2025-11-29,RA339,YES,00:00,23:59,
2025-11-29,TA282,YES,00:00,23:59,
2025-11-29,TO284,YES,00:00,23:59,
2025-11-30,BA110,NO,,,In Use Elsewhere
2025-11-30,BA297,YES,00:00,23:59,
2025-11-30,BA314,NO,,,Breakdown
2025-11-30,DY181,YES,00:00,23:59,
2025-11-30,DY194,YES,00:00,23:59,
2025-11-30,DY216,YES,00:00,23:59,
2025-11-30,DY281,YES,00:00,23:59,
2025-11-30,DY399,YES,00:00,23:59,
2025-11-30,OH076,YES,00:00,23:59,
2025-11-30,OH077,YES,00:00,23:59,
2025-11-30,OH270,YES,00:00,23:59,
2025-11-30,OH271,YES,00:00,23:59,
2025-11-30,OH311,NO,,,Scheduled Maintenance
2025-11-30,RA013,YES,00:00,23:59,
2025-11-30,RA037,YES,00:00,23:59,
2025-11-30,RA198,NO,,,Breakdown
2025-11-30,TA036,YES,00:00,23:59,
2025-11-30,TA074,NO,,,Breakdown
2025-11-30,TO326,NO,,,Breakdown
2025-12-01,BA117,NO,,,In Use Elsewhere
2025-12-01,BA185,YES,00:00,23:59,
2025-12-01,BA297,YES,00:00,23:59,
2025-12-01,DY135,YES,00:00,23:59,
2025-12-01,DY141,YES,00:00,23:59,
2025-12-01,DY315,YES,00:00,23:59,
2025-12-01,OH026,YES,00:00,23:59,
2025-12-01,OH103,YES,00:00,23:59,
2025-12-01,OH134,YES,00:00,23:59,
2025-12-01,OH312,YES,00:00,23:59,
2025-12-01,OH357,YES,00:00,23:59,
2025-12-01,RA116,YES,00:00,23:59,
2025-12-01,RA163,YES,00:00,23:59,
2025-12-01,RA168,YES,00:00,23:59,
2025-12-01,RA231,YES,00:00,23:59,
2025-12-01,RA265,NO,,,In Use Elsewhere
2025-12-01,RA320,YES,00:00,23:59,
2025-12-01,RA376,YES,00:00,23:59,
2025-12-01,RA378,YES,00:00,23:59,
2025-12-01,TA107,YES,00:00,23:59,
2025-12-01,TA212,YES,00:00,23:59,
2025-12-01,TO149,YES,00:00,23:59,
2025-12-02,BA084,YES,00:00,23:59,
2025-12-02,BA128,YES,00:00,23:59,
2025-12-02,BA151,YES,00:00,23:59,
2025-12-02,BA209,YES,00:00,23:59,
2025-12-02,DY014,YES,00:00,23:59,
2025-12-02,DY018,YES,00:00,23:59,
2025-12-02,DY124,NO,,,Breakdown
2025-12-02,DY138,YES,00:00,23:59,
2025-12-02,DY246,YES,00:00,23:59,
2025-12-02,OH025,YES,00:00,23:59,
2025-12-02,OH125,YES,00:00,23:59,
2025-12-02,OH173,YES,00:00,23:59,
2025-12-02,OH311,YES,00:00,23:59,
2025-12-02,OH357,YES,00:00,23:59,
2025-12-02,OH390,NO,,,In Use Elsewhere
2025-12-02,RA031,NO,,,In Use Elsewhere
2025-12-02,RA306,NO,,,Scheduled Maintenance
2025-12-02,RA370,YES,00:00,23:59,
2025-12-02,TA049,YES,00:00,23:59,
2025-12-02,TA074,YES,00:00,23:59,
2025-12-02,TA107,YES,00:00,23:59,
2025-12-02,TA118,NO,,,Breakdown
2025-12-02,TA137,YES,00:00,23:59,
2025-12-04,BA117,YES,00:00,23:59,
2025-12-04,BA304,YES,00:00,23:59,
2025-12-04,DY105,YES,00:00,23:59,
2025-12-04,DY328,YES,00:00,23:59,
2025-12-04,OH182,YES,00:00,23:59,
2025-12-04,OH239,YES,00:00,23:59,
2025-12-04,OH270,YES,00:00,23:59,
2025-12-04,OH311,NO,,,Scheduled Maintenance
2025-12-04,RA204,YES,00:00,23:59,
2025-12-04,RA240,NO,,,Breakdown
2025-12-04,RA268,NO,,,Breakdown
2025-12-04,RA276,YES,00:00,23:59,
2025-12-04,RA295,YES,00:00,23:59,
2025-12-04,RA308,YES,00:00,23:59,
2025-12-04,TO041,NO,,,Breakdown
2025-12-05,BA102,YES,00:00,23:59,
2025-12-05,BA117,YES,00:00,23:59,
2025-12-05,DY232,YES,00:00,23:59,
2025-12-05,DY262,YES,00:00,23:59,
2025-12-05,DY392,YES,00:00,23:59,
2025-12-05,OH086,NO,,,Breakdown
2025-12-05,OH213,NO,,,Scheduled Maintenance
2025-12-05,OH301,YES,00:00,23:59,
2025-12-05,OH318,YES,00:00,23:59,
2025-12-05,RA062,YES,00:00,23:59,
2025-12-05,RA087,NO,,,Scheduled Maintenance
2025-12-05,RA190,NO,,,Breakdown
2025-12-05,RA308,YES,00:00,23:59,
2025-12-05,RA337,YES,00:00,23:59,
2025-12-05,TA034,YES,00:00,23:59,
2025-12-05,TA099,YES,00:00,23:59,
2025-12-05,TA226,YES,00:00,23:59,
2025-12-06,BA159,YES,00:00,23:59,
2025-12-06,DY040,YES,00:00,23:59,
2025-12-06,DY248,NO,,,Breakdown
2025-12-06,DY251,YES,00:00,23:59,
2025-12-06,DY262,YES,00:00,23:59,
2025-12-06,DY345,YES,00:00,23:59,
2025-12-06,OH077,YES,00:00,23:59,
2025-12-06,OH082,YES,00:00,23:59,
2025-12-06,OH214,YES,00:00,23:59,
2025-12-06,OH298,YES,00:00,23:59,
2025-12-06,RA037,YES,00:00,23:59,
2025-12-06,RA198,NO,,,In Use Elsewhere
2025-12-06,RA276,YES,00:00,23:59,
2025-12-06,RA334,YES,00:00,23:59,
2025-12-06,TA075,YES,00:00,23:59,
2025-12-06,TA089,YES,00:00,23:59,
2025-12-06,TA108,YES,00:00,23:59,
2025-12-06,TA120,YES,00:00,23:59,
2025-12-06,TA361,YES,00:00,23:59,
2025-12-06,TO202,YES,00:00,23:59,
2025-12-07,BA314,YES,00:00,23:59,
2025-12-07,BA344,YES,00:00,23:59,
2025-12-07,DY090,YES,00:00,23:59,
2025-12-07,DY091,YES,00:00,23:59,
2025-12-07,OH111,NO,,,In Use Elsewhere
2025-12-07,OH384,YES,00:00,23:59,
2025-12-07,RA190,YES,00:00,23:59,
2025-12-07,RA238,NO,,,Scheduled Maintenance
2025-12-07,TA150,NO,,,Scheduled Maintenance
2025-12-07,TA154,NO,,,In Use Elsewhere
2025-12-07,TA220,YES,00:00,23:59,
2025-12-07,TA264,NO,,,Scheduled Maintenance
2025-12-07,TA275,YES,00:00,23:59,
2025-12-07,TO187,YES,00:00,23:59,
2025-12-07,TO250,YES,00:00,23:59,
2025-12-07,TO287,YES,00:00,23:59,
2025-12-09,BA203,YES,00:00,23:59,
2025-12-09,BA293,YES,00:00,23:59,
2025-12-09,BA304,YES,00:00,23:59,
2025-12-09,BA349,YES,00:00,23:59,
2025-12-09,DY001,YES,00:00,23:59,
2025-12-09,DY067,YES,00:00,23:59,
2025-12-09,DY105,YES,00:00,23:59,
2025-12-09,DY251,YES,00:00,23:59,
2025-12-09,DY331,YES,00:00,23:59,
2025-12-09,DY356,YES,00:00,23:59,
2025-12-09,DY380,YES,00:00,23:59,
2025-12-09,OH142,YES,00:00,23:59,
2025-12-09,OH214,NO,,,Breakdown
2025-12-09,OH311,YES,00:00,23:59,
2025-12-09,OH318,YES,00:00,23:59,
2025-12-09,RA155,YES,00:00,23:59,
2025-12-09,RA231,YES,00:00,23:59,
2025-12-09,RA340,YES,00:00,23:59,
2025-12-09,TA034,YES,00:00,23:59,
2025-12-09,TA075,YES,00:00,23:59,
2025-12-09,TA140,YES,00:00,23:59,
2025-12-09,TA211,YES,00:00,23:59,
2025-12-09,TA226,YES,00:00,23:59,
2025-12-09,TA229,YES,00:00,23:59,
2025-12-09,TO020,YES,00:00,23:59,
2025-12-09,TO030,NO,,,In Use Elsewhere
2025-12-09,TO330,YES,00:00,23:59,
2025-12-09,TO351,YES,00:00,23:59,
2025-12-10,BA058,YES,00:00,23:59,
2025-12-10,BA097,YES,00:00,23:59,
2025-12-10,DY045,YES,00:00,23:59,
2025-12-10,DY219,YES,00:00,23:59,
2025-12-10,OH050,YES,00:00,23:59,
2025-12-10,OH125,NO,,,Scheduled Maintenance
2025-12-10,OH158,YES,00:00,23:59,
2025-12-10,OH318,YES,00:00,23:59,
2025-12-10,OH384,YES,00:00,23:59,
2025-12-10,RA029,NO,,,Scheduled Maintenance
2025-12-10,RA156,YES,00:00,23:59,
2025-12-10,RA162,NO,,,In Use Elsewhere
2025-12-10,RA308,YES,00:00,23:59,
2025-12-10,RA340,YES,00:00,23:59,
2025-12-10,TA154,NO,,,In Use Elsewhere
2025-12-10,TA225,YES,00:00,23:59,
2025-12-10,TA226,YES,00:00,23:59,
2025-12-10,TO146,YES,00:00,23:59,
2025-12-10,TO250,NO,,,Breakdown
2025-12-10,TO258,YES,00:00,23:59,
2025-12-10,TO287,YES,00:00,23:59,
2025-12-12,BA110,YES,00:00,23:59,
2025-12-12,BA344,YES,00:00,23:59,
2025-12-12,BA393,YES,00:00,23:59,
2025-12-12,DY017,NO,,,In Use Elsewhere
2025-12-12,DY135,YES,00:00,23:59,
2025-12-12,DY169,YES,00:00,23:59,
2025-12-12,DY398,YES,00:00,23:59,
2025-12-12,OH006,YES,00:00,23:59,
2025-12-12,OH076,YES,00:00,23:59,
2025-12-12,OH088,NO,,,Scheduled Maintenance
2025-12-12,OH093,YES,00:00,23:59,
2025-12-12,OH182,YES,00:00,23:59,
2025-12-12,OH195,YES,00:00,23:59,
2025-12-12,OH390,YES,00:00,23:59,
2025-12-12,RA013,YES,00:00,23:59,
2025-12-12,RA268,YES,00:00,23:59,
2025-12-12,RA295,YES,00:00,23:59,
2025-12-12,RA388,YES,00:00,23:59,
2025-12-12,TA089,YES,00:00,23:59,
2025-12-12,TA212,YES,00:00,23:59,
2025-12-12,TO020,YES,00:00,23:59,
2025-12-12,TO033,YES,00:00,23:59,
2025-12-12,TO101,YES,00:00,23:59,
2025-12-12,TO187,YES,00:00,23:59,
2025-12-13,BA022,YES,00:00,23:59,
2025-12-13,BA102,YES,00:00,23:59,
2025-12-13,BA104,YES,00:00,23:59,
2025-12-13,DY045,YES,00:00,23:59,
2025-12-13,DY091,YES,00:00,23:59,
2025-12-13,DY133,NO,,,Scheduled Maintenance
2025-12-13,DY244,YES,00:00,23:59,
2025-12-13,DY321,NO,,,Breakdown
2025-12-13,OH072,YES,00:00,23:59,
2025-12-13,OH086,NO,,,Breakdown
2025-12-13,OH088,NO,,,Breakdown
2025-12-13,OH103,YES,00:00,23:59,
2025-12-13,OH366,YES,00:00,23:59,
2025-12-13,RA035,YES,00:00,23:59,
2025-12-13,RA048,YES,00:00,23:59,
2025-12-13,RA190,YES,00:00,23:59,
2025-12-13,RA231,YES,00:00,23:59,
2025-12-13,RA388,YES,00:00,23:59,
2025-12-13,TA150,YES,00:00,23:59,
2025-12-13,TO033,YES,00:00,23:59,
2025-12-13,TO256,YES,00:00,23:59,
2025-12-13,TO350,NO,,,Breakdown
2025-12-16,BA058,YES,00:00,23:59,
2025-12-16,BA128,NO,,,Breakdown
2025-12-16,BA159,YES,00:00,23:59,
2025-12-16,BA249,YES,00:00,23:59,
2025-12-16,BA266,YES,00:00,23:59,
2025-12-16,BA304,YES,00:00,23:59,
2025-12-16,BA324,YES,00:00,23:59,
2025-12-16,BA355,YES,00:00,23:59,
2025-12-16,DY040,YES,00:00,23:59,
2025-12-16,DY057,YES,00:00,23:59,
2025-12-16,DY224,NO,,,Breakdown
2025-12-16,DY281,YES,00:00,23:59,
2025-12-16,DY319,NO,,,Breakdown
2025-12-16,DY328,YES,00:00,23:59,
2025-12-16,OH130,YES,00:00,23:59,
2025-12-16,RA048,YES,00:00,23:59,
2025-12-16,RA162,YES,00:00,23:59,
2025-12-16,RA337,YES,00:00,23:59,
2025-12-16,RA340,YES,00:00,23:59,
2025-12-16,TA147,NO,,,In Use Elsewhere
2025-12-16,TA215,YES,00:00,23:59,
2025-12-16,TA394,YES,00:00,23:59,
2025-12-17,BA064,YES,00:00,23:59,
2025-12-17,BA127,YES,00:00,23:59,
2025-12-17,DY057,NO,,,Breakdown
2025-12-17,DY121,YES,00:00,23:59,
2025-12-17,DY194,YES,00:00,23:59,
2025-12-17,DY309,NO,,,Scheduled Maintenance
2025-12-17,DY374,YES,00:00,23:59,
2025-12-17,DY379,NO,,,Scheduled Maintenance
2025-12-17,OH191,YES,00:00,23:59,
2025-12-17,OH352,YES,00:00,23:59,
2025-12-17,RA162,YES,00:00,23:59,
2025-12-17,RA172,YES,00:00,23:59,
2025-12-17,RA231,YES,00:00,23:59,
2025-12-17,RA295,YES,00:00,23:59,
2025-12-17,RA354,NO,,,In Use Elsewhere
2025-12-17,TA005,YES,00:00,23:59,
2025-12-17,TA150,YES,00:00,23:59,
2025-12-17,TA211,YES,00:00,23:59,
2025-12-17,TA233,YES,00:00,23:59,
2025-12-17,TA282,YES,00:00,23:59,
2025-12-17,TA361,YES,00:00,23:59,
2025-12-17,TO260,NO,,,Scheduled Maintenance
2025-12-17,TO316,YES,00:00,23:59,
2025-12-19,BA104,YES,00:00,23:59,
2025-12-19,BA127,YES,00:00,23:59,
2025-12-19,BA128,YES,00:00,23:59,
2025-12-19,BA293,NO,,,In Use Elsewhere
2025-12-19,BA300,YES,00:00,23:59,
2025-12-19,BA344,NO,,,Scheduled Maintenance
2025-12-19,DY017,YES,00:00,23:59,
2025-12-19,DY124,YES,00:00,23:59,
2025-12-19,DY133,YES,00:00,23:59,
2025-12-19,DY141,NO,,,In Use Elsewhere
2025-12-19,DY152,YES,00:00,23:59,
2025-12-19,DY169,YES,00:00,23:59,
2025-12-19,DY201,YES,00:00,23:59,
2025-12-19,DY217,YES,00:00,23:59,
2025-12-19,DY321,YES,00:00,23:59,
2025-12-19,DY369,YES,00:00,23:59,
2025-12-19,OH080,YES,00:00,23:59,
2025-12-19,OH086,YES,00:00,23:59,
2025-12-19,OH103,YES,00:00,23:59,
2025-12-19,OH214,YES,00:00,23:59,
2025-12-19,OH372,YES,00:00,23:59,
2025-12-19,RA031,YES,00:00,23:59,
2025-12-19,RA087,YES,00:00,23:59,
2025-12-19,RA261,NO,,,Breakdown
2025-12-19,RA367,YES,00:00,23:59,
2025-12-19,TA226,YES,00:00,23:59,
2025-12-19,TA269,NO,,,In Use Elsewhere
2025-12-19,TO257,YES,00:00,23:59,
2025-12-19,TO317,YES,00:00,23:59,
2025-12-19,TO335,NO,,,Scheduled Maintenance
2025-12-19,TO364,NO,,,Breakdown
2025-12-20,BA153,YES,00:00,23:59,
2025-12-20,BA297,YES,00:00,23:59,
2025-12-20,DY055,NO,,,Scheduled Maintenance
2025-12-20,DY246,NO,,,In Use Elsewhere
2025-12-20,DY389,YES,00:00,23:59,
2025-12-20,OH221,NO,,,Breakdown
2025-12-20,OH301,YES,00:00,23:59,
2025-12-20,OH365,YES,00:00,23:59,
2025-12-20,RA164,YES,00:00,23:59,
2025-12-20,RA252,YES,00:00,23:59,
2025-12-20,RA277,YES,00:00,23:59,
2025-12-20,RA329,YES,00:00,23:59,
2025-12-20,RA370,YES,00:00,23:59,
2025-12-20,TA147,YES,00:00,23:59,
2025-12-20,TA220,YES,00:00,23:59,
2025-12-20,TO030,YES,00:00,23:59,
2025-12-21,BA094,YES,00:00,23:59,
2025-12-21,BA230,NO,,,Breakdown
2025-12-21,BA263,NO,,,Scheduled Maintenance
2025-12-21,BA393,YES,00:00,23:59,
2025-12-21,DY001,YES,00:00,23:59,
2025-12-21,DY045,YES,00:00,23:59,
2025-12-21,DY141,YES,00:00,23:59,
2025-12-21,DY281,YES,00:00,23:59,
2025-12-21,DY309,YES,00:00,23:59,
2025-12-21,DY327,YES,00:00,23:59,
2025-12-21,DY371,YES,00:00,23:59,
2025-12-21,OH007,YES,00:00,23:59,
2025-12-21,OH025,YES,00:00,23:59,
2025-12-21,OH026,YES,00:00,23:59,
2025-12-21,OH093,YES,00:00,23:59,
2025-12-21,OH294,YES,00:00,23:59,
2025-12-21,OH347,YES,00:00,23:59,
2025-12-21,RA204,YES,00:00,23:59,
2025-12-21,RA240,YES,00:00,23:59,
2025-12-21,RA337,YES,00:00,23:59,
2025-12-21,RA340,YES,00:00,23:59,
2025-12-21,TA068,YES,00:00,23:59,
2025-12-21,TA118,YES,00:00,23:59,
2025-12-21,TO009,YES,00:00,23:59,
2025-12-21,TO033,YES,00:00,23:59,
2025-12-24,BA079,YES,00:00,23:59,
2025-12-24,BA094,YES,00:00,23:59,
2025-12-24,BA095,YES,00:00,23:59,
2025-12-24,BA332,YES,00:00,23:59,
2025-12-24,DY169,YES,00:00,23:59,
2025-12-24,DY327,YES,00:00,23:59,
2025-12-24,OH006,NO,,,Breakdown
2025-12-24,OH025,YES,00:00,23:59,
2025-12-24,OH207,NO,,,In Use Elsewhere
2025-12-24,OH271,NO,,,In Use Elsewhere
2025-12-24,OH366,YES,00:00,23:59,
2025-12-24,RA081,NO,,,Breakdown
2025-12-24,RA085,YES,00:00,23:59,
2025-12-24,RA238,YES,00:00,23:59,
2025-12-24,RA354,YES,00:00,23:59,
2025-12-24,RA387,YES,00:00,23:59,
2025-12-24,TA068,YES,00:00,23:59,
2025-12-24,TA107,YES,00:00,23:59,
2025-12-24,TA225,YES,00:00,23:59,
2025-12-24,TO326,YES,00:00,23:59,
2025-12-26,BA153,YES,00:00,23:59,
2025-12-26,BA293,YES,00:00,23:59,
2025-12-26,DY105,YES,00:00,23:59,
2025-12-26,DY180,YES,00:00,23:59,
2025-12-26,DY219,YES,00:00,23:59,
2025-12-26,DY319,YES,00:00,23:59,
2025-12-26,DY392,YES,00:00,23:59,
2025-12-26,OH343,YES,00:00,23:59,
2025-12-26,RA085,YES,00:00,23:59,
2025-12-26,RA114,YES,00:00,23:59,
2025-12-26,RA177,YES,00:00,23:59,
2025-12-26,RA231,YES,00:00,23:59,
2025-12-26,RA295,YES,00:00,23:59,
2025-12-26,RA397,NO,,,In Use Elsewhere
2025-12-26,TA089,YES,00:00,23:59,
2025-12-26,TA150,YES,00:00,23:59,
2025-12-26,TA396,YES,00:00,23:59,
2025-12-26,TO020,YES,00:00,23:59,
2025-12-26,TO100,YES,00:00,23:59,
2025-12-27,BA084,YES,00:00,23:59,
2025-12-27,BA097,YES,00:00,23:59,
2025-12-27,BA110,YES,00:00,23:59,
2025-12-27,BA117,YES,00:00,23:59,
2025-12-27,BA144,YES,00:00,23:59,
2025-12-27,BA209,YES,00:00,23:59,
2025-12-27,BA247,YES,00:00,23:59,
2025-12-27,BA293,YES,00:00,23:59,
2025-12-27,DY169,YES,00:00,23:59,
2025-12-27,OH007,YES,00:00,23:59,
2025-12-27,OH052,NO,,,Breakdown
2025-12-27,OH213,YES,00:00,23:59,
2025-12-27,RA136,YES,00:00,23:59,
2025-12-27,RA252,YES,00:00,23:59,
2025-12-27,RA339,YES,00:00,23:59,
2025-12-27,TO020,YES,00:00,23:59,
2025-12-27,TO033,YES,00:00,23:59,
2025-12-27,TO100,YES,00:00,23:59,
2025-12-29,BA203,YES,00:00,23:59,
2025-12-29,BA209,YES,00:00,23:59,
2025-12-29,BA377,NO,,,In Use Elsewhere
2025-12-29,DY057,YES,00:00,23:59,
2025-12-29,DY090,YES,00:00,23:59,
2025-12-29,DY157,YES,00:00,23:59,
2025-12-29,DY184,YES,00:00,23:59,
2025-12-29,DY216,NO,,,Scheduled Maintenance
2025-12-29,OH076,YES,00:00,23:59,
2025-12-29,OH082,YES,00:00,23:59,
2025-12-29,OH239,YES,00:00,23:59,
2025-12-29,OH270,YES,00:00,23:59,
2025-12-29,OH395,YES,00:00,23:59,
2025-12-29,RA155,NO,,,Scheduled Maintenance
2025-12-29,RA340,YES,00:00,23:59,
2025-12-29,RA370,NO,,,Scheduled Maintenance
2025-12-29,TA065,NO,,,Scheduled Maintenance
2025-12-29,TO123,YES,00:00,23:59,
